{
    "counter": {
        "ACTIVE": 11105,
        "INACTIVE": 1,
        "INVALID": 0,
        "MALICIOUS": 0,
        "SANE": 0,
        "VALID": 0,
        "total": 11106
    },
    "percentage": {
        "ACTIVE": 99.99099585809472,
        "INACTIVE": 0.01226391954868776,
        "INVALID": 0,
        "MALICIOUS": 0,
        "SANE": 0,
        "VALID": 0,
        "total": 100.00325977764341
    }
}