{
    "counter": {
        "ACTIVE": 14004,
        "INACTIVE": 10,
        "INVALID": 0,
        "MALICIOUS": 0,
        "SANE": 0,
        "VALID": 0,
        "total": 14014
    },
    "percentage": {
        "ACTIVE": 99.92864278578564,
        "INACTIVE": 0.13449899125756556,
        "INVALID": 0,
        "MALICIOUS": 0,
        "SANE": 0,
        "VALID": 0,
        "total": 100.0631417770432
    }
}