{
    "counter": {
        "ACTIVE": 10887,
        "INACTIVE": 2,
        "INVALID": 0,
        "MALICIOUS": 0,
        "SANE": 0,
        "VALID": 0,
        "total": 10889
    },
    "percentage": {
        "ACTIVE": 99.98163284048123,
        "INACTIVE": 0.03471017007983339,
        "INVALID": 0,
        "MALICIOUS": 0,
        "SANE": 0,
        "VALID": 0,
        "total": 100.01634301056106
    }
}