{
    "counter": {
        "ACTIVE": 2456,
        "INACTIVE": 2,
        "INVALID": 0,
        "MALICIOUS": 0,
        "SANE": 0,
        "VALID": 0,
        "total": 2458
    },
    "percentage": {
        "ACTIVE": 99.91863303498779,
        "INACTIVE": 0.11614401858304298,
        "INVALID": 0,
        "MALICIOUS": 0,
        "SANE": 0,
        "VALID": 0,
        "total": 100.03477705357083
    }
}