{
    "counter": {
        "ACTIVE": 13858,
        "INACTIVE": 3,
        "INVALID": 0,
        "MALICIOUS": 0,
        "SANE": 0,
        "VALID": 0,
        "total": 13861
    },
    "percentage": {
        "ACTIVE": 99.97835653993218,
        "INACTIVE": 0.08027829810008028,
        "INVALID": 0,
        "MALICIOUS": 0,
        "SANE": 0,
        "VALID": 0,
        "total": 100.05863483803226
    }
}