{
    "counter": {
        "ACTIVE": 11800,
        "INACTIVE": 9,
        "INVALID": 0,
        "MALICIOUS": 0,
        "SANE": 0,
        "VALID": 0,
        "total": 11809
    },
    "percentage": {
        "ACTIVE": 99.92378694216276,
        "INACTIVE": 0.11322178890426468,
        "INVALID": 0,
        "MALICIOUS": 0,
        "SANE": 0,
        "VALID": 0,
        "total": 100.03700873106703
    }
}