{
    "counter": {
        "ACTIVE": 221464,
        "INACTIVE": 13,
        "INVALID": 0,
        "MALICIOUS": 0,
        "SANE": 0,
        "VALID": 0,
        "total": 221477
    },
    "percentage": {
        "ACTIVE": 99.99413031601476,
        "INACTIVE": 0.010932086514850819,
        "INVALID": 0,
        "MALICIOUS": 0,
        "SANE": 0,
        "VALID": 0,
        "total": 100.00506240252962
    }
}