{
    "counter": {
        "ACTIVE": 1834,
        "INACTIVE": 2,
        "INVALID": 0,
        "MALICIOUS": 0,
        "SANE": 0,
        "VALID": 0,
        "total": 1836
    },
    "percentage": {
        "ACTIVE": 99.89106753812636,
        "INACTIVE": 0.11614401858304298,
        "INVALID": 0,
        "MALICIOUS": 0,
        "SANE": 0,
        "VALID": 0,
        "total": 100.00721155670941
    }
}