{
    "counter": {
        "ACTIVE": 16252,
        "INACTIVE": 8,
        "INVALID": 0,
        "MALICIOUS": 0,
        "SANE": 0,
        "VALID": 0,
        "total": 16260
    },
    "percentage": {
        "ACTIVE": 99.95079950799509,
        "INACTIVE": 0.05181347150259067,
        "INVALID": 0,
        "MALICIOUS": 0,
        "SANE": 0,
        "VALID": 0,
        "total": 100.00261297949767
    }
}