{
    "counter": {
        "ACTIVE": 16488,
        "INACTIVE": 32,
        "INVALID": 0,
        "MALICIOUS": 0,
        "SANE": 0,
        "VALID": 0,
        "total": 16520
    },
    "percentage": {
        "ACTIVE": 99.80629539951573,
        "INACTIVE": 0.2056819642627587,
        "INVALID": 0,
        "MALICIOUS": 0,
        "SANE": 0,
        "VALID": 0,
        "total": 100.01197736377848
    }
}