{
    "counter": {
        "ACTIVE": 14051,
        "INACTIVE": 6,
        "INVALID": 0,
        "MALICIOUS": 0,
        "SANE": 0,
        "VALID": 0,
        "total": 14057
    },
    "percentage": {
        "ACTIVE": 99.95731663939674,
        "INACTIVE": 0.04785452225235285,
        "INVALID": 0,
        "MALICIOUS": 0,
        "SANE": 0,
        "VALID": 0,
        "total": 100.00517116164909
    }
}