{
    "counter": {
        "ACTIVE": 2648,
        "INACTIVE": 1,
        "INVALID": 0,
        "MALICIOUS": 0,
        "SANE": 0,
        "VALID": 0,
        "total": 2649
    },
    "percentage": {
        "ACTIVE": 99.96224990562476,
        "INACTIVE": 0.5555555555555556,
        "INVALID": 0,
        "MALICIOUS": 0,
        "SANE": 0,
        "VALID": 0,
        "total": 100.51780546118032
    }
}