{
    "counter": {
        "ACTIVE": 9677,
        "INACTIVE": 9,
        "INVALID": 0,
        "MALICIOUS": 0,
        "SANE": 0,
        "VALID": 0,
        "total": 9686
    },
    "percentage": {
        "ACTIVE": 99.90708238695024,
        "INACTIVE": 0.11322178890426468,
        "INVALID": 0,
        "MALICIOUS": 0,
        "SANE": 0,
        "VALID": 0,
        "total": 100.0203041758545
    }
}