{
    "counter": {
        "ACTIVE": 263328,
        "INACTIVE": 14,
        "INVALID": 0,
        "MALICIOUS": 0,
        "SANE": 0,
        "VALID": 0,
        "total": 263342
    },
    "percentage": {
        "ACTIVE": 99.99468371927,
        "INACTIVE": 0.006299212598425197,
        "INVALID": 0,
        "MALICIOUS": 0,
        "SANE": 0,
        "VALID": 0,
        "total": 100.00098293186842
    }
}