{
    "counter": {
        "ACTIVE": 10511,
        "INACTIVE": 27,
        "INVALID": 0,
        "MALICIOUS": 0,
        "SANE": 0,
        "VALID": 0,
        "total": 10538
    },
    "percentage": {
        "ACTIVE": 99.74378439931675,
        "INACTIVE": 0.287662476028127,
        "INVALID": 0,
        "MALICIOUS": 0,
        "SANE": 0,
        "VALID": 0,
        "total": 100.03144687534488
    }
}