{
    "counter": {
        "ACTIVE": 15718,
        "INACTIVE": 24,
        "INVALID": 0,
        "MALICIOUS": 0,
        "SANE": 0,
        "VALID": 0,
        "total": 15742
    },
    "percentage": {
        "ACTIVE": 99.84754160843603,
        "INACTIVE": 0.152458391563969,
        "INVALID": 0.0,
        "MALICIOUS": 0.0,
        "SANE": 0.0,
        "VALID": 0.0,
        "total": 100.0
    }
}