{
    "counter": {
        "ACTIVE": 15956,
        "INACTIVE": 5,
        "INVALID": 0,
        "MALICIOUS": 0,
        "SANE": 0,
        "VALID": 0,
        "total": 15961
    },
    "percentage": {
        "ACTIVE": 99.96867364200239,
        "INACTIVE": 0.05283178360101437,
        "INVALID": 0,
        "MALICIOUS": 0,
        "SANE": 0,
        "VALID": 0,
        "total": 100.0215054256034
    }
}