{
    "counter": {
        "ACTIVE": 12740,
        "INACTIVE": 57,
        "INVALID": 0,
        "MALICIOUS": 0,
        "SANE": 0,
        "VALID": 0,
        "total": 12797
    },
    "percentage": {
        "ACTIVE": 99.55458310541533,
        "INACTIVE": 0.4637539663168172,
        "INVALID": 0,
        "MALICIOUS": 0,
        "SANE": 0,
        "VALID": 0,
        "total": 100.01833707173215
    }
}