{
    "counter": {
        "ACTIVE": 10315,
        "INACTIVE": 13,
        "INVALID": 0,
        "MALICIOUS": 0,
        "SANE": 0,
        "VALID": 0,
        "total": 10328
    },
    "percentage": {
        "ACTIVE": 99.8741285824942,
        "INACTIVE": 0.27213732468076196,
        "INVALID": 0,
        "MALICIOUS": 0,
        "SANE": 0,
        "VALID": 0,
        "total": 100.14626590717495
    }
}