{
    "counter": {
        "ACTIVE": 12848,
        "INACTIVE": 7,
        "INVALID": 0,
        "MALICIOUS": 0,
        "SANE": 0,
        "VALID": 0,
        "total": 12855
    },
    "percentage": {
        "ACTIVE": 99.94554647996888,
        "INACTIVE": 0.05616625210623445,
        "INVALID": 0,
        "MALICIOUS": 0,
        "SANE": 0,
        "VALID": 0,
        "total": 100.00171273207512
    }
}