{
    "counter": {
        "ACTIVE": 17136,
        "INACTIVE": 555,
        "INVALID": 0,
        "MALICIOUS": 0,
        "SANE": 0,
        "VALID": 0,
        "total": 17691
    },
    "percentage": {
        "ACTIVE": 96.86281159911819,
        "INACTIVE": 3.162032816773017,
        "INVALID": 0,
        "MALICIOUS": 0,
        "SANE": 0,
        "VALID": 0,
        "total": 100.02484441589121
    }
}