{
    "counter": {
        "ACTIVE": 14783,
        "INACTIVE": 2,
        "INVALID": 0,
        "MALICIOUS": 0,
        "SANE": 0,
        "VALID": 0,
        "total": 14785
    },
    "percentage": {
        "ACTIVE": 99.98647277646263,
        "INACTIVE": 0.017627357659086903,
        "INVALID": 0,
        "MALICIOUS": 0,
        "SANE": 0,
        "VALID": 0,
        "total": 100.00410013412171
    }
}