{
    "counter": {
        "ACTIVE": 15918,
        "INACTIVE": 4,
        "INVALID": 0,
        "MALICIOUS": 0,
        "SANE": 0,
        "VALID": 0,
        "total": 15922
    },
    "percentage": {
        "ACTIVE": 99.97487752794875,
        "INACTIVE": 0.03021376236875897,
        "INVALID": 0,
        "MALICIOUS": 0,
        "SANE": 0,
        "VALID": 0,
        "total": 100.00509129031751
    }
}