{
    "counter": {
        "ACTIVE": 13559,
        "INACTIVE": 1,
        "INVALID": 0,
        "MALICIOUS": 0,
        "SANE": 0,
        "VALID": 0,
        "total": 13560
    },
    "percentage": {
        "ACTIVE": 99.99262536873157,
        "INACTIVE": 0.013933398355858995,
        "INVALID": 0,
        "MALICIOUS": 0,
        "SANE": 0,
        "VALID": 0,
        "total": 100.00655876708743
    }
}