{
    "counter": {
        "ACTIVE": 15080,
        "INACTIVE": 13,
        "INVALID": 0,
        "MALICIOUS": 0,
        "SANE": 0,
        "VALID": 0,
        "total": 15093
    },
    "percentage": {
        "ACTIVE": 99.91386735572782,
        "INACTIVE": 0.08839328211055959,
        "INVALID": 0,
        "MALICIOUS": 0,
        "SANE": 0,
        "VALID": 0,
        "total": 100.00226063783838
    }
}