{
    "counter": {
        "ACTIVE": 4328,
        "INACTIVE": 15,
        "INVALID": 0,
        "MALICIOUS": 0,
        "SANE": 0,
        "VALID": 0,
        "total": 4343
    },
    "percentage": {
        "ACTIVE": 99.65461662445314,
        "INACTIVE": 0.36302032913843174,
        "INVALID": 0,
        "MALICIOUS": 0,
        "SANE": 0,
        "VALID": 0,
        "total": 100.01763695359158
    }
}