{
    "counter": {
        "ACTIVE": 16057,
        "INACTIVE": 8,
        "INVALID": 0,
        "MALICIOUS": 0,
        "SANE": 0,
        "VALID": 0,
        "total": 16065
    },
    "percentage": {
        "ACTIVE": 99.95020230314348,
        "INACTIVE": 0.049872202481142075,
        "INVALID": 0,
        "MALICIOUS": 0,
        "SANE": 0,
        "VALID": 0,
        "total": 100.00007450562462
    }
}