{
    "counter": {
        "ACTIVE": 15749,
        "INACTIVE": 14,
        "INVALID": 0,
        "MALICIOUS": 0,
        "SANE": 0,
        "VALID": 0,
        "total": 15763
    },
    "percentage": {
        "ACTIVE": 99.91118441920955,
        "INACTIVE": 0.1158173395102581,
        "INVALID": 0,
        "MALICIOUS": 0,
        "SANE": 0,
        "VALID": 0,
        "total": 100.0270017587198
    }
}