{
    "counter": {
        "ACTIVE": 14041,
        "INACTIVE": 32,
        "INVALID": 0,
        "MALICIOUS": 0,
        "SANE": 0,
        "VALID": 0,
        "total": 14073
    },
    "percentage": {
        "ACTIVE": 99.7726142258225,
        "INACTIVE": 0.274796049806784,
        "INVALID": 0,
        "MALICIOUS": 0,
        "SANE": 0,
        "VALID": 0,
        "total": 100.04741027562928
    }
}