{
    "counter": {
        "ACTIVE": 16118,
        "INACTIVE": 6,
        "INVALID": 0,
        "MALICIOUS": 0,
        "SANE": 0,
        "VALID": 0,
        "total": 16124
    },
    "percentage": {
        "ACTIVE": 99.96278838997767,
        "INACTIVE": 0.0374859427714607,
        "INVALID": 0,
        "MALICIOUS": 0,
        "SANE": 0,
        "VALID": 0,
        "total": 100.00027433274913
    }
}