{
    "counter": {
        "ACTIVE": 16721,
        "INACTIVE": 458,
        "INVALID": 0,
        "MALICIOUS": 0,
        "SANE": 0,
        "VALID": 0,
        "total": 17179
    },
    "percentage": {
        "ACTIVE": 97.3339542464637,
        "INACTIVE": 2.7804759592034967,
        "INVALID": 0,
        "MALICIOUS": 0,
        "SANE": 0,
        "VALID": 0,
        "total": 100.1144302056672
    }
}