{
    "counter": {
        "ACTIVE": 12598,
        "INACTIVE": 9,
        "INVALID": 0,
        "MALICIOUS": 0,
        "SANE": 0,
        "VALID": 0,
        "total": 12607
    },
    "percentage": {
        "ACTIVE": 99.92861108907749,
        "INACTIVE": 0.11322178890426468,
        "INVALID": 0,
        "MALICIOUS": 0,
        "SANE": 0,
        "VALID": 0,
        "total": 100.04183287798176
    }
}