{
    "counter": {
        "ACTIVE": 9471,
        "INACTIVE": 2,
        "INVALID": 0,
        "MALICIOUS": 0,
        "SANE": 0,
        "VALID": 0,
        "total": 9473
    },
    "percentage": {
        "ACTIVE": 99.97888736408741,
        "INACTIVE": 0.023258518432375856,
        "INVALID": 0,
        "MALICIOUS": 0,
        "SANE": 0,
        "VALID": 0,
        "total": 100.00214588251978
    }
}