{
    "counter": {
        "ACTIVE": 15889,
        "INACTIVE": 37,
        "INVALID": 0,
        "MALICIOUS": 0,
        "SANE": 0,
        "VALID": 0,
        "total": 15926
    },
    "percentage": {
        "ACTIVE": 99.76767549918372,
        "INACTIVE": 0.285010013865352,
        "INVALID": 0,
        "MALICIOUS": 0,
        "SANE": 0,
        "VALID": 0,
        "total": 100.05268551304907
    }
}