{
    "counter": {
        "ACTIVE": 6167,
        "INACTIVE": 5,
        "INVALID": 0,
        "MALICIOUS": 0,
        "SANE": 0,
        "VALID": 0,
        "total": 6172
    },
    "percentage": {
        "ACTIVE": 99.91898898250162,
        "INACTIVE": 0.10070493454179255,
        "INVALID": 0,
        "MALICIOUS": 0,
        "SANE": 0,
        "VALID": 0,
        "total": 100.01969391704341
    }
}