{
    "counter": {
        "ACTIVE": 14632,
        "INACTIVE": 5,
        "INVALID": 0,
        "MALICIOUS": 0,
        "SANE": 0,
        "VALID": 0,
        "total": 14637
    },
    "percentage": {
        "ACTIVE": 99.9658399945344,
        "INACTIVE": 0.03467646854844303,
        "INVALID": 0,
        "MALICIOUS": 0,
        "SANE": 0,
        "VALID": 0,
        "total": 100.00051646308285
    }
}