{
    "counter": {
        "ACTIVE": 10306,
        "INACTIVE": 37,
        "INVALID": 0,
        "MALICIOUS": 0,
        "SANE": 0,
        "VALID": 0,
        "total": 10343
    },
    "percentage": {
        "ACTIVE": 99.64227013439042,
        "INACTIVE": 0.39580658964484383,
        "INVALID": 0,
        "MALICIOUS": 0,
        "SANE": 0,
        "VALID": 0,
        "total": 100.03807672403526
    }
}