{
    "counter": {
        "ACTIVE": 14250,
        "INACTIVE": 34,
        "INVALID": 0,
        "MALICIOUS": 0,
        "SANE": 0,
        "VALID": 0,
        "total": 14284
    },
    "percentage": {
        "ACTIVE": 99.7619714365724,
        "INACTIVE": 0.2466449038810301,
        "INVALID": 0,
        "MALICIOUS": 0,
        "SANE": 0,
        "VALID": 0,
        "total": 100.00861634045343
    }
}