{
    "counter": {
        "ACTIVE": 14055,
        "INACTIVE": 2,
        "INVALID": 0,
        "MALICIOUS": 0,
        "SANE": 0,
        "VALID": 0,
        "total": 14057
    },
    "percentage": {
        "ACTIVE": 99.98577221313225,
        "INACTIVE": 0.017627357659086903,
        "INVALID": 0,
        "MALICIOUS": 0,
        "SANE": 0,
        "VALID": 0,
        "total": 100.00339957079133
    }
}