{
    "counter": {
        "ACTIVE": 18830,
        "INACTIVE": 3,
        "INVALID": 0,
        "MALICIOUS": 0,
        "SANE": 0,
        "VALID": 0,
        "total": 18833
    },
    "percentage": {
        "ACTIVE": 99.98407051452239,
        "INACTIVE": 0.015929485477619073,
        "INVALID": 0.0,
        "MALICIOUS": 0.0,
        "SANE": 0.0,
        "VALID": 0.0,
        "total": 100.0
    }
}