{
    "counter": {
        "ACTIVE": 11615,
        "INACTIVE": 24,
        "INVALID": 0,
        "MALICIOUS": 0,
        "SANE": 0,
        "VALID": 0,
        "total": 11639
    },
    "percentage": {
        "ACTIVE": 99.79379671793109,
        "INACTIVE": 0.20671834625322996,
        "INVALID": 0,
        "MALICIOUS": 0,
        "SANE": 0,
        "VALID": 0,
        "total": 100.00051506418431
    }
}