{
    "counter": {
        "ACTIVE": 10947,
        "INACTIVE": 3,
        "INVALID": 0,
        "MALICIOUS": 0,
        "SANE": 0,
        "VALID": 0,
        "total": 10950
    },
    "percentage": {
        "ACTIVE": 99.97260273972603,
        "INACTIVE": 0.04013914905004014,
        "INVALID": 0,
        "MALICIOUS": 0,
        "SANE": 0,
        "VALID": 0,
        "total": 100.01274188877606
    }
}