{
    "counter": {
        "ACTIVE": 125750,
        "INACTIVE": 13,
        "INVALID": 0,
        "MALICIOUS": 0,
        "SANE": 0,
        "VALID": 0,
        "total": 125763
    },
    "percentage": {
        "ACTIVE": 99.98966309645921,
        "INACTIVE": 0.010932086514850819,
        "INVALID": 0,
        "MALICIOUS": 0,
        "SANE": 0,
        "VALID": 0,
        "total": 100.00059518297407
    }
}