{
    "counter": {
        "ACTIVE": 16871,
        "INACTIVE": 35,
        "INVALID": 0,
        "MALICIOUS": 0,
        "SANE": 0,
        "VALID": 0,
        "total": 16906
    },
    "percentage": {
        "ACTIVE": 99.79297290902637,
        "INACTIVE": 0.2178649237472767,
        "INVALID": 0,
        "MALICIOUS": 0,
        "SANE": 0,
        "VALID": 0,
        "total": 100.01083783277365
    }
}