{
    "counter": {
        "ACTIVE": 18837,
        "INACTIVE": 11,
        "INVALID": 0,
        "MALICIOUS": 0,
        "SANE": 0,
        "VALID": 0,
        "total": 18848
    },
    "percentage": {
        "ACTIVE": 99.94163837011885,
        "INACTIVE": 0.0583616298811545,
        "INVALID": 0.0,
        "MALICIOUS": 0.0,
        "SANE": 0.0,
        "VALID": 0.0,
        "total": 100.0
    }
}