{
    "counter": {
        "ACTIVE": 2068,
        "INACTIVE": 1,
        "INVALID": 0,
        "MALICIOUS": 0,
        "SANE": 0,
        "VALID": 0,
        "total": 2069
    },
    "percentage": {
        "ACTIVE": 99.9516674722088,
        "INACTIVE": 0.1545595054095827,
        "INVALID": 0,
        "MALICIOUS": 0,
        "SANE": 0,
        "VALID": 0,
        "total": 100.10622697761838
    }
}