{
    "counter": {
        "ACTIVE": 4124,
        "INACTIVE": 9,
        "INVALID": 0,
        "MALICIOUS": 0,
        "SANE": 0,
        "VALID": 0,
        "total": 4133
    },
    "percentage": {
        "ACTIVE": 99.7822405032664,
        "INACTIVE": 0.2459016393442623,
        "INVALID": 0,
        "MALICIOUS": 0,
        "SANE": 0,
        "VALID": 0,
        "total": 100.02814214261066
    }
}