{
    "counter": {
        "ACTIVE": 10828,
        "INACTIVE": 5,
        "INVALID": 0,
        "MALICIOUS": 0,
        "SANE": 0,
        "VALID": 0,
        "total": 10833
    },
    "percentage": {
        "ACTIVE": 99.95384473368411,
        "INACTIVE": 0.066711140760507,
        "INVALID": 0,
        "MALICIOUS": 0,
        "SANE": 0,
        "VALID": 0,
        "total": 100.02055587444461
    }
}