{
    "counter": {
        "ACTIVE": 12408,
        "INACTIVE": 14,
        "INVALID": 0,
        "MALICIOUS": 0,
        "SANE": 0,
        "VALID": 0,
        "total": 12422
    },
    "percentage": {
        "ACTIVE": 99.88729673160522,
        "INACTIVE": 0.1158173395102581,
        "INVALID": 0,
        "MALICIOUS": 0,
        "SANE": 0,
        "VALID": 0,
        "total": 100.00311407111548
    }
}