{
    "counter": {
        "ACTIVE": 14121,
        "INACTIVE": 5,
        "INVALID": 0,
        "MALICIOUS": 0,
        "SANE": 0,
        "VALID": 0,
        "total": 14126
    },
    "percentage": {
        "ACTIVE": 99.96460427580348,
        "INACTIVE": 0.07347538574577517,
        "INVALID": 0,
        "MALICIOUS": 0,
        "SANE": 0,
        "VALID": 0,
        "total": 100.03807966154926
    }
}