{
    "counter": {
        "ACTIVE": 13364,
        "INACTIVE": 32,
        "INVALID": 0,
        "MALICIOUS": 0,
        "SANE": 0,
        "VALID": 0,
        "total": 13396
    },
    "percentage": {
        "ACTIVE": 99.76112272320096,
        "INACTIVE": 0.2461159821565913,
        "INVALID": 0,
        "MALICIOUS": 0,
        "SANE": 0,
        "VALID": 0,
        "total": 100.00723870535755
    }
}