{
    "counter": {
        "ACTIVE": 15484,
        "INACTIVE": 27,
        "INVALID": 0,
        "MALICIOUS": 0,
        "SANE": 0,
        "VALID": 0,
        "total": 15511
    },
    "percentage": {
        "ACTIVE": 99.82592998517181,
        "INACTIVE": 0.17960486928756736,
        "INVALID": 0,
        "MALICIOUS": 0,
        "SANE": 0,
        "VALID": 0,
        "total": 100.00553485445938
    }
}