{
    "counter": {
        "ACTIVE": 15336,
        "INACTIVE": 3,
        "INVALID": 0,
        "MALICIOUS": 0,
        "SANE": 0,
        "VALID": 0,
        "total": 15339
    },
    "percentage": {
        "ACTIVE": 99.98044201056132,
        "INACTIVE": 0.08027829810008028,
        "INVALID": 0,
        "MALICIOUS": 0,
        "SANE": 0,
        "VALID": 0,
        "total": 100.0607203086614
    }
}