{
    "counter": {
        "ACTIVE": 13424,
        "INACTIVE": 13,
        "INVALID": 0,
        "MALICIOUS": 0,
        "SANE": 0,
        "VALID": 0,
        "total": 13437
    },
    "percentage": {
        "ACTIVE": 99.90325221403587,
        "INACTIVE": 0.11139674378748929,
        "INVALID": 0,
        "MALICIOUS": 0,
        "SANE": 0,
        "VALID": 0,
        "total": 100.01464895782337
    }
}