{
    "counter": {
        "ACTIVE": 210156,
        "INACTIVE": 13,
        "INVALID": 0,
        "MALICIOUS": 0,
        "SANE": 0,
        "VALID": 0,
        "total": 210169
    },
    "percentage": {
        "ACTIVE": 99.99381450166295,
        "INACTIVE": 0.010932086514850819,
        "INVALID": 0,
        "MALICIOUS": 0,
        "SANE": 0,
        "VALID": 0,
        "total": 100.00474658817781
    }
}