{
    "counter": {
        "ACTIVE": 121706,
        "INACTIVE": 13,
        "INVALID": 0,
        "MALICIOUS": 0,
        "SANE": 0,
        "VALID": 0,
        "total": 121719
    },
    "percentage": {
        "ACTIVE": 99.98931966250133,
        "INACTIVE": 0.010932086514850819,
        "INVALID": 0,
        "MALICIOUS": 0,
        "SANE": 0,
        "VALID": 0,
        "total": 100.00025174901619
    }
}