{
    "counter": {
        "ACTIVE": 16758,
        "INACTIVE": 7,
        "INVALID": 0,
        "MALICIOUS": 0,
        "SANE": 0,
        "VALID": 0,
        "total": 16765
    },
    "percentage": {
        "ACTIVE": 99.95824634655533,
        "INACTIVE": 0.05328867235079172,
        "INVALID": 0,
        "MALICIOUS": 0,
        "SANE": 0,
        "VALID": 0,
        "total": 100.01153501890612
    }
}