{
    "counter": {
        "ACTIVE": 15693,
        "INACTIVE": 24,
        "INVALID": 0,
        "MALICIOUS": 0,
        "SANE": 0,
        "VALID": 0,
        "total": 15717
    },
    "percentage": {
        "ACTIVE": 99.84729910288223,
        "INACTIVE": 0.16230472712517752,
        "INVALID": 0,
        "MALICIOUS": 0,
        "SANE": 0,
        "VALID": 0,
        "total": 100.0096038300074
    }
}