{
    "counter": {
        "ACTIVE": 16384,
        "INACTIVE": 24,
        "INVALID": 0,
        "MALICIOUS": 0,
        "SANE": 0,
        "VALID": 0,
        "total": 16408
    },
    "percentage": {
        "ACTIVE": 99.85372988785959,
        "INACTIVE": 0.1462790272444688,
        "INVALID": 0,
        "MALICIOUS": 0,
        "SANE": 0,
        "VALID": 0,
        "total": 100.00000891510406
    }
}