{
    "counter": {
        "ACTIVE": 11912,
        "INACTIVE": 25,
        "INVALID": 0,
        "MALICIOUS": 0,
        "SANE": 0,
        "VALID": 0,
        "total": 11937
    },
    "percentage": {
        "ACTIVE": 99.79056714417358,
        "INACTIVE": 0.21240441801189464,
        "INVALID": 0,
        "MALICIOUS": 0,
        "SANE": 0,
        "VALID": 0,
        "total": 100.00297156218548
    }
}