{
    "counter": {
        "ACTIVE": 15217,
        "INACTIVE": 7,
        "INVALID": 0,
        "MALICIOUS": 0,
        "SANE": 0,
        "VALID": 0,
        "total": 15224
    },
    "percentage": {
        "ACTIVE": 99.95401996847083,
        "INACTIVE": 0.048641512056146204,
        "INVALID": 0,
        "MALICIOUS": 0,
        "SANE": 0,
        "VALID": 0,
        "total": 100.00266148052698
    }
}