{
    "counter": {
        "ACTIVE": 293560,
        "INACTIVE": 36,
        "INVALID": 1,
        "MALICIOUS": 0,
        "SANE": 0,
        "VALID": 0,
        "total": 293597
    },
    "percentage": {
        "ACTIVE": 99.9873976913933,
        "INACTIVE": 0.1837953744830755,
        "INVALID": 0.010577533319229955,
        "MALICIOUS": 0,
        "SANE": 0,
        "VALID": 0,
        "total": 100.1817705991956
    }
}