{
    "counter": {
        "ACTIVE": 31251,
        "INACTIVE": 9,
        "INVALID": 0,
        "MALICIOUS": 0,
        "SANE": 0,
        "VALID": 0,
        "total": 31260
    },
    "percentage": {
        "ACTIVE": 99.97120921305182,
        "INACTIVE": 0.03349959056055982,
        "INVALID": 0,
        "MALICIOUS": 0,
        "SANE": 0,
        "VALID": 0,
        "total": 100.00470880361239
    }
}