{
    "counter": {
        "ACTIVE": 15717,
        "INACTIVE": 10,
        "INVALID": 0,
        "MALICIOUS": 0,
        "SANE": 0,
        "VALID": 0,
        "total": 15727
    },
    "percentage": {
        "ACTIVE": 99.93641508234246,
        "INACTIVE": 0.0639386189258312,
        "INVALID": 0,
        "MALICIOUS": 0,
        "SANE": 0,
        "VALID": 0,
        "total": 100.0003537012683
    }
}