{
    "counter": {
        "ACTIVE": 17008,
        "INACTIVE": 60,
        "INVALID": 0,
        "MALICIOUS": 0,
        "SANE": 0,
        "VALID": 0,
        "total": 17068
    },
    "percentage": {
        "ACTIVE": 99.64846496367471,
        "INACTIVE": 0.37007339789058163,
        "INVALID": 0,
        "MALICIOUS": 0,
        "SANE": 0,
        "VALID": 0,
        "total": 100.01853836156529
    }
}