{
    "counter": {
        "ACTIVE": 13984,
        "INACTIVE": 37,
        "INVALID": 0,
        "MALICIOUS": 0,
        "SANE": 0,
        "VALID": 0,
        "total": 14021
    },
    "percentage": {
        "ACTIVE": 99.73611012053348,
        "INACTIVE": 0.285010013865352,
        "INVALID": 0,
        "MALICIOUS": 0,
        "SANE": 0,
        "VALID": 0,
        "total": 100.02112013439883
    }
}