{
    "counter": {
        "ACTIVE": 16062,
        "INACTIVE": 33,
        "INVALID": 0,
        "MALICIOUS": 0,
        "SANE": 0,
        "VALID": 0,
        "total": 16095
    },
    "percentage": {
        "ACTIVE": 99.79496738117427,
        "INACTIVE": 0.20683171419617674,
        "INVALID": 0,
        "MALICIOUS": 0,
        "SANE": 0,
        "VALID": 0,
        "total": 100.00179909537044
    }
}