{
    "counter": {
        "ACTIVE": 3141,
        "INACTIVE": 5,
        "INVALID": 0,
        "MALICIOUS": 0,
        "SANE": 0,
        "VALID": 0,
        "total": 3146
    },
    "percentage": {
        "ACTIVE": 99.8410680228862,
        "INACTIVE": 0.21404109589041095,
        "INVALID": 0,
        "MALICIOUS": 0,
        "SANE": 0,
        "VALID": 0,
        "total": 100.05510911877661
    }
}