{
    "counter": {
        "ACTIVE": 18248,
        "INACTIVE": 8,
        "INVALID": 0,
        "MALICIOUS": 0,
        "SANE": 0,
        "VALID": 0,
        "total": 18256
    },
    "percentage": {
        "ACTIVE": 99.95617879053462,
        "INACTIVE": 0.05185377236193933,
        "INVALID": 0,
        "MALICIOUS": 0,
        "SANE": 0,
        "VALID": 0,
        "total": 100.00803256289656
    }
}