{
    "counter": {
        "ACTIVE": 15269,
        "INACTIVE": 7,
        "INVALID": 0,
        "MALICIOUS": 0,
        "SANE": 0,
        "VALID": 0,
        "total": 15276
    },
    "percentage": {
        "ACTIVE": 99.9541764859911,
        "INACTIVE": 0.06498932318262,
        "INVALID": 0,
        "MALICIOUS": 0,
        "SANE": 0,
        "VALID": 0,
        "total": 100.01916580917371
    }
}