{
    "counter": {
        "ACTIVE": 15192,
        "INACTIVE": 16,
        "INVALID": 0,
        "MALICIOUS": 0,
        "SANE": 0,
        "VALID": 0,
        "total": 15208
    },
    "percentage": {
        "ACTIVE": 99.89479221462388,
        "INACTIVE": 0.11218622914037302,
        "INVALID": 0,
        "MALICIOUS": 0,
        "SANE": 0,
        "VALID": 0,
        "total": 100.00697844376425
    }
}