{
    "counter": {
        "ACTIVE": 10540,
        "INACTIVE": 3,
        "INVALID": 0,
        "MALICIOUS": 0,
        "SANE": 0,
        "VALID": 0,
        "total": 10543
    },
    "percentage": {
        "ACTIVE": 99.9715451010149,
        "INACTIVE": 0.050454086781029264,
        "INVALID": 0,
        "MALICIOUS": 0,
        "SANE": 0,
        "VALID": 0,
        "total": 100.02199918779593
    }
}