{
    "counter": {
        "ACTIVE": 15794,
        "INACTIVE": 37,
        "INVALID": 0,
        "MALICIOUS": 0,
        "SANE": 0,
        "VALID": 0,
        "total": 15831
    },
    "percentage": {
        "ACTIVE": 99.76628134672478,
        "INACTIVE": 0.285010013865352,
        "INVALID": 0,
        "MALICIOUS": 0,
        "SANE": 0,
        "VALID": 0,
        "total": 100.05129136059013
    }
}