{
    "counter": {
        "ACTIVE": 14466,
        "INACTIVE": 34,
        "INVALID": 0,
        "MALICIOUS": 0,
        "SANE": 0,
        "VALID": 0,
        "total": 14500
    },
    "percentage": {
        "ACTIVE": 99.76551724137931,
        "INACTIVE": 0.2466449038810301,
        "INVALID": 0,
        "MALICIOUS": 0,
        "SANE": 0,
        "VALID": 0,
        "total": 100.01216214526035
    }
}