{
    "counter": {
        "ACTIVE": 12231,
        "INACTIVE": 5,
        "INVALID": 0,
        "MALICIOUS": 0,
        "SANE": 0,
        "VALID": 0,
        "total": 12236
    },
    "percentage": {
        "ACTIVE": 99.95913697286694,
        "INACTIVE": 0.045471080392870136,
        "INVALID": 0,
        "MALICIOUS": 0,
        "SANE": 0,
        "VALID": 0,
        "total": 100.00460805325982
    }
}