{
    "counter": {
        "ACTIVE": 17100,
        "INACTIVE": 22,
        "INVALID": 0,
        "MALICIOUS": 0,
        "SANE": 0,
        "VALID": 0,
        "total": 17122
    },
    "percentage": {
        "ACTIVE": 99.87151033757739,
        "INACTIVE": 0.1770053906187143,
        "INVALID": 0,
        "MALICIOUS": 0,
        "SANE": 0,
        "VALID": 0,
        "total": 100.04851572819611
    }
}