{
    "counter": {
        "ACTIVE": 15176,
        "INACTIVE": 33,
        "INVALID": 0,
        "MALICIOUS": 0,
        "SANE": 0,
        "VALID": 0,
        "total": 15209
    },
    "percentage": {
        "ACTIVE": 99.78302320994148,
        "INACTIVE": 0.23093072078376486,
        "INVALID": 0,
        "MALICIOUS": 0,
        "SANE": 0,
        "VALID": 0,
        "total": 100.01395393072524
    }
}