{
    "counter": {
        "ACTIVE": 15801,
        "INACTIVE": 47,
        "INVALID": 0,
        "MALICIOUS": 0,
        "SANE": 0,
        "VALID": 0,
        "total": 15848
    },
    "percentage": {
        "ACTIVE": 99.70343260979304,
        "INACTIVE": 0.35522636233088956,
        "INVALID": 0,
        "MALICIOUS": 0,
        "SANE": 0,
        "VALID": 0,
        "total": 100.05865897212394
    }
}