{
    "counter": {
        "ACTIVE": 13621,
        "INACTIVE": 42,
        "INVALID": 0,
        "MALICIOUS": 0,
        "SANE": 0,
        "VALID": 0,
        "total": 13663
    },
    "percentage": {
        "ACTIVE": 99.69260045378029,
        "INACTIVE": 0.3643935450286309,
        "INVALID": 0,
        "MALICIOUS": 0,
        "SANE": 0,
        "VALID": 0,
        "total": 100.05699399880892
    }
}