{
    "counter": {
        "ACTIVE": 14901,
        "INACTIVE": 34,
        "INVALID": 0,
        "MALICIOUS": 0,
        "SANE": 0,
        "VALID": 0,
        "total": 14935
    },
    "percentage": {
        "ACTIVE": 99.7723468362906,
        "INACTIVE": 0.22785149443774294,
        "INVALID": 0,
        "MALICIOUS": 0,
        "SANE": 0,
        "VALID": 0,
        "total": 100.00019833072834
    }
}