{
    "counter": {
        "ACTIVE": 4739,
        "INACTIVE": 16,
        "INVALID": 0,
        "MALICIOUS": 0,
        "SANE": 0,
        "VALID": 0,
        "total": 4755
    },
    "percentage": {
        "ACTIVE": 99.66351209253418,
        "INACTIVE": 0.3657142857142857,
        "INVALID": 0,
        "MALICIOUS": 0,
        "SANE": 0,
        "VALID": 0,
        "total": 100.02922637824847
    }
}