{
    "counter": {
        "ACTIVE": 10831,
        "INACTIVE": 1,
        "INVALID": 0,
        "MALICIOUS": 0,
        "SANE": 0,
        "VALID": 0,
        "total": 10832
    },
    "percentage": {
        "ACTIVE": 99.99076809453472,
        "INACTIVE": 0.05885815185403178,
        "INVALID": 0,
        "MALICIOUS": 0,
        "SANE": 0,
        "VALID": 0,
        "total": 100.04962624638874
    }
}