{
    "counter": {
        "ACTIVE": 16801,
        "INACTIVE": 27,
        "INVALID": 0,
        "MALICIOUS": 0,
        "SANE": 0,
        "VALID": 0,
        "total": 16828
    },
    "percentage": {
        "ACTIVE": 99.83955312574281,
        "INACTIVE": 0.16668724533893073,
        "INVALID": 0,
        "MALICIOUS": 0,
        "SANE": 0,
        "VALID": 0,
        "total": 100.00624037108174
    }
}