{
    "counter": {
        "ACTIVE": 3017,
        "INACTIVE": 9,
        "INVALID": 0,
        "MALICIOUS": 0,
        "SANE": 0,
        "VALID": 0,
        "total": 3026
    },
    "percentage": {
        "ACTIVE": 99.7025776602776,
        "INACTIVE": 0.3079028395484092,
        "INVALID": 0,
        "MALICIOUS": 0,
        "SANE": 0,
        "VALID": 0,
        "total": 100.010480499826
    }
}