{
    "counter": {
        "ACTIVE": 11606,
        "INACTIVE": 1,
        "INVALID": 0,
        "MALICIOUS": 0,
        "SANE": 0,
        "VALID": 0,
        "total": 11607
    },
    "percentage": {
        "ACTIVE": 99.99138450934781,
        "INACTIVE": 0.5555555555555556,
        "INVALID": 0,
        "MALICIOUS": 0,
        "SANE": 0,
        "VALID": 0,
        "total": 100.54694006490337
    }
}