{
    "counter": {
        "ACTIVE": 18874,
        "INACTIVE": 2,
        "INVALID": 0,
        "MALICIOUS": 0,
        "SANE": 0,
        "VALID": 0,
        "total": 18876
    },
    "percentage": {
        "ACTIVE": 99.98940453485908,
        "INACTIVE": 0.010595465140919686,
        "INVALID": 0.0,
        "MALICIOUS": 0.0,
        "SANE": 0.0,
        "VALID": 0.0,
        "total": 100.0
    }
}