{
    "counter": {
        "ACTIVE": 14553,
        "INACTIVE": 3,
        "INVALID": 0,
        "MALICIOUS": 0,
        "SANE": 0,
        "VALID": 0,
        "total": 14556
    },
    "percentage": {
        "ACTIVE": 99.97938994229183,
        "INACTIVE": 0.0206711224419486,
        "INVALID": 0,
        "MALICIOUS": 0,
        "SANE": 0,
        "VALID": 0,
        "total": 100.00006106473379
    }
}