{
    "counter": {
        "ACTIVE": 6440,
        "INACTIVE": 63,
        "INVALID": 0,
        "MALICIOUS": 0,
        "SANE": 0,
        "VALID": 0,
        "total": 6503
    },
    "percentage": {
        "ACTIVE": 99.04644724700093,
        "INACTIVE": 0.9687836383207751,
        "INVALID": 0,
        "MALICIOUS": 0,
        "SANE": 0,
        "VALID": 0,
        "total": 100.0152308853217
    }
}