{
    "counter": {
        "ACTIVE": 181912,
        "INACTIVE": 13,
        "INVALID": 0,
        "MALICIOUS": 0,
        "SANE": 0,
        "VALID": 0,
        "total": 181925
    },
    "percentage": {
        "ACTIVE": 99.99285419815858,
        "INACTIVE": 0.010932086514850819,
        "INVALID": 0,
        "MALICIOUS": 0,
        "SANE": 0,
        "VALID": 0,
        "total": 100.00378628467344
    }
}