{
    "counter": {
        "ACTIVE": 16865,
        "INACTIVE": 32,
        "INVALID": 0,
        "MALICIOUS": 0,
        "SANE": 0,
        "VALID": 0,
        "total": 16897
    },
    "percentage": {
        "ACTIVE": 99.81061726933775,
        "INACTIVE": 0.2056819642627587,
        "INVALID": 0,
        "MALICIOUS": 0,
        "SANE": 0,
        "VALID": 0,
        "total": 100.0162992336005
    }
}