{
    "counter": {
        "ACTIVE": 15904,
        "INACTIVE": 10,
        "INVALID": 0,
        "MALICIOUS": 0,
        "SANE": 0,
        "VALID": 0,
        "total": 15914
    },
    "percentage": {
        "ACTIVE": 99.93716224707805,
        "INACTIVE": 0.0628456510809452,
        "INVALID": 0,
        "MALICIOUS": 0,
        "SANE": 0,
        "VALID": 0,
        "total": 100.000007898159
    }
}