{
    "counter": {
        "ACTIVE": 16116,
        "INACTIVE": 59,
        "INVALID": 0,
        "MALICIOUS": 0,
        "SANE": 0,
        "VALID": 0,
        "total": 16175
    },
    "percentage": {
        "ACTIVE": 99.63523956723338,
        "INACTIVE": 0.4332501101483331,
        "INVALID": 0,
        "MALICIOUS": 0,
        "SANE": 0,
        "VALID": 0,
        "total": 100.06848967738172
    }
}