{
    "counter": {
        "ACTIVE": 12829,
        "INACTIVE": 3,
        "INVALID": 0,
        "MALICIOUS": 0,
        "SANE": 0,
        "VALID": 0,
        "total": 12832
    },
    "percentage": {
        "ACTIVE": 99.97662094763092,
        "INACTIVE": 0.03944254535892716,
        "INVALID": 0,
        "MALICIOUS": 0,
        "SANE": 0,
        "VALID": 0,
        "total": 100.01606349298984
    }
}