{
    "counter": {
        "ACTIVE": 12695,
        "INACTIVE": 13,
        "INVALID": 0,
        "MALICIOUS": 0,
        "SANE": 0,
        "VALID": 0,
        "total": 12708
    },
    "percentage": {
        "ACTIVE": 99.89770223481271,
        "INACTIVE": 0.11139674378748929,
        "INVALID": 0,
        "MALICIOUS": 0,
        "SANE": 0,
        "VALID": 0,
        "total": 100.0090989786002
    }
}