{
    "counter": {
        "ACTIVE": 16174,
        "INACTIVE": 4,
        "INVALID": 0,
        "MALICIOUS": 0,
        "SANE": 0,
        "VALID": 0,
        "total": 16178
    },
    "percentage": {
        "ACTIVE": 99.97527506490296,
        "INACTIVE": 0.024832381425378695,
        "INVALID": 0,
        "MALICIOUS": 0,
        "SANE": 0,
        "VALID": 0,
        "total": 100.00010744632834
    }
}