{
    "counter": {
        "ACTIVE": 201850,
        "INACTIVE": 13,
        "INVALID": 0,
        "MALICIOUS": 0,
        "SANE": 0,
        "VALID": 0,
        "total": 201863
    },
    "percentage": {
        "ACTIVE": 99.99355998870521,
        "INACTIVE": 0.010932086514850819,
        "INVALID": 0,
        "MALICIOUS": 0,
        "SANE": 0,
        "VALID": 0,
        "total": 100.00449207522007
    }
}