{
    "counter": {
        "ACTIVE": 12094,
        "INACTIVE": 20,
        "INVALID": 0,
        "MALICIOUS": 0,
        "SANE": 0,
        "VALID": 0,
        "total": 12114
    },
    "percentage": {
        "ACTIVE": 99.8349017665511,
        "INACTIVE": 0.18234865061998543,
        "INVALID": 0,
        "MALICIOUS": 0,
        "SANE": 0,
        "VALID": 0,
        "total": 100.01725041717108
    }
}