{
    "counter": {
        "ACTIVE": 10097,
        "INACTIVE": 34,
        "INVALID": 0,
        "MALICIOUS": 0,
        "SANE": 0,
        "VALID": 0,
        "total": 10131
    },
    "percentage": {
        "ACTIVE": 99.66439640706741,
        "INACTIVE": 0.40375252345327156,
        "INVALID": 0,
        "MALICIOUS": 0,
        "SANE": 0,
        "VALID": 0,
        "total": 100.06814893052069
    }
}