{
    "counter": {
        "ACTIVE": 16329,
        "INACTIVE": 943,
        "INVALID": 0,
        "MALICIOUS": 0,
        "SANE": 0,
        "VALID": 0,
        "total": 17272
    },
    "percentage": {
        "ACTIVE": 94.54029643353404,
        "INACTIVE": 5.459703566465956,
        "INVALID": 0.0,
        "MALICIOUS": 0.0,
        "SANE": 0.0,
        "VALID": 0.0,
        "total": 100.0
    }
}