{
    "counter": {
        "ACTIVE": 4904,
        "INACTIVE": 1,
        "INVALID": 0,
        "MALICIOUS": 0,
        "SANE": 0,
        "VALID": 0,
        "total": 4905
    },
    "percentage": {
        "ACTIVE": 99.9796126401631,
        "INACTIVE": 0.029197080291970802,
        "INVALID": 0,
        "MALICIOUS": 0,
        "SANE": 0,
        "VALID": 0,
        "total": 100.00880972045506
    }
}