{
    "counter": {
        "ACTIVE": 18892,
        "INACTIVE": 1,
        "INVALID": 0,
        "MALICIOUS": 0,
        "SANE": 0,
        "VALID": 0,
        "total": 18893
    },
    "percentage": {
        "ACTIVE": 99.99470703435135,
        "INACTIVE": 0.0052929656486529406,
        "INVALID": 0.0,
        "MALICIOUS": 0.0,
        "SANE": 0.0,
        "VALID": 0.0,
        "total": 100.0
    }
}