{
    "counter": {
        "ACTIVE": 11297,
        "INACTIVE": 4,
        "INVALID": 0,
        "MALICIOUS": 0,
        "SANE": 0,
        "VALID": 0,
        "total": 11301
    },
    "percentage": {
        "ACTIVE": 99.96460490222104,
        "INACTIVE": 0.03763289114686236,
        "INVALID": 0,
        "MALICIOUS": 0,
        "SANE": 0,
        "VALID": 0,
        "total": 100.0022377933679
    }
}