{
    "counter": {
        "ACTIVE": 90789,
        "INACTIVE": 10,
        "INVALID": 0,
        "MALICIOUS": 0,
        "SANE": 0,
        "VALID": 0,
        "total": 90799
    },
    "percentage": {
        "ACTIVE": 99.9889866628487,
        "INACTIVE": 0.02183549140773413,
        "INVALID": 0,
        "MALICIOUS": 0,
        "SANE": 0,
        "VALID": 0,
        "total": 100.01082215425643
    }
}