{
    "counter": {
        "ACTIVE": 18870,
        "INACTIVE": 6,
        "INVALID": 0,
        "MALICIOUS": 0,
        "SANE": 0,
        "VALID": 0,
        "total": 18876
    },
    "percentage": {
        "ACTIVE": 99.96821360457724,
        "INACTIVE": 0.03178639542275906,
        "INVALID": 0.0,
        "MALICIOUS": 0.0,
        "SANE": 0.0,
        "VALID": 0.0,
        "total": 100.0
    }
}