{
    "counter": {
        "ACTIVE": 16347,
        "INACTIVE": 4,
        "INVALID": 0,
        "MALICIOUS": 0,
        "SANE": 0,
        "VALID": 0,
        "total": 16351
    },
    "percentage": {
        "ACTIVE": 99.9755366644242,
        "INACTIVE": 0.02615233736515201,
        "INVALID": 0,
        "MALICIOUS": 0,
        "SANE": 0,
        "VALID": 0,
        "total": 100.00168900178934
    }
}