{
    "counter": {
        "ACTIVE": 15266,
        "INACTIVE": 423,
        "INVALID": 0,
        "MALICIOUS": 0,
        "SANE": 0,
        "VALID": 0,
        "total": 15689
    },
    "percentage": {
        "ACTIVE": 97.3038434571993,
        "INACTIVE": 2.7008044949559444,
        "INVALID": 0,
        "MALICIOUS": 0,
        "SANE": 0,
        "VALID": 0,
        "total": 100.00464795215525
    }
}