{
    "counter": {
        "ACTIVE": 253759,
        "INACTIVE": 14,
        "INVALID": 0,
        "MALICIOUS": 0,
        "SANE": 0,
        "VALID": 0,
        "total": 253773
    },
    "percentage": {
        "ACTIVE": 99.9944832586603,
        "INACTIVE": 0.006299212598425197,
        "INVALID": 0,
        "MALICIOUS": 0,
        "SANE": 0,
        "VALID": 0,
        "total": 100.00078247125872
    }
}