{
    "counter": {
        "ACTIVE": 14537,
        "INACTIVE": 4,
        "INVALID": 0,
        "MALICIOUS": 0,
        "SANE": 0,
        "VALID": 0,
        "total": 14541
    },
    "percentage": {
        "ACTIVE": 99.972491575545,
        "INACTIVE": 0.4048582995951417,
        "INVALID": 0,
        "MALICIOUS": 0,
        "SANE": 0,
        "VALID": 0,
        "total": 100.37734987514015
    }
}