{
    "counter": {
        "ACTIVE": 38631,
        "INACTIVE": 6,
        "INVALID": 0,
        "MALICIOUS": 0,
        "SANE": 0,
        "VALID": 0,
        "total": 38637
    },
    "percentage": {
        "ACTIVE": 99.98447084400962,
        "INACTIVE": 0.0205761316872428,
        "INVALID": 0,
        "MALICIOUS": 0,
        "SANE": 0,
        "VALID": 0,
        "total": 100.00504697569687
    }
}