{
    "counter": {
        "ACTIVE": 2748,
        "INACTIVE": 5,
        "INVALID": 0,
        "MALICIOUS": 0,
        "SANE": 0,
        "VALID": 0,
        "total": 2753
    },
    "percentage": {
        "ACTIVE": 99.81837994914639,
        "INACTIVE": 0.19833399444664815,
        "INVALID": 0,
        "MALICIOUS": 0,
        "SANE": 0,
        "VALID": 0,
        "total": 100.01671394359303
    }
}