{
    "counter": {
        "ACTIVE": 7717,
        "INACTIVE": 19,
        "INVALID": 0,
        "MALICIOUS": 0,
        "SANE": 0,
        "VALID": 0,
        "total": 7736
    },
    "percentage": {
        "ACTIVE": 99.75439503619441,
        "INACTIVE": 0.26595744680851063,
        "INVALID": 0,
        "MALICIOUS": 0,
        "SANE": 0,
        "VALID": 0,
        "total": 100.02035248300292
    }
}