{
    "counter": {
        "ACTIVE": 51779,
        "INACTIVE": 7,
        "INVALID": 0,
        "MALICIOUS": 0,
        "SANE": 0,
        "VALID": 0,
        "total": 51786
    },
    "percentage": {
        "ACTIVE": 99.98648283319817,
        "INACTIVE": 0.01420079930213215,
        "INVALID": 0,
        "MALICIOUS": 0,
        "SANE": 0,
        "VALID": 0,
        "total": 100.0006836325003
    }
}