{
    "counter": {
        "ACTIVE": 16288,
        "INACTIVE": 15,
        "INVALID": 0,
        "MALICIOUS": 0,
        "SANE": 0,
        "VALID": 0,
        "total": 16303
    },
    "percentage": {
        "ACTIVE": 99.9079923940379,
        "INACTIVE": 0.09531071292413268,
        "INVALID": 0,
        "MALICIOUS": 0,
        "SANE": 0,
        "VALID": 0,
        "total": 100.00330310696204
    }
}