{
    "counter": {
        "ACTIVE": 12147,
        "INACTIVE": 8,
        "INVALID": 0,
        "MALICIOUS": 0,
        "SANE": 0,
        "VALID": 0,
        "total": 12155
    },
    "percentage": {
        "ACTIVE": 99.93418346359523,
        "INACTIVE": 0.067425200168563,
        "INVALID": 0,
        "MALICIOUS": 0,
        "SANE": 0,
        "VALID": 0,
        "total": 100.00160866376379
    }
}