{
    "counter": {
        "ACTIVE": 48855,
        "INACTIVE": 5,
        "INVALID": 0,
        "MALICIOUS": 0,
        "SANE": 0,
        "VALID": 0,
        "total": 48860
    },
    "percentage": {
        "ACTIVE": 99.98976668031109,
        "INACTIVE": 0.01038507871889669,
        "INVALID": 0,
        "MALICIOUS": 0,
        "SANE": 0,
        "VALID": 0,
        "total": 100.00015175902999
    }
}