{
    "counter": {
        "ACTIVE": 16440,
        "INACTIVE": 2,
        "INVALID": 0,
        "MALICIOUS": 0,
        "SANE": 0,
        "VALID": 0,
        "total": 16442
    },
    "percentage": {
        "ACTIVE": 99.98783602968008,
        "INACTIVE": 0.01349345567399811,
        "INVALID": 0,
        "MALICIOUS": 0,
        "SANE": 0,
        "VALID": 0,
        "total": 100.00132948535408
    }
}