{
    "counter": {
        "ACTIVE": 16482,
        "INACTIVE": 27,
        "INVALID": 0,
        "MALICIOUS": 0,
        "SANE": 0,
        "VALID": 0,
        "total": 16509
    },
    "percentage": {
        "ACTIVE": 99.83645284390333,
        "INACTIVE": 0.16695523126391293,
        "INVALID": 0,
        "MALICIOUS": 0,
        "SANE": 0,
        "VALID": 0,
        "total": 100.00340807516724
    }
}