{
    "counter": {
        "ACTIVE": 15672,
        "INACTIVE": 7,
        "INVALID": 0,
        "MALICIOUS": 0,
        "SANE": 0,
        "VALID": 0,
        "total": 15679
    },
    "percentage": {
        "ACTIVE": 99.95535429555456,
        "INACTIVE": 0.04742868758045938,
        "INVALID": 0,
        "MALICIOUS": 0,
        "SANE": 0,
        "VALID": 0,
        "total": 100.00278298313502
    }
}