{
    "counter": {
        "ACTIVE": 13979,
        "INACTIVE": 24,
        "INVALID": 0,
        "MALICIOUS": 0,
        "SANE": 0,
        "VALID": 0,
        "total": 14003
    },
    "percentage": {
        "ACTIVE": 99.82860815539527,
        "INACTIVE": 0.21407546160021407,
        "INVALID": 0,
        "MALICIOUS": 0,
        "SANE": 0,
        "VALID": 0,
        "total": 100.04268361699549
    }
}