{
    "counter": {
        "ACTIVE": 16218,
        "INACTIVE": 17,
        "INVALID": 0,
        "MALICIOUS": 0,
        "SANE": 0,
        "VALID": 0,
        "total": 16235
    },
    "percentage": {
        "ACTIVE": 99.89528795811518,
        "INACTIVE": 0.10474430067775724,
        "INVALID": 0,
        "MALICIOUS": 0,
        "SANE": 0,
        "VALID": 0,
        "total": 100.00003225879293
    }
}