{
    "counter": {
        "ACTIVE": 15404,
        "INACTIVE": 4,
        "INVALID": 0,
        "MALICIOUS": 0,
        "SANE": 0,
        "VALID": 0,
        "total": 15408
    },
    "percentage": {
        "ACTIVE": 99.97403946002076,
        "INACTIVE": 0.026463777704267284,
        "INVALID": 0,
        "MALICIOUS": 0,
        "SANE": 0,
        "VALID": 0,
        "total": 100.00050323772503
    }
}