{
    "counter": {
        "ACTIVE": 14726,
        "INACTIVE": 4,
        "INVALID": 0,
        "MALICIOUS": 0,
        "SANE": 0,
        "VALID": 0,
        "total": 14730
    },
    "percentage": {
        "ACTIVE": 99.97284453496266,
        "INACTIVE": 0.028606164628477437,
        "INVALID": 0,
        "MALICIOUS": 0,
        "SANE": 0,
        "VALID": 0,
        "total": 100.00145069959113
    }
}