{
    "counter": {
        "ACTIVE": 16754,
        "INACTIVE": 5,
        "INVALID": 0,
        "MALICIOUS": 0,
        "SANE": 0,
        "VALID": 0,
        "total": 16759
    },
    "percentage": {
        "ACTIVE": 99.97016528432484,
        "INACTIVE": 0.029836496001909536,
        "INVALID": 0,
        "MALICIOUS": 0,
        "SANE": 0,
        "VALID": 0,
        "total": 100.00000178032674
    }
}