{
    "counter": {
        "ACTIVE": 10366,
        "INACTIVE": 26,
        "INVALID": 0,
        "MALICIOUS": 0,
        "SANE": 0,
        "VALID": 0,
        "total": 10392
    },
    "percentage": {
        "ACTIVE": 99.74980754426483,
        "INACTIVE": 0.2543782408766265,
        "INVALID": 0,
        "MALICIOUS": 0,
        "SANE": 0,
        "VALID": 0,
        "total": 100.00418578514146
    }
}