{
    "counter": {
        "ACTIVE": 16771,
        "INACTIVE": 38,
        "INVALID": 0,
        "MALICIOUS": 0,
        "SANE": 0,
        "VALID": 0,
        "total": 16809
    },
    "percentage": {
        "ACTIVE": 99.77393063239931,
        "INACTIVE": 0.23565891472868217,
        "INVALID": 0,
        "MALICIOUS": 0,
        "SANE": 0,
        "VALID": 0,
        "total": 100.009589547128
    }
}