{
    "counter": {
        "ACTIVE": 16883,
        "INACTIVE": 996,
        "INVALID": 0,
        "MALICIOUS": 0,
        "SANE": 0,
        "VALID": 0,
        "total": 17879
    },
    "percentage": {
        "ACTIVE": 94.42921863638907,
        "INACTIVE": 5.57078136361094,
        "INVALID": 0.0,
        "MALICIOUS": 0.0,
        "SANE": 0.0,
        "VALID": 0.0,
        "total": 100.0
    }
}