{
    "counter": {
        "ACTIVE": 30168,
        "INACTIVE": 6,
        "INVALID": 0,
        "MALICIOUS": 0,
        "SANE": 0,
        "VALID": 0,
        "total": 30174
    },
    "percentage": {
        "ACTIVE": 99.98011533107974,
        "INACTIVE": 0.0205761316872428,
        "INVALID": 0,
        "MALICIOUS": 0,
        "SANE": 0,
        "VALID": 0,
        "total": 100.000691462767
    }
}