{
    "counter": {
        "ACTIVE": 16657,
        "INACTIVE": 8,
        "INVALID": 0,
        "MALICIOUS": 0,
        "SANE": 0,
        "VALID": 0,
        "total": 16665
    },
    "percentage": {
        "ACTIVE": 99.95199519951996,
        "INACTIVE": 0.06608293408227325,
        "INVALID": 0,
        "MALICIOUS": 0,
        "SANE": 0,
        "VALID": 0,
        "total": 100.01807813360223
    }
}