{
    "counter": {
        "ACTIVE": 15529,
        "INACTIVE": 5,
        "INVALID": 0,
        "MALICIOUS": 0,
        "SANE": 0,
        "VALID": 0,
        "total": 15534
    },
    "percentage": {
        "ACTIVE": 99.96781254023432,
        "INACTIVE": 0.04475875033569063,
        "INVALID": 0,
        "MALICIOUS": 0,
        "SANE": 0,
        "VALID": 0,
        "total": 100.01257129057001
    }
}