{
    "counter": {
        "ACTIVE": 14018,
        "INACTIVE": 14,
        "INVALID": 0,
        "MALICIOUS": 0,
        "SANE": 0,
        "VALID": 0,
        "total": 14032
    },
    "percentage": {
        "ACTIVE": 99.90022805017104,
        "INACTIVE": 0.10213014298220018,
        "INVALID": 0,
        "MALICIOUS": 0,
        "SANE": 0,
        "VALID": 0,
        "total": 100.00235819315324
    }
}