{
    "counter": {
        "ACTIVE": 5870,
        "INACTIVE": 3,
        "INVALID": 0,
        "MALICIOUS": 0,
        "SANE": 0,
        "VALID": 0,
        "total": 5873
    },
    "percentage": {
        "ACTIVE": 99.94891878086158,
        "INACTIVE": 0.09858692080184028,
        "INVALID": 0,
        "MALICIOUS": 0,
        "SANE": 0,
        "VALID": 0,
        "total": 100.04750570166341
    }
}