{
    "counter": {
        "ACTIVE": 176030,
        "INACTIVE": 13,
        "INVALID": 0,
        "MALICIOUS": 0,
        "SANE": 0,
        "VALID": 0,
        "total": 176043
    },
    "percentage": {
        "ACTIVE": 99.99261544054578,
        "INACTIVE": 0.010932086514850819,
        "INVALID": 0,
        "MALICIOUS": 0,
        "SANE": 0,
        "VALID": 0,
        "total": 100.00354752706063
    }
}