{
    "counter": {
        "ACTIVE": 5061,
        "INACTIVE": 4,
        "INVALID": 0,
        "MALICIOUS": 0,
        "SANE": 0,
        "VALID": 0,
        "total": 5065
    },
    "percentage": {
        "ACTIVE": 99.92102665350444,
        "INACTIVE": 0.10802052389954091,
        "INVALID": 0,
        "MALICIOUS": 0,
        "SANE": 0,
        "VALID": 0,
        "total": 100.02904717740398
    }
}