{
    "counter": {
        "ACTIVE": 9965,
        "INACTIVE": 33,
        "INVALID": 0,
        "MALICIOUS": 0,
        "SANE": 0,
        "VALID": 0,
        "total": 9998
    },
    "percentage": {
        "ACTIVE": 99.66993398679736,
        "INACTIVE": 0.3594379697200741,
        "INVALID": 0,
        "MALICIOUS": 0,
        "SANE": 0,
        "VALID": 0,
        "total": 100.02937195651744
    }
}