{
    "counter": {
        "ACTIVE": 54531,
        "INACTIVE": 10,
        "INVALID": 0,
        "MALICIOUS": 0,
        "SANE": 0,
        "VALID": 0,
        "total": 54541
    },
    "percentage": {
        "ACTIVE": 99.98166516932216,
        "INACTIVE": 0.02183549140773413,
        "INVALID": 0,
        "MALICIOUS": 0,
        "SANE": 0,
        "VALID": 0,
        "total": 100.00350066072988
    }
}