{
    "counter": {
        "ACTIVE": 15997,
        "INACTIVE": 37,
        "INVALID": 0,
        "MALICIOUS": 0,
        "SANE": 0,
        "VALID": 0,
        "total": 16034
    },
    "percentage": {
        "ACTIVE": 99.76924036422602,
        "INACTIVE": 0.285010013865352,
        "INVALID": 0,
        "MALICIOUS": 0,
        "SANE": 0,
        "VALID": 0,
        "total": 100.05425037809137
    }
}