{
    "counter": {
        "ACTIVE": 1689,
        "INACTIVE": 7,
        "INVALID": 0,
        "MALICIOUS": 0,
        "SANE": 0,
        "VALID": 0,
        "total": 1696
    },
    "percentage": {
        "ACTIVE": 99.5872641509434,
        "INACTIVE": 0.4229607250755287,
        "INVALID": 0,
        "MALICIOUS": 0,
        "SANE": 0,
        "VALID": 0,
        "total": 100.01022487601892
    }
}