{
    "counter": {
        "ACTIVE": 4268,
        "INACTIVE": 4,
        "INVALID": 0,
        "MALICIOUS": 0,
        "SANE": 0,
        "VALID": 0,
        "total": 4272
    },
    "percentage": {
        "ACTIVE": 99.90636704119851,
        "INACTIVE": 0.10314595152140278,
        "INVALID": 0,
        "MALICIOUS": 0,
        "SANE": 0,
        "VALID": 0,
        "total": 100.0095129927199
    }
}