{
    "counter": {
        "ACTIVE": 16761,
        "INACTIVE": 31,
        "INVALID": 0,
        "MALICIOUS": 0,
        "SANE": 0,
        "VALID": 0,
        "total": 16792
    },
    "percentage": {
        "ACTIVE": 99.81538828013339,
        "INACTIVE": 0.24073930263260077,
        "INVALID": 0,
        "MALICIOUS": 0,
        "SANE": 0,
        "VALID": 0,
        "total": 100.056127582766
    }
}