{
    "counter": {
        "ACTIVE": 5420,
        "INACTIVE": 12,
        "INVALID": 0,
        "MALICIOUS": 0,
        "SANE": 0,
        "VALID": 0,
        "total": 5432
    },
    "percentage": {
        "ACTIVE": 99.77908689248895,
        "INACTIVE": 0.23928215353938184,
        "INVALID": 0,
        "MALICIOUS": 0,
        "SANE": 0,
        "VALID": 0,
        "total": 100.01836904602833
    }
}