{
    "counter": {
        "ACTIVE": 18917,
        "INACTIVE": 6,
        "INVALID": 0,
        "MALICIOUS": 0,
        "SANE": 0,
        "VALID": 0,
        "total": 18923
    },
    "percentage": {
        "ACTIVE": 99.96829255403478,
        "INACTIVE": 0.0317074459652275,
        "INVALID": 0.0,
        "MALICIOUS": 0.0,
        "SANE": 0.0,
        "VALID": 0.0,
        "total": 100.0
    }
}