{
    "counter": {
        "ACTIVE": 16527,
        "INACTIVE": 8,
        "INVALID": 0,
        "MALICIOUS": 0,
        "SANE": 0,
        "VALID": 0,
        "total": 16535
    },
    "percentage": {
        "ACTIVE": 99.95161778046568,
        "INACTIVE": 0.06608293408227325,
        "INVALID": 0,
        "MALICIOUS": 0,
        "SANE": 0,
        "VALID": 0,
        "total": 100.01770071454796
    }
}