{
    "counter": {
        "ACTIVE": 4252,
        "INACTIVE": 14,
        "INVALID": 0,
        "MALICIOUS": 0,
        "SANE": 0,
        "VALID": 0,
        "total": 4266
    },
    "percentage": {
        "ACTIVE": 99.67182372245664,
        "INACTIVE": 0.3391472868217054,
        "INVALID": 0,
        "MALICIOUS": 0,
        "SANE": 0,
        "VALID": 0,
        "total": 100.01097100927834
    }
}