{
    "counter": {
        "ACTIVE": 24674,
        "INACTIVE": 36,
        "INVALID": 1,
        "MALICIOUS": 0,
        "SANE": 0,
        "VALID": 0,
        "total": 24711
    },
    "percentage": {
        "ACTIVE": 99.85026911092226,
        "INACTIVE": 0.1837953744830755,
        "INVALID": 0.010577533319229955,
        "MALICIOUS": 0,
        "SANE": 0,
        "VALID": 0,
        "total": 100.04464201872456
    }
}