{
    "counter": {
        "ACTIVE": 15097,
        "INACTIVE": 14,
        "INVALID": 0,
        "MALICIOUS": 0,
        "SANE": 0,
        "VALID": 0,
        "total": 15111
    },
    "percentage": {
        "ACTIVE": 99.90735225994308,
        "INACTIVE": 0.09942475676443434,
        "INVALID": 0,
        "MALICIOUS": 0,
        "SANE": 0,
        "VALID": 0,
        "total": 100.00677701670752
    }
}