{
    "counter": {
        "ACTIVE": 11528,
        "INACTIVE": 28,
        "INVALID": 0,
        "MALICIOUS": 0,
        "SANE": 0,
        "VALID": 0,
        "total": 11556
    },
    "percentage": {
        "ACTIVE": 99.75770162686051,
        "INACTIVE": 0.35718841688990943,
        "INVALID": 0,
        "MALICIOUS": 0,
        "SANE": 0,
        "VALID": 0,
        "total": 100.11489004375042
    }
}