{
    "counter": {
        "ACTIVE": 12462,
        "INACTIVE": 3,
        "INVALID": 0,
        "MALICIOUS": 0,
        "SANE": 0,
        "VALID": 0,
        "total": 12465
    },
    "percentage": {
        "ACTIVE": 99.97593261131168,
        "INACTIVE": 0.040328001075413365,
        "INVALID": 0,
        "MALICIOUS": 0,
        "SANE": 0,
        "VALID": 0,
        "total": 100.01626061238709
    }
}