{
    "counter": {
        "ACTIVE": 199529,
        "INACTIVE": 13,
        "INVALID": 0,
        "MALICIOUS": 0,
        "SANE": 0,
        "VALID": 0,
        "total": 199542
    },
    "percentage": {
        "ACTIVE": 99.99348508083511,
        "INACTIVE": 0.010932086514850819,
        "INVALID": 0,
        "MALICIOUS": 0,
        "SANE": 0,
        "VALID": 0,
        "total": 100.00441716734997
    }
}