{
    "counter": {
        "ACTIVE": 15908,
        "INACTIVE": 38,
        "INVALID": 0,
        "MALICIOUS": 0,
        "SANE": 0,
        "VALID": 0,
        "total": 15946
    },
    "percentage": {
        "ACTIVE": 99.76169572306534,
        "INACTIVE": 0.24250159540523292,
        "INVALID": 0,
        "MALICIOUS": 0,
        "SANE": 0,
        "VALID": 0,
        "total": 100.00419731847057
    }
}