{
    "counter": {
        "ACTIVE": 2589,
        "INACTIVE": 1,
        "INVALID": 0,
        "MALICIOUS": 0,
        "SANE": 0,
        "VALID": 0,
        "total": 2590
    },
    "percentage": {
        "ACTIVE": 99.96138996138995,
        "INACTIVE": 0.5555555555555556,
        "INVALID": 0,
        "MALICIOUS": 0,
        "SANE": 0,
        "VALID": 0,
        "total": 100.51694551694551
    }
}