{
    "counter": {
        "ACTIVE": 3665,
        "INACTIVE": 7,
        "INVALID": 0,
        "MALICIOUS": 0,
        "SANE": 0,
        "VALID": 0,
        "total": 3672
    },
    "percentage": {
        "ACTIVE": 99.80936819172113,
        "INACTIVE": 0.2247191011235955,
        "INVALID": 0,
        "MALICIOUS": 0,
        "SANE": 0,
        "VALID": 0,
        "total": 100.03408729284473
    }
}