{
    "counter": {
        "ACTIVE": 9579,
        "INACTIVE": 2,
        "INVALID": 0,
        "MALICIOUS": 0,
        "SANE": 0,
        "VALID": 0,
        "total": 9581
    },
    "percentage": {
        "ACTIVE": 99.97912535225969,
        "INACTIVE": 0.05082592121982211,
        "INVALID": 0,
        "MALICIOUS": 0,
        "SANE": 0,
        "VALID": 0,
        "total": 100.02995127347951
    }
}