{
    "counter": {
        "ACTIVE": 7590,
        "INACTIVE": 26,
        "INVALID": 0,
        "MALICIOUS": 0,
        "SANE": 0,
        "VALID": 0,
        "total": 7616
    },
    "percentage": {
        "ACTIVE": 99.65861344537815,
        "INACTIVE": 0.39846743295019155,
        "INVALID": 0,
        "MALICIOUS": 0,
        "SANE": 0,
        "VALID": 0,
        "total": 100.05708087832835
    }
}