{
    "counter": {
        "ACTIVE": 15264,
        "INACTIVE": 9,
        "INVALID": 0,
        "MALICIOUS": 0,
        "SANE": 0,
        "VALID": 0,
        "total": 15273
    },
    "percentage": {
        "ACTIVE": 99.94107248084856,
        "INACTIVE": 0.05907837731390311,
        "INVALID": 0,
        "MALICIOUS": 0,
        "SANE": 0,
        "VALID": 0,
        "total": 100.00015085816247
    }
}