{
    "counter": {
        "ACTIVE": 15660,
        "INACTIVE": 9,
        "INVALID": 0,
        "MALICIOUS": 0,
        "SANE": 0,
        "VALID": 0,
        "total": 15669
    },
    "percentage": {
        "ACTIVE": 99.94256174612292,
        "INACTIVE": 0.057814607824243594,
        "INVALID": 0,
        "MALICIOUS": 0,
        "SANE": 0,
        "VALID": 0,
        "total": 100.00037635394716
    }
}