{
    "counter": {
        "ACTIVE": 10297,
        "INACTIVE": 1,
        "INVALID": 0,
        "MALICIOUS": 0,
        "SANE": 0,
        "VALID": 0,
        "total": 10298
    },
    "percentage": {
        "ACTIVE": 99.99028937657798,
        "INACTIVE": 0.03469812630117974,
        "INVALID": 0,
        "MALICIOUS": 0,
        "SANE": 0,
        "VALID": 0,
        "total": 100.02498750287916
    }
}