{
    "counter": {
        "ACTIVE": 13741,
        "INACTIVE": 37,
        "INVALID": 0,
        "MALICIOUS": 0,
        "SANE": 0,
        "VALID": 0,
        "total": 13778
    },
    "percentage": {
        "ACTIVE": 99.73145594425897,
        "INACTIVE": 0.285010013865352,
        "INVALID": 0,
        "MALICIOUS": 0,
        "SANE": 0,
        "VALID": 0,
        "total": 100.01646595812431
    }
}