{
    "counter": {
        "ACTIVE": 14345,
        "INACTIVE": 15,
        "INVALID": 0,
        "MALICIOUS": 0,
        "SANE": 0,
        "VALID": 0,
        "total": 14360
    },
    "percentage": {
        "ACTIVE": 99.89554317548746,
        "INACTIVE": 0.11337868480725624,
        "INVALID": 0,
        "MALICIOUS": 0,
        "SANE": 0,
        "VALID": 0,
        "total": 100.00892186029472
    }
}