{
    "counter": {
        "ACTIVE": 29868,
        "INACTIVE": 35,
        "INVALID": 0,
        "MALICIOUS": 0,
        "SANE": 0,
        "VALID": 0,
        "total": 29903
    },
    "percentage": {
        "ACTIVE": 99.88295488746948,
        "INACTIVE": 0.18809114359415305,
        "INVALID": 0,
        "MALICIOUS": 0,
        "SANE": 0,
        "VALID": 0,
        "total": 100.07104603106363
    }
}