{
    "counter": {
        "ACTIVE": 12191,
        "INACTIVE": 23,
        "INVALID": 0,
        "MALICIOUS": 0,
        "SANE": 0,
        "VALID": 0,
        "total": 12214
    },
    "percentage": {
        "ACTIVE": 99.81169150155559,
        "INACTIVE": 0.21479267837131116,
        "INVALID": 0,
        "MALICIOUS": 0,
        "SANE": 0,
        "VALID": 0,
        "total": 100.0264841799269
    }
}