{
    "counter": {
        "ACTIVE": 16728,
        "INACTIVE": 22,
        "INVALID": 0,
        "MALICIOUS": 0,
        "SANE": 0,
        "VALID": 0,
        "total": 16750
    },
    "percentage": {
        "ACTIVE": 99.86865671641792,
        "INACTIVE": 0.1770053906187143,
        "INVALID": 0,
        "MALICIOUS": 0,
        "SANE": 0,
        "VALID": 0,
        "total": 100.04566210703663
    }
}