{
    "counter": {
        "ACTIVE": 18832,
        "INACTIVE": 4,
        "INVALID": 0,
        "MALICIOUS": 0,
        "SANE": 0,
        "VALID": 0,
        "total": 18836
    },
    "percentage": {
        "ACTIVE": 99.97876406880442,
        "INACTIVE": 0.021235931195582928,
        "INVALID": 0.0,
        "MALICIOUS": 0.0,
        "SANE": 0.0,
        "VALID": 0.0,
        "total": 100.0
    }
}