{
    "counter": {
        "ACTIVE": 3323,
        "INACTIVE": 1,
        "INVALID": 0,
        "MALICIOUS": 0,
        "SANE": 0,
        "VALID": 0,
        "total": 3324
    },
    "percentage": {
        "ACTIVE": 99.96991576413959,
        "INACTIVE": 0.03466204506065858,
        "INVALID": 0,
        "MALICIOUS": 0,
        "SANE": 0,
        "VALID": 0,
        "total": 100.00457780920024
    }
}