{
    "counter": {
        "ACTIVE": 16745,
        "INACTIVE": 60,
        "INVALID": 0,
        "MALICIOUS": 0,
        "SANE": 0,
        "VALID": 0,
        "total": 16805
    },
    "percentage": {
        "ACTIVE": 99.64296340374888,
        "INACTIVE": 0.37007339789058163,
        "INVALID": 0,
        "MALICIOUS": 0,
        "SANE": 0,
        "VALID": 0,
        "total": 100.01303680163946
    }
}