{
    "counter": {
        "ACTIVE": 10952,
        "INACTIVE": 1,
        "INVALID": 0,
        "MALICIOUS": 0,
        "SANE": 0,
        "VALID": 0,
        "total": 10953
    },
    "percentage": {
        "ACTIVE": 99.99087008125628,
        "INACTIVE": 0.03469812630117974,
        "INVALID": 0,
        "MALICIOUS": 0,
        "SANE": 0,
        "VALID": 0,
        "total": 100.02556820755746
    }
}