{
    "counter": {
        "ACTIVE": 10033,
        "INACTIVE": 21,
        "INVALID": 0,
        "MALICIOUS": 0,
        "SANE": 0,
        "VALID": 0,
        "total": 10054
    },
    "percentage": {
        "ACTIVE": 99.79112790928984,
        "INACTIVE": 0.2347417840375587,
        "INVALID": 0,
        "MALICIOUS": 0,
        "SANE": 0,
        "VALID": 0,
        "total": 100.0258696933274
    }
}