{
    "counter": {
        "ACTIVE": 17197,
        "INACTIVE": 22,
        "INVALID": 0,
        "MALICIOUS": 0,
        "SANE": 0,
        "VALID": 0,
        "total": 17219
    },
    "percentage": {
        "ACTIVE": 99.8722341599396,
        "INACTIVE": 0.1770053906187143,
        "INVALID": 0,
        "MALICIOUS": 0,
        "SANE": 0,
        "VALID": 0,
        "total": 100.04923955055831
    }
}