{
    "counter": {
        "ACTIVE": 15980,
        "INACTIVE": 37,
        "INVALID": 0,
        "MALICIOUS": 0,
        "SANE": 0,
        "VALID": 0,
        "total": 16017
    },
    "percentage": {
        "ACTIVE": 99.76899544234251,
        "INACTIVE": 0.285010013865352,
        "INVALID": 0,
        "MALICIOUS": 0,
        "SANE": 0,
        "VALID": 0,
        "total": 100.05400545620786
    }
}