{
    "counter": {
        "ACTIVE": 5981,
        "INACTIVE": 2,
        "INVALID": 0,
        "MALICIOUS": 0,
        "SANE": 0,
        "VALID": 0,
        "total": 5983
    },
    "percentage": {
        "ACTIVE": 99.96657195386929,
        "INACTIVE": 0.04094165813715456,
        "INVALID": 0,
        "MALICIOUS": 0,
        "SANE": 0,
        "VALID": 0,
        "total": 100.00751361200645
    }
}