{
    "counter": {
        "ACTIVE": 11008,
        "INACTIVE": 4,
        "INVALID": 0,
        "MALICIOUS": 0,
        "SANE": 0,
        "VALID": 0,
        "total": 11012
    },
    "percentage": {
        "ACTIVE": 99.96367598982928,
        "INACTIVE": 0.03632401017072285,
        "INVALID": 0.0,
        "MALICIOUS": 0.0,
        "SANE": 0.0,
        "VALID": 0.0,
        "total": 100.0
    }
}