{
    "counter": {
        "ACTIVE": 15174,
        "INACTIVE": 9,
        "INVALID": 0,
        "MALICIOUS": 0,
        "SANE": 0,
        "VALID": 0,
        "total": 15183
    },
    "percentage": {
        "ACTIVE": 99.9407231772377,
        "INACTIVE": 0.0648508430609598,
        "INVALID": 0,
        "MALICIOUS": 0,
        "SANE": 0,
        "VALID": 0,
        "total": 100.00557402029867
    }
}