{
    "counter": {
        "ACTIVE": 9477,
        "INACTIVE": 15,
        "INVALID": 0,
        "MALICIOUS": 0,
        "SANE": 0,
        "VALID": 0,
        "total": 9492
    },
    "percentage": {
        "ACTIVE": 99.84197218710493,
        "INACTIVE": 0.15802781289506954,
        "INVALID": 0.0,
        "MALICIOUS": 0.0,
        "SANE": 0.0,
        "VALID": 0.0,
        "total": 100.0
    }
}