{
    "counter": {
        "ACTIVE": 9238,
        "INACTIVE": 2,
        "INVALID": 0,
        "MALICIOUS": 0,
        "SANE": 0,
        "VALID": 0,
        "total": 9240
    },
    "percentage": {
        "ACTIVE": 99.97835497835497,
        "INACTIVE": 0.12360939431396786,
        "INVALID": 0,
        "MALICIOUS": 0,
        "SANE": 0,
        "VALID": 0,
        "total": 100.10196437266895
    }
}