{
    "counter": {
        "ACTIVE": 134290,
        "INACTIVE": 13,
        "INVALID": 0,
        "MALICIOUS": 0,
        "SANE": 0,
        "VALID": 0,
        "total": 134303
    },
    "percentage": {
        "ACTIVE": 99.99032039492789,
        "INACTIVE": 0.010932086514850819,
        "INVALID": 0,
        "MALICIOUS": 0,
        "SANE": 0,
        "VALID": 0,
        "total": 100.00125248144275
    }
}