{
    "counter": {
        "ACTIVE": 216577,
        "INACTIVE": 13,
        "INVALID": 0,
        "MALICIOUS": 0,
        "SANE": 0,
        "VALID": 0,
        "total": 216590
    },
    "percentage": {
        "ACTIVE": 99.99399787617156,
        "INACTIVE": 0.010932086514850819,
        "INVALID": 0,
        "MALICIOUS": 0,
        "SANE": 0,
        "VALID": 0,
        "total": 100.00492996268642
    }
}