{
    "counter": {
        "ACTIVE": 15223,
        "INACTIVE": 3,
        "INVALID": 0,
        "MALICIOUS": 0,
        "SANE": 0,
        "VALID": 0,
        "total": 15226
    },
    "percentage": {
        "ACTIVE": 99.98029686063313,
        "INACTIVE": 0.02059732234809475,
        "INVALID": 0,
        "MALICIOUS": 0,
        "SANE": 0,
        "VALID": 0,
        "total": 100.00089418298123
    }
}