{
    "counter": {
        "ACTIVE": 14947,
        "INACTIVE": 5,
        "INVALID": 0,
        "MALICIOUS": 0,
        "SANE": 0,
        "VALID": 0,
        "total": 14952
    },
    "percentage": {
        "ACTIVE": 99.9665596575709,
        "INACTIVE": 0.04475875033569063,
        "INVALID": 0,
        "MALICIOUS": 0,
        "SANE": 0,
        "VALID": 0,
        "total": 100.01131840790659
    }
}