{
    "counter": {
        "ACTIVE": 15786,
        "INACTIVE": 1,
        "INVALID": 0,
        "MALICIOUS": 0,
        "SANE": 0,
        "VALID": 0,
        "total": 15787
    },
    "percentage": {
        "ACTIVE": 99.99366567428898,
        "INACTIVE": 0.03469812630117974,
        "INVALID": 0,
        "MALICIOUS": 0,
        "SANE": 0,
        "VALID": 0,
        "total": 100.02836380059016
    }
}