{
    "counter": {
        "ACTIVE": 14071,
        "INACTIVE": 4,
        "INVALID": 0,
        "MALICIOUS": 0,
        "SANE": 0,
        "VALID": 0,
        "total": 14075
    },
    "percentage": {
        "ACTIVE": 99.9715808170515,
        "INACTIVE": 0.040539170973953584,
        "INVALID": 0,
        "MALICIOUS": 0,
        "SANE": 0,
        "VALID": 0,
        "total": 100.01211998802546
    }
}