{
    "counter": {
        "ACTIVE": 16449,
        "INACTIVE": 28,
        "INVALID": 0,
        "MALICIOUS": 0,
        "SANE": 0,
        "VALID": 0,
        "total": 16477
    },
    "percentage": {
        "ACTIVE": 99.83006615281909,
        "INACTIVE": 0.17757483510908167,
        "INVALID": 0,
        "MALICIOUS": 0,
        "SANE": 0,
        "VALID": 0,
        "total": 100.00764098792817
    }
}