{
    "counter": {
        "ACTIVE": 14934,
        "INACTIVE": 31,
        "INVALID": 0,
        "MALICIOUS": 0,
        "SANE": 0,
        "VALID": 0,
        "total": 14965
    },
    "percentage": {
        "ACTIVE": 99.79284998329436,
        "INACTIVE": 0.24073930263260077,
        "INVALID": 0,
        "MALICIOUS": 0,
        "SANE": 0,
        "VALID": 0,
        "total": 100.03358928592696
    }
}