{
    "counter": {
        "ACTIVE": 287856,
        "INACTIVE": 14,
        "INVALID": 0,
        "MALICIOUS": 0,
        "SANE": 0,
        "VALID": 0,
        "total": 287870
    },
    "percentage": {
        "ACTIVE": 99.99513669364644,
        "INACTIVE": 0.006299212598425197,
        "INVALID": 0,
        "MALICIOUS": 0,
        "SANE": 0,
        "VALID": 0,
        "total": 100.00143590624486
    }
}