{
    "counter": {
        "ACTIVE": 16826,
        "INACTIVE": 42,
        "INVALID": 0,
        "MALICIOUS": 0,
        "SANE": 0,
        "VALID": 0,
        "total": 16868
    },
    "percentage": {
        "ACTIVE": 99.75100782546835,
        "INACTIVE": 0.24908077333649625,
        "INVALID": 0,
        "MALICIOUS": 0,
        "SANE": 0,
        "VALID": 0,
        "total": 100.00008859880485
    }
}