{
    "counter": {
        "ACTIVE": 3780,
        "INACTIVE": 108,
        "INVALID": 0,
        "MALICIOUS": 0,
        "SANE": 0,
        "VALID": 0,
        "total": 3888
    },
    "percentage": {
        "ACTIVE": 97.22222222222223,
        "INACTIVE": 2.823529411764706,
        "INVALID": 0,
        "MALICIOUS": 0,
        "SANE": 0,
        "VALID": 0,
        "total": 100.04575163398694
    }
}