{
    "counter": {
        "ACTIVE": 17090,
        "INACTIVE": 555,
        "INVALID": 0,
        "MALICIOUS": 0,
        "SANE": 0,
        "VALID": 0,
        "total": 17645
    },
    "percentage": {
        "ACTIVE": 96.85463304052139,
        "INACTIVE": 3.162032816773017,
        "INVALID": 0,
        "MALICIOUS": 0,
        "SANE": 0,
        "VALID": 0,
        "total": 100.01666585729441
    }
}