{
    "counter": {
        "ACTIVE": 8830,
        "INACTIVE": 22,
        "INVALID": 0,
        "MALICIOUS": 0,
        "SANE": 0,
        "VALID": 0,
        "total": 8852
    },
    "percentage": {
        "ACTIVE": 99.75146859466787,
        "INACTIVE": 0.27482823235477827,
        "INVALID": 0,
        "MALICIOUS": 0,
        "SANE": 0,
        "VALID": 0,
        "total": 100.02629682702265
    }
}