{
    "counter": {
        "ACTIVE": 45167,
        "INACTIVE": 6,
        "INVALID": 0,
        "MALICIOUS": 0,
        "SANE": 0,
        "VALID": 0,
        "total": 45173
    },
    "percentage": {
        "ACTIVE": 99.98671772961725,
        "INACTIVE": 0.02765359266258008,
        "INVALID": 0,
        "MALICIOUS": 0,
        "SANE": 0,
        "VALID": 0,
        "total": 100.01437132227983
    }
}