{
    "counter": {
        "ACTIVE": 13202,
        "INACTIVE": 9,
        "INVALID": 0,
        "MALICIOUS": 0,
        "SANE": 0,
        "VALID": 0,
        "total": 13211
    },
    "percentage": {
        "ACTIVE": 99.93187495269093,
        "INACTIVE": 0.06985950477373283,
        "INVALID": 0,
        "MALICIOUS": 0,
        "SANE": 0,
        "VALID": 0,
        "total": 100.00173445746466
    }
}