{
    "counter": {
        "ACTIVE": 16724,
        "INACTIVE": 29,
        "INVALID": 0,
        "MALICIOUS": 0,
        "SANE": 0,
        "VALID": 0,
        "total": 16753
    },
    "percentage": {
        "ACTIVE": 99.82689667522234,
        "INACTIVE": 0.19221846622920394,
        "INVALID": 0,
        "MALICIOUS": 0,
        "SANE": 0,
        "VALID": 0,
        "total": 100.01911514145155
    }
}