{
    "counter": {
        "ACTIVE": 15854,
        "INACTIVE": 42,
        "INVALID": 0,
        "MALICIOUS": 0,
        "SANE": 0,
        "VALID": 0,
        "total": 15896
    },
    "percentage": {
        "ACTIVE": 99.7357825868143,
        "INACTIVE": 0.3643935450286309,
        "INVALID": 0,
        "MALICIOUS": 0,
        "SANE": 0,
        "VALID": 0,
        "total": 100.10017613184293
    }
}