{
    "counter": {
        "ACTIVE": 4780,
        "INACTIVE": 17,
        "INVALID": 0,
        "MALICIOUS": 0,
        "SANE": 0,
        "VALID": 0,
        "total": 4797
    },
    "percentage": {
        "ACTIVE": 99.64561184073379,
        "INACTIVE": 0.361317747077577,
        "INVALID": 0,
        "MALICIOUS": 0,
        "SANE": 0,
        "VALID": 0,
        "total": 100.00692958781137
    }
}