{
    "counter": {
        "ACTIVE": 64204,
        "INACTIVE": 36,
        "INVALID": 1,
        "MALICIOUS": 0,
        "SANE": 0,
        "VALID": 0,
        "total": 64241
    },
    "percentage": {
        "ACTIVE": 99.94240438349341,
        "INACTIVE": 0.1837953744830755,
        "INVALID": 0.010577533319229955,
        "MALICIOUS": 0,
        "SANE": 0,
        "VALID": 0,
        "total": 100.13677729129572
    }
}