{
    "counter": {
        "ACTIVE": 9507,
        "INACTIVE": 5,
        "INVALID": 0,
        "MALICIOUS": 0,
        "SANE": 0,
        "VALID": 0,
        "total": 9512
    },
    "percentage": {
        "ACTIVE": 99.94743481917578,
        "INACTIVE": 0.066711140760507,
        "INVALID": 0,
        "MALICIOUS": 0,
        "SANE": 0,
        "VALID": 0,
        "total": 100.01414595993629
    }
}