{
    "counter": {
        "ACTIVE": 15930,
        "INACTIVE": 42,
        "INVALID": 0,
        "MALICIOUS": 0,
        "SANE": 0,
        "VALID": 0,
        "total": 15972
    },
    "percentage": {
        "ACTIVE": 99.73703981968445,
        "INACTIVE": 0.3643935450286309,
        "INVALID": 0,
        "MALICIOUS": 0,
        "SANE": 0,
        "VALID": 0,
        "total": 100.10143336471309
    }
}