{
    "counter": {
        "ACTIVE": 16673,
        "INACTIVE": 980,
        "INVALID": 0,
        "MALICIOUS": 0,
        "SANE": 0,
        "VALID": 0,
        "total": 17653
    },
    "percentage": {
        "ACTIVE": 94.44853565966125,
        "INACTIVE": 5.551464340338753,
        "INVALID": 0.0,
        "MALICIOUS": 0.0,
        "SANE": 0.0,
        "VALID": 0.0,
        "total": 100.0
    }
}