{
    "counter": {
        "ACTIVE": 6884,
        "INACTIVE": 2,
        "INVALID": 0,
        "MALICIOUS": 0,
        "SANE": 0,
        "VALID": 0,
        "total": 6886
    },
    "percentage": {
        "ACTIVE": 99.97095556200988,
        "INACTIVE": 0.034376074252320386,
        "INVALID": 0,
        "MALICIOUS": 0,
        "SANE": 0,
        "VALID": 0,
        "total": 100.0053316362622
    }
}