{
    "counter": {
        "ACTIVE": 42219,
        "INACTIVE": 36,
        "INVALID": 1,
        "MALICIOUS": 0,
        "SANE": 0,
        "VALID": 0,
        "total": 42256
    },
    "percentage": {
        "ACTIVE": 99.91243847027641,
        "INACTIVE": 0.1837953744830755,
        "INVALID": 0.010577533319229955,
        "MALICIOUS": 0,
        "SANE": 0,
        "VALID": 0,
        "total": 100.10681137807872
    }
}