{
    "counter": {
        "ACTIVE": 10843,
        "INACTIVE": 29,
        "INVALID": 0,
        "MALICIOUS": 0,
        "SANE": 0,
        "VALID": 0,
        "total": 10872
    },
    "percentage": {
        "ACTIVE": 99.73325974981604,
        "INACTIVE": 0.3113592441485935,
        "INVALID": 0,
        "MALICIOUS": 0,
        "SANE": 0,
        "VALID": 0,
        "total": 100.04461899396463
    }
}