{
    "counter": {
        "ACTIVE": 17207,
        "INACTIVE": 22,
        "INVALID": 0,
        "MALICIOUS": 0,
        "SANE": 0,
        "VALID": 0,
        "total": 17229
    },
    "percentage": {
        "ACTIVE": 99.87230831737187,
        "INACTIVE": 0.1770053906187143,
        "INVALID": 0,
        "MALICIOUS": 0,
        "SANE": 0,
        "VALID": 0,
        "total": 100.04931370799059
    }
}