{
    "counter": {
        "ACTIVE": 15094,
        "INACTIVE": 11,
        "INVALID": 0,
        "MALICIOUS": 0,
        "SANE": 0,
        "VALID": 0,
        "total": 15105
    },
    "percentage": {
        "ACTIVE": 99.92717643164515,
        "INACTIVE": 0.0728959575878065,
        "INVALID": 0,
        "MALICIOUS": 0,
        "SANE": 0,
        "VALID": 0,
        "total": 100.00007238923295
    }
}