{
    "counter": {
        "ACTIVE": 18890,
        "INACTIVE": 6,
        "INVALID": 0,
        "MALICIOUS": 0,
        "SANE": 0,
        "VALID": 0,
        "total": 18896
    },
    "percentage": {
        "ACTIVE": 99.96824724809484,
        "INACTIVE": 0.03175275190516511,
        "INVALID": 0.0,
        "MALICIOUS": 0.0,
        "SANE": 0.0,
        "VALID": 0.0,
        "total": 100.0
    }
}