{
    "counter": {
        "ACTIVE": 15638,
        "INACTIVE": 14,
        "INVALID": 0,
        "MALICIOUS": 0,
        "SANE": 0,
        "VALID": 0,
        "total": 15652
    },
    "percentage": {
        "ACTIVE": 99.91055456171735,
        "INACTIVE": 0.09942475676443434,
        "INVALID": 0,
        "MALICIOUS": 0,
        "SANE": 0,
        "VALID": 0,
        "total": 100.00997931848178
    }
}