{
    "counter": {
        "ACTIVE": 12184,
        "INACTIVE": 24,
        "INVALID": 0,
        "MALICIOUS": 0,
        "SANE": 0,
        "VALID": 0,
        "total": 12208
    },
    "percentage": {
        "ACTIVE": 99.80340760157274,
        "INACTIVE": 0.19936866589134408,
        "INVALID": 0,
        "MALICIOUS": 0,
        "SANE": 0,
        "VALID": 0,
        "total": 100.00277626746409
    }
}