{
    "counter": {
        "ACTIVE": 4165,
        "INACTIVE": 21,
        "INVALID": 0,
        "MALICIOUS": 0,
        "SANE": 0,
        "VALID": 0,
        "total": 4186
    },
    "percentage": {
        "ACTIVE": 99.49832775919732,
        "INACTIVE": 0.6758931445123914,
        "INVALID": 0,
        "MALICIOUS": 0,
        "SANE": 0,
        "VALID": 0,
        "total": 100.17422090370971
    }
}