{
    "counter": {
        "ACTIVE": 15880,
        "INACTIVE": 47,
        "INVALID": 0,
        "MALICIOUS": 0,
        "SANE": 0,
        "VALID": 0,
        "total": 15927
    },
    "percentage": {
        "ACTIVE": 99.70490362277893,
        "INACTIVE": 0.35522636233088956,
        "INVALID": 0,
        "MALICIOUS": 0,
        "SANE": 0,
        "VALID": 0,
        "total": 100.06012998510982
    }
}