{
    "counter": {
        "ACTIVE": 17171,
        "INACTIVE": 22,
        "INVALID": 0,
        "MALICIOUS": 0,
        "SANE": 0,
        "VALID": 0,
        "total": 17193
    },
    "percentage": {
        "ACTIVE": 99.87204094689699,
        "INACTIVE": 0.1770053906187143,
        "INVALID": 0,
        "MALICIOUS": 0,
        "SANE": 0,
        "VALID": 0,
        "total": 100.0490463375157
    }
}