{
    "counter": {
        "ACTIVE": 16928,
        "INACTIVE": 10,
        "INVALID": 0,
        "MALICIOUS": 0,
        "SANE": 0,
        "VALID": 0,
        "total": 16938
    },
    "percentage": {
        "ACTIVE": 99.9409611524383,
        "INACTIVE": 0.062169723344731115,
        "INVALID": 0,
        "MALICIOUS": 0,
        "SANE": 0,
        "VALID": 0,
        "total": 100.00313087578304
    }
}