{
    "counter": {
        "ACTIVE": 14041,
        "INACTIVE": 32,
        "INVALID": 1,
        "MALICIOUS": 0,
        "SANE": 0,
        "VALID": 0,
        "total": 14074
    },
    "percentage": {
        "ACTIVE": 99.76552508171096,
        "INACTIVE": 0.2302158273381295,
        "INVALID": 0.010577533319229955,
        "MALICIOUS": 0,
        "SANE": 0,
        "VALID": 0,
        "total": 100.00631844236833
    }
}