{
    "counter": {
        "ACTIVE": 8455,
        "INACTIVE": 20,
        "INVALID": 0,
        "MALICIOUS": 0,
        "SANE": 0,
        "VALID": 0,
        "total": 8475
    },
    "percentage": {
        "ACTIVE": 99.76401179941003,
        "INACTIVE": 0.241196333815726,
        "INVALID": 0,
        "MALICIOUS": 0,
        "SANE": 0,
        "VALID": 0,
        "total": 100.00520813322575
    }
}