{
    "counter": {
        "ACTIVE": 279222,
        "INACTIVE": 14,
        "INVALID": 0,
        "MALICIOUS": 0,
        "SANE": 0,
        "VALID": 0,
        "total": 279236
    },
    "percentage": {
        "ACTIVE": 99.9949863198155,
        "INACTIVE": 0.006299212598425197,
        "INVALID": 0,
        "MALICIOUS": 0,
        "SANE": 0,
        "VALID": 0,
        "total": 100.00128553241392
    }
}