{
    "counter": {
        "ACTIVE": 16920,
        "INACTIVE": 3,
        "INVALID": 0,
        "MALICIOUS": 0,
        "SANE": 0,
        "VALID": 0,
        "total": 16923
    },
    "percentage": {
        "ACTIVE": 99.98227264669384,
        "INACTIVE": 0.018685767673621925,
        "INVALID": 0,
        "MALICIOUS": 0,
        "SANE": 0,
        "VALID": 0,
        "total": 100.00095841436746
    }
}