{
    "counter": {
        "ACTIVE": 16315,
        "INACTIVE": 28,
        "INVALID": 0,
        "MALICIOUS": 0,
        "SANE": 0,
        "VALID": 0,
        "total": 16343
    },
    "percentage": {
        "ACTIVE": 99.82867282628648,
        "INACTIVE": 0.17346053772766695,
        "INVALID": 0,
        "MALICIOUS": 0,
        "SANE": 0,
        "VALID": 0,
        "total": 100.00213336401414
    }
}