{
    "counter": {
        "ACTIVE": 32856,
        "INACTIVE": 9,
        "INVALID": 0,
        "MALICIOUS": 0,
        "SANE": 0,
        "VALID": 0,
        "total": 32865
    },
    "percentage": {
        "ACTIVE": 99.97261524418074,
        "INACTIVE": 0.03349959056055982,
        "INVALID": 0,
        "MALICIOUS": 0,
        "SANE": 0,
        "VALID": 0,
        "total": 100.00611483474131
    }
}