{
    "counter": {
        "ACTIVE": 117290,
        "INACTIVE": 12,
        "INVALID": 0,
        "MALICIOUS": 0,
        "SANE": 0,
        "VALID": 0,
        "total": 117302
    },
    "percentage": {
        "ACTIVE": 99.9897699953965,
        "INACTIVE": 0.010818412938821876,
        "INVALID": 0,
        "MALICIOUS": 0,
        "SANE": 0,
        "VALID": 0,
        "total": 100.00058840833532
    }
}