{
    "counter": {
        "ACTIVE": 13045,
        "INACTIVE": 4,
        "INVALID": 0,
        "MALICIOUS": 0,
        "SANE": 0,
        "VALID": 0,
        "total": 13049
    },
    "percentage": {
        "ACTIVE": 99.96934631006208,
        "INACTIVE": 0.4048582995951417,
        "INVALID": 0,
        "MALICIOUS": 0,
        "SANE": 0,
        "VALID": 0,
        "total": 100.37420460965723
    }
}