{
    "counter": {
        "ACTIVE": 8821,
        "INACTIVE": 25,
        "INVALID": 0,
        "MALICIOUS": 0,
        "SANE": 0,
        "VALID": 0,
        "total": 8846
    },
    "percentage": {
        "ACTIVE": 99.71738638932851,
        "INACTIVE": 0.2976899261728983,
        "INVALID": 0,
        "MALICIOUS": 0,
        "SANE": 0,
        "VALID": 0,
        "total": 100.0150763155014
    }
}