{
    "counter": {
        "ACTIVE": 14918,
        "INACTIVE": 5,
        "INVALID": 0,
        "MALICIOUS": 0,
        "SANE": 0,
        "VALID": 0,
        "total": 14923
    },
    "percentage": {
        "ACTIVE": 99.96649467265296,
        "INACTIVE": 0.038529706403637204,
        "INVALID": 0,
        "MALICIOUS": 0,
        "SANE": 0,
        "VALID": 0,
        "total": 100.0050243790566
    }
}