{
    "counter": {
        "ACTIVE": 9650,
        "INACTIVE": 50,
        "INVALID": 0,
        "MALICIOUS": 0,
        "SANE": 0,
        "VALID": 0,
        "total": 9700
    },
    "percentage": {
        "ACTIVE": 99.48453608247422,
        "INACTIVE": 0.5301664722722935,
        "INVALID": 0,
        "MALICIOUS": 0,
        "SANE": 0,
        "VALID": 0,
        "total": 100.01470255474652
    }
}