{
    "counter": {
        "ACTIVE": 11092,
        "INACTIVE": 6,
        "INVALID": 0,
        "MALICIOUS": 0,
        "SANE": 0,
        "VALID": 0,
        "total": 11098
    },
    "percentage": {
        "ACTIVE": 99.94593620472158,
        "INACTIVE": 0.08389261744966443,
        "INVALID": 0,
        "MALICIOUS": 0,
        "SANE": 0,
        "VALID": 0,
        "total": 100.02982882217124
    }
}