{
    "counter": {
        "ACTIVE": 15841,
        "INACTIVE": 4,
        "INVALID": 0,
        "MALICIOUS": 0,
        "SANE": 0,
        "VALID": 0,
        "total": 15845
    },
    "percentage": {
        "ACTIVE": 99.97475544335752,
        "INACTIVE": 0.038895371450797356,
        "INVALID": 0,
        "MALICIOUS": 0,
        "SANE": 0,
        "VALID": 0,
        "total": 100.01365081480832
    }
}