{
    "counter": {
        "ACTIVE": 16696,
        "INACTIVE": 24,
        "INVALID": 0,
        "MALICIOUS": 0,
        "SANE": 0,
        "VALID": 0,
        "total": 16720
    },
    "percentage": {
        "ACTIVE": 99.85645933014354,
        "INACTIVE": 0.16230472712517752,
        "INVALID": 0,
        "MALICIOUS": 0,
        "SANE": 0,
        "VALID": 0,
        "total": 100.01876405726871
    }
}