{
    "counter": {
        "ACTIVE": 15683,
        "INACTIVE": 44,
        "INVALID": 0,
        "MALICIOUS": 0,
        "SANE": 0,
        "VALID": 0,
        "total": 15727
    },
    "percentage": {
        "ACTIVE": 99.72022636230686,
        "INACTIVE": 0.28543626337982486,
        "INVALID": 0,
        "MALICIOUS": 0,
        "SANE": 0,
        "VALID": 0,
        "total": 100.00566262568668
    }
}