{
    "counter": {
        "ACTIVE": 14085,
        "INACTIVE": 31,
        "INVALID": 0,
        "MALICIOUS": 0,
        "SANE": 0,
        "VALID": 0,
        "total": 14116
    },
    "percentage": {
        "ACTIVE": 99.78039104562198,
        "INACTIVE": 0.2264426588750913,
        "INVALID": 0,
        "MALICIOUS": 0,
        "SANE": 0,
        "VALID": 0,
        "total": 100.00683370449707
    }
}