{
    "counter": {
        "ACTIVE": 14679,
        "INACTIVE": 2,
        "INVALID": 0,
        "MALICIOUS": 0,
        "SANE": 0,
        "VALID": 0,
        "total": 14681
    },
    "percentage": {
        "ACTIVE": 99.98637694979907,
        "INACTIVE": 0.013755158184319119,
        "INVALID": 0,
        "MALICIOUS": 0,
        "SANE": 0,
        "VALID": 0,
        "total": 100.00013210798339
    }
}