{
    "counter": {
        "ACTIVE": 15996,
        "INACTIVE": 9,
        "INVALID": 0,
        "MALICIOUS": 0,
        "SANE": 0,
        "VALID": 0,
        "total": 16005
    },
    "percentage": {
        "ACTIVE": 99.94376757263355,
        "INACTIVE": 0.0648508430609598,
        "INVALID": 0,
        "MALICIOUS": 0,
        "SANE": 0,
        "VALID": 0,
        "total": 100.00861841569451
    }
}