{
    "counter": {
        "ACTIVE": 8793,
        "INACTIVE": 1,
        "INVALID": 0,
        "MALICIOUS": 0,
        "SANE": 0,
        "VALID": 0,
        "total": 8794
    },
    "percentage": {
        "ACTIVE": 99.9886286104162,
        "INACTIVE": 0.012080212611741966,
        "INVALID": 0,
        "MALICIOUS": 0,
        "SANE": 0,
        "VALID": 0,
        "total": 100.00070882302794
    }
}