{
    "counter": {
        "ACTIVE": 9664,
        "INACTIVE": 3,
        "INVALID": 0,
        "MALICIOUS": 0,
        "SANE": 0,
        "VALID": 0,
        "total": 9667
    },
    "percentage": {
        "ACTIVE": 99.96896658735906,
        "INACTIVE": 0.0333370374486054,
        "INVALID": 0,
        "MALICIOUS": 0,
        "SANE": 0,
        "VALID": 0,
        "total": 100.00230362480767
    }
}