{
    "counter": {
        "ACTIVE": 15862,
        "INACTIVE": 87,
        "INVALID": 0,
        "MALICIOUS": 0,
        "SANE": 0,
        "VALID": 0,
        "total": 15949
    },
    "percentage": {
        "ACTIVE": 99.45451125462411,
        "INACTIVE": 0.7178217821782178,
        "INVALID": 0,
        "MALICIOUS": 0,
        "SANE": 0,
        "VALID": 0,
        "total": 100.17233303680233
    }
}