{
    "counter": {
        "ACTIVE": 18827,
        "INACTIVE": 4,
        "INVALID": 0,
        "MALICIOUS": 0,
        "SANE": 0,
        "VALID": 0,
        "total": 18831
    },
    "percentage": {
        "ACTIVE": 99.97875843024799,
        "INACTIVE": 0.021241569752004672,
        "INVALID": 0.0,
        "MALICIOUS": 0.0,
        "SANE": 0.0,
        "VALID": 0.0,
        "total": 100.0
    }
}