{
    "counter": {
        "ACTIVE": 15786,
        "INACTIVE": 5,
        "INVALID": 0,
        "MALICIOUS": 0,
        "SANE": 0,
        "VALID": 0,
        "total": 15791
    },
    "percentage": {
        "ACTIVE": 99.96833639414857,
        "INACTIVE": 0.05283178360101437,
        "INVALID": 0,
        "MALICIOUS": 0,
        "SANE": 0,
        "VALID": 0,
        "total": 100.02116817774957
    }
}