{
    "counter": {
        "ACTIVE": 15157,
        "INACTIVE": 5,
        "INVALID": 0,
        "MALICIOUS": 0,
        "SANE": 0,
        "VALID": 0,
        "total": 15162
    },
    "percentage": {
        "ACTIVE": 99.96702282020841,
        "INACTIVE": 0.03332222592469177,
        "INVALID": 0,
        "MALICIOUS": 0,
        "SANE": 0,
        "VALID": 0,
        "total": 100.0003450461331
    }
}