{
    "counter": {
        "ACTIVE": 16285,
        "INACTIVE": 1,
        "INVALID": 0,
        "MALICIOUS": 0,
        "SANE": 0,
        "VALID": 0,
        "total": 16286
    },
    "percentage": {
        "ACTIVE": 99.99385975684638,
        "INACTIVE": 0.03469812630117974,
        "INVALID": 0,
        "MALICIOUS": 0,
        "SANE": 0,
        "VALID": 0,
        "total": 100.02855788314756
    }
}