{
    "counter": {
        "ACTIVE": 12631,
        "INACTIVE": 34,
        "INVALID": 0,
        "MALICIOUS": 0,
        "SANE": 0,
        "VALID": 0,
        "total": 12665
    },
    "percentage": {
        "ACTIVE": 99.73154362416108,
        "INACTIVE": 0.27128381073964736,
        "INVALID": 0,
        "MALICIOUS": 0,
        "SANE": 0,
        "VALID": 0,
        "total": 100.00282743490072
    }
}