{
    "counter": {
        "ACTIVE": 10486,
        "INACTIVE": 4,
        "INVALID": 0,
        "MALICIOUS": 0,
        "SANE": 0,
        "VALID": 0,
        "total": 10490
    },
    "percentage": {
        "ACTIVE": 99.96186844613918,
        "INACTIVE": 0.060551014229488345,
        "INVALID": 0,
        "MALICIOUS": 0,
        "SANE": 0,
        "VALID": 0,
        "total": 100.02241946036867
    }
}