{
    "counter": {
        "ACTIVE": 6346,
        "INACTIVE": 16,
        "INVALID": 0,
        "MALICIOUS": 0,
        "SANE": 0,
        "VALID": 0,
        "total": 6362
    },
    "percentage": {
        "ACTIVE": 99.74850675888085,
        "INACTIVE": 0.2630713581058862,
        "INVALID": 0,
        "MALICIOUS": 0,
        "SANE": 0,
        "VALID": 0,
        "total": 100.01157811698674
    }
}