{
    "counter": {
        "ACTIVE": 8751,
        "INACTIVE": 9,
        "INVALID": 0,
        "MALICIOUS": 0,
        "SANE": 0,
        "VALID": 0,
        "total": 8760
    },
    "percentage": {
        "ACTIVE": 99.8972602739726,
        "INACTIVE": 0.11335012594458438,
        "INVALID": 0,
        "MALICIOUS": 0,
        "SANE": 0,
        "VALID": 0,
        "total": 100.01061039991718
    }
}