{
    "counter": {
        "ACTIVE": 15294,
        "INACTIVE": 4,
        "INVALID": 0,
        "MALICIOUS": 0,
        "SANE": 0,
        "VALID": 0,
        "total": 15298
    },
    "percentage": {
        "ACTIVE": 99.97385279121454,
        "INACTIVE": 0.02615233736515201,
        "INVALID": 0,
        "MALICIOUS": 0,
        "SANE": 0,
        "VALID": 0,
        "total": 100.00000512857969
    }
}