{
    "counter": {
        "ACTIVE": 4857,
        "INACTIVE": 1,
        "INVALID": 0,
        "MALICIOUS": 0,
        "SANE": 0,
        "VALID": 0,
        "total": 4858
    },
    "percentage": {
        "ACTIVE": 99.97941539728284,
        "INACTIVE": 0.028555111364934323,
        "INVALID": 0,
        "MALICIOUS": 0,
        "SANE": 0,
        "VALID": 0,
        "total": 100.00797050864777
    }
}