{
    "counter": {
        "ACTIVE": 608,
        "INACTIVE": 1,
        "INVALID": 0,
        "MALICIOUS": 0,
        "SANE": 0,
        "VALID": 0,
        "total": 609
    },
    "percentage": {
        "ACTIVE": 99.83579638752053,
        "INACTIVE": 0.2597402597402597,
        "INVALID": 0,
        "MALICIOUS": 0,
        "SANE": 0,
        "VALID": 0,
        "total": 100.09553664726079
    }
}