{
    "counter": {
        "ACTIVE": 204032,
        "INACTIVE": 13,
        "INVALID": 0,
        "MALICIOUS": 0,
        "SANE": 0,
        "VALID": 0,
        "total": 204045
    },
    "percentage": {
        "ACTIVE": 99.99362885637971,
        "INACTIVE": 0.010932086514850819,
        "INVALID": 0,
        "MALICIOUS": 0,
        "SANE": 0,
        "VALID": 0,
        "total": 100.00456094289457
    }
}