{
    "counter": {
        "ACTIVE": 16372,
        "INACTIVE": 10,
        "INVALID": 0,
        "MALICIOUS": 0,
        "SANE": 0,
        "VALID": 0,
        "total": 16382
    },
    "percentage": {
        "ACTIVE": 99.9389573922598,
        "INACTIVE": 0.062169723344731115,
        "INVALID": 0,
        "MALICIOUS": 0,
        "SANE": 0,
        "VALID": 0,
        "total": 100.00112711560453
    }
}