{
    "counter": {
        "ACTIVE": 16341,
        "INACTIVE": 3,
        "INVALID": 0,
        "MALICIOUS": 0,
        "SANE": 0,
        "VALID": 0,
        "total": 16344
    },
    "percentage": {
        "ACTIVE": 99.98164464023495,
        "INACTIVE": 0.019214756933324792,
        "INVALID": 0,
        "MALICIOUS": 0,
        "SANE": 0,
        "VALID": 0,
        "total": 100.00085939716827
    }
}