{
    "counter": {
        "ACTIVE": 39880,
        "INACTIVE": 36,
        "INVALID": 1,
        "MALICIOUS": 0,
        "SANE": 0,
        "VALID": 0,
        "total": 39917
    },
    "percentage": {
        "ACTIVE": 99.90730766340155,
        "INACTIVE": 0.1837953744830755,
        "INVALID": 0.010577533319229955,
        "MALICIOUS": 0,
        "SANE": 0,
        "VALID": 0,
        "total": 100.10168057120386
    }
}