{
    "counter": {
        "ACTIVE": 16010,
        "INACTIVE": 37,
        "INVALID": 0,
        "MALICIOUS": 0,
        "SANE": 0,
        "VALID": 0,
        "total": 16047
    },
    "percentage": {
        "ACTIVE": 99.76942730728486,
        "INACTIVE": 0.285010013865352,
        "INVALID": 0,
        "MALICIOUS": 0,
        "SANE": 0,
        "VALID": 0,
        "total": 100.0544373211502
    }
}