{
    "counter": {
        "ACTIVE": 7494,
        "INACTIVE": 14,
        "INVALID": 0,
        "MALICIOUS": 0,
        "SANE": 0,
        "VALID": 0,
        "total": 7508
    },
    "percentage": {
        "ACTIVE": 99.81353223228557,
        "INACTIVE": 0.19869429463525404,
        "INVALID": 0,
        "MALICIOUS": 0,
        "SANE": 0,
        "VALID": 0,
        "total": 100.01222652692083
    }
}