{
    "counter": {
        "ACTIVE": 8557,
        "INACTIVE": 19,
        "INVALID": 0,
        "MALICIOUS": 0,
        "SANE": 0,
        "VALID": 0,
        "total": 8576
    },
    "percentage": {
        "ACTIVE": 99.77845149253731,
        "INACTIVE": 0.24830109775222164,
        "INVALID": 0,
        "MALICIOUS": 0,
        "SANE": 0,
        "VALID": 0,
        "total": 100.02675259028953
    }
}