{
    "counter": {
        "ACTIVE": 7291,
        "INACTIVE": 6,
        "INVALID": 0,
        "MALICIOUS": 0,
        "SANE": 0,
        "VALID": 0,
        "total": 7297
    },
    "percentage": {
        "ACTIVE": 99.91777442784706,
        "INACTIVE": 0.08389261744966443,
        "INVALID": 0,
        "MALICIOUS": 0,
        "SANE": 0,
        "VALID": 0,
        "total": 100.00166704529673
    }
}