{
    "counter": {
        "ACTIVE": 16717,
        "INACTIVE": 8,
        "INVALID": 0,
        "MALICIOUS": 0,
        "SANE": 0,
        "VALID": 0,
        "total": 16725
    },
    "percentage": {
        "ACTIVE": 99.95216741405082,
        "INACTIVE": 0.06608293408227325,
        "INVALID": 0,
        "MALICIOUS": 0,
        "SANE": 0,
        "VALID": 0,
        "total": 100.0182503481331
    }
}