{
    "counter": {
        "ACTIVE": 16114,
        "INACTIVE": 24,
        "INVALID": 0,
        "MALICIOUS": 0,
        "SANE": 0,
        "VALID": 0,
        "total": 16138
    },
    "percentage": {
        "ACTIVE": 99.85128268682612,
        "INACTIVE": 0.14871731317387532,
        "INVALID": 0.0,
        "MALICIOUS": 0.0,
        "SANE": 0.0,
        "VALID": 0.0,
        "total": 100.0
    }
}