{
    "counter": {
        "ACTIVE": 7917,
        "INACTIVE": 32,
        "INVALID": 0,
        "MALICIOUS": 0,
        "SANE": 0,
        "VALID": 0,
        "total": 7949
    },
    "percentage": {
        "ACTIVE": 99.59743363945151,
        "INACTIVE": 0.4653868528214078,
        "INVALID": 0,
        "MALICIOUS": 0,
        "SANE": 0,
        "VALID": 0,
        "total": 100.06282049227292
    }
}