{
    "counter": {
        "ACTIVE": 100975,
        "INACTIVE": 10,
        "INVALID": 0,
        "MALICIOUS": 0,
        "SANE": 0,
        "VALID": 0,
        "total": 100985
    },
    "percentage": {
        "ACTIVE": 99.9900975392385,
        "INACTIVE": 0.02183549140773413,
        "INVALID": 0,
        "MALICIOUS": 0,
        "SANE": 0,
        "VALID": 0,
        "total": 100.01193303064623
    }
}