{
    "counter": {
        "ACTIVE": 16826,
        "INACTIVE": 1,
        "INVALID": 0,
        "MALICIOUS": 0,
        "SANE": 0,
        "VALID": 0,
        "total": 16827
    },
    "percentage": {
        "ACTIVE": 99.99405717002436,
        "INACTIVE": 0.03469812630117974,
        "INVALID": 0,
        "MALICIOUS": 0,
        "SANE": 0,
        "VALID": 0,
        "total": 100.02875529632554
    }
}