{
    "counter": {
        "ACTIVE": 14249,
        "INACTIVE": 10,
        "INVALID": 0,
        "MALICIOUS": 0,
        "SANE": 0,
        "VALID": 0,
        "total": 14259
    },
    "percentage": {
        "ACTIVE": 99.9298688547584,
        "INACTIVE": 0.13449899125756556,
        "INVALID": 0,
        "MALICIOUS": 0,
        "SANE": 0,
        "VALID": 0,
        "total": 100.06436784601595
    }
}