{
    "counter": {
        "ACTIVE": 16440,
        "INACTIVE": 24,
        "INVALID": 0,
        "MALICIOUS": 0,
        "SANE": 0,
        "VALID": 0,
        "total": 16464
    },
    "percentage": {
        "ACTIVE": 99.85422740524781,
        "INACTIVE": 0.16230472712517752,
        "INVALID": 0,
        "MALICIOUS": 0,
        "SANE": 0,
        "VALID": 0,
        "total": 100.01653213237299
    }
}