{
    "counter": {
        "ACTIVE": 4396,
        "INACTIVE": 1,
        "INVALID": 0,
        "MALICIOUS": 0,
        "SANE": 0,
        "VALID": 0,
        "total": 4397
    },
    "percentage": {
        "ACTIVE": 99.97725722083239,
        "INACTIVE": 0.5555555555555556,
        "INVALID": 0,
        "MALICIOUS": 0,
        "SANE": 0,
        "VALID": 0,
        "total": 100.53281277638794
    }
}