{
    "counter": {
        "ACTIVE": 6918,
        "INACTIVE": 31,
        "INVALID": 0,
        "MALICIOUS": 0,
        "SANE": 0,
        "VALID": 0,
        "total": 6949
    },
    "percentage": {
        "ACTIVE": 99.55389264642395,
        "INACTIVE": 0.4570923031554114,
        "INVALID": 0,
        "MALICIOUS": 0,
        "SANE": 0,
        "VALID": 0,
        "total": 100.01098494957935
    }
}