{
    "counter": {
        "ACTIVE": 15902,
        "INACTIVE": 18,
        "INVALID": 0,
        "MALICIOUS": 0,
        "SANE": 0,
        "VALID": 0,
        "total": 15920
    },
    "percentage": {
        "ACTIVE": 99.88693467336684,
        "INACTIVE": 0.1601993592025632,
        "INVALID": 0,
        "MALICIOUS": 0,
        "SANE": 0,
        "VALID": 0,
        "total": 100.0471340325694
    }
}