{
    "counter": {
        "ACTIVE": 17201,
        "INACTIVE": 996,
        "INVALID": 0,
        "MALICIOUS": 0,
        "SANE": 0,
        "VALID": 0,
        "total": 18197
    },
    "percentage": {
        "ACTIVE": 94.52657031378799,
        "INACTIVE": 5.473429686212013,
        "INVALID": 0.0,
        "MALICIOUS": 0.0,
        "SANE": 0.0,
        "VALID": 0.0,
        "total": 100.0
    }
}