{
    "counter": {
        "ACTIVE": 15596,
        "INACTIVE": 3,
        "INVALID": 0,
        "MALICIOUS": 0,
        "SANE": 0,
        "VALID": 0,
        "total": 15599
    },
    "percentage": {
        "ACTIVE": 99.98076799794859,
        "INACTIVE": 0.08027829810008028,
        "INVALID": 0,
        "MALICIOUS": 0,
        "SANE": 0,
        "VALID": 0,
        "total": 100.06104629604867
    }
}