{
    "counter": {
        "ACTIVE": 18872,
        "INACTIVE": 3,
        "INVALID": 0,
        "MALICIOUS": 0,
        "SANE": 0,
        "VALID": 0,
        "total": 18875
    },
    "percentage": {
        "ACTIVE": 99.9841059602649,
        "INACTIVE": 0.015894039735099338,
        "INVALID": 0.0,
        "MALICIOUS": 0.0,
        "SANE": 0.0,
        "VALID": 0.0,
        "total": 100.0
    }
}