{
    "counter": {
        "ACTIVE": 13519,
        "INACTIVE": 8,
        "INVALID": 0,
        "MALICIOUS": 0,
        "SANE": 0,
        "VALID": 0,
        "total": 13527
    },
    "percentage": {
        "ACTIVE": 99.94085902269535,
        "INACTIVE": 0.10007505629221916,
        "INVALID": 0,
        "MALICIOUS": 0,
        "SANE": 0,
        "VALID": 0,
        "total": 100.04093407898756
    }
}