{
    "counter": {
        "ACTIVE": 8969,
        "INACTIVE": 2,
        "INVALID": 0,
        "MALICIOUS": 0,
        "SANE": 0,
        "VALID": 0,
        "total": 8971
    },
    "percentage": {
        "ACTIVE": 99.97770594136662,
        "INACTIVE": 0.027525461051472612,
        "INVALID": 0,
        "MALICIOUS": 0,
        "SANE": 0,
        "VALID": 0,
        "total": 100.00523140241809
    }
}