{
    "counter": {
        "ACTIVE": 3132,
        "INACTIVE": 4,
        "INVALID": 0,
        "MALICIOUS": 0,
        "SANE": 0,
        "VALID": 0,
        "total": 3136
    },
    "percentage": {
        "ACTIVE": 99.87244897959184,
        "INACTIVE": 0.1524390243902439,
        "INVALID": 0,
        "MALICIOUS": 0,
        "SANE": 0,
        "VALID": 0,
        "total": 100.02488800398208
    }
}