{
    "counter": {
        "ACTIVE": 9150,
        "INACTIVE": 7,
        "INVALID": 0,
        "MALICIOUS": 0,
        "SANE": 0,
        "VALID": 0,
        "total": 9157
    },
    "percentage": {
        "ACTIVE": 99.92355574969969,
        "INACTIVE": 0.09358288770053476,
        "INVALID": 0,
        "MALICIOUS": 0,
        "SANE": 0,
        "VALID": 0,
        "total": 100.01713863740022
    }
}