{
    "counter": {
        "ACTIVE": 16139,
        "INACTIVE": 35,
        "INVALID": 0,
        "MALICIOUS": 0,
        "SANE": 0,
        "VALID": 0,
        "total": 16174
    },
    "percentage": {
        "ACTIVE": 99.78360331396068,
        "INACTIVE": 0.2345687286374908,
        "INVALID": 0,
        "MALICIOUS": 0,
        "SANE": 0,
        "VALID": 0,
        "total": 100.01817204259817
    }
}