{
    "counter": {
        "ACTIVE": 1699,
        "INACTIVE": 2,
        "INVALID": 0,
        "MALICIOUS": 0,
        "SANE": 0,
        "VALID": 0,
        "total": 1701
    },
    "percentage": {
        "ACTIVE": 99.88242210464432,
        "INACTIVE": 0.1297016861219196,
        "INVALID": 0,
        "MALICIOUS": 0,
        "SANE": 0,
        "VALID": 0,
        "total": 100.01212379076624
    }
}