{
    "counter": {
        "ACTIVE": 6027,
        "INACTIVE": 74,
        "INVALID": 0,
        "MALICIOUS": 0,
        "SANE": 0,
        "VALID": 0,
        "total": 6101
    },
    "percentage": {
        "ACTIVE": 98.78708408457629,
        "INACTIVE": 1.2151067323481117,
        "INVALID": 0,
        "MALICIOUS": 0,
        "SANE": 0,
        "VALID": 0,
        "total": 100.00219081692441
    }
}