{
    "counter": {
        "ACTIVE": 2320,
        "INACTIVE": 1,
        "INVALID": 0,
        "MALICIOUS": 0,
        "SANE": 0,
        "VALID": 0,
        "total": 2321
    },
    "percentage": {
        "ACTIVE": 99.9569151227919,
        "INACTIVE": 0.04812319538017324,
        "INVALID": 0,
        "MALICIOUS": 0,
        "SANE": 0,
        "VALID": 0,
        "total": 100.00503831817207
    }
}