{
    "counter": {
        "ACTIVE": 16666,
        "INACTIVE": 14,
        "INVALID": 0,
        "MALICIOUS": 0,
        "SANE": 0,
        "VALID": 0,
        "total": 16680
    },
    "percentage": {
        "ACTIVE": 99.91606714628297,
        "INACTIVE": 0.08394291881520566,
        "INVALID": 0,
        "MALICIOUS": 0,
        "SANE": 0,
        "VALID": 0,
        "total": 100.00001006509818
    }
}