{
    "counter": {
        "ACTIVE": 15249,
        "INACTIVE": 46,
        "INVALID": 0,
        "MALICIOUS": 0,
        "SANE": 0,
        "VALID": 0,
        "total": 15295
    },
    "percentage": {
        "ACTIVE": 99.69924812030075,
        "INACTIVE": 0.3133301546216198,
        "INVALID": 0,
        "MALICIOUS": 0,
        "SANE": 0,
        "VALID": 0,
        "total": 100.01257827492238
    }
}