{
    "counter": {
        "ACTIVE": 16006,
        "INACTIVE": 9,
        "INVALID": 0,
        "MALICIOUS": 0,
        "SANE": 0,
        "VALID": 0,
        "total": 16015
    },
    "percentage": {
        "ACTIVE": 99.94380268498283,
        "INACTIVE": 0.056211354693648116,
        "INVALID": 0,
        "MALICIOUS": 0,
        "SANE": 0,
        "VALID": 0,
        "total": 100.00001403967647
    }
}