{
    "counter": {
        "ACTIVE": 15568,
        "INACTIVE": 3,
        "INVALID": 0,
        "MALICIOUS": 0,
        "SANE": 0,
        "VALID": 0,
        "total": 15571
    },
    "percentage": {
        "ACTIVE": 99.98073341468114,
        "INACTIVE": 0.019719976336028396,
        "INVALID": 0,
        "MALICIOUS": 0,
        "SANE": 0,
        "VALID": 0,
        "total": 100.00045339101717
    }
}