{
    "counter": {
        "ACTIVE": 16410,
        "INACTIVE": 2,
        "INVALID": 0,
        "MALICIOUS": 0,
        "SANE": 0,
        "VALID": 0,
        "total": 16412
    },
    "percentage": {
        "ACTIVE": 99.9878137947843,
        "INACTIVE": 0.02557544757033248,
        "INVALID": 0,
        "MALICIOUS": 0,
        "SANE": 0,
        "VALID": 0,
        "total": 100.01338924235463
    }
}