{
    "counter": {
        "ACTIVE": 16013,
        "INACTIVE": 37,
        "INVALID": 0,
        "MALICIOUS": 0,
        "SANE": 0,
        "VALID": 0,
        "total": 16050
    },
    "percentage": {
        "ACTIVE": 99.76947040498442,
        "INACTIVE": 0.285010013865352,
        "INVALID": 0,
        "MALICIOUS": 0,
        "SANE": 0,
        "VALID": 0,
        "total": 100.05448041884976
    }
}