{
    "counter": {
        "ACTIVE": 15540,
        "INACTIVE": 75,
        "INVALID": 0,
        "MALICIOUS": 0,
        "SANE": 0,
        "VALID": 0,
        "total": 15615
    },
    "percentage": {
        "ACTIVE": 99.5196926032661,
        "INACTIVE": 0.4894922333898969,
        "INVALID": 0,
        "MALICIOUS": 0,
        "SANE": 0,
        "VALID": 0,
        "total": 100.00918483665599
    }
}