{
    "counter": {
        "ACTIVE": 10375,
        "INACTIVE": 3,
        "INVALID": 0,
        "MALICIOUS": 0,
        "SANE": 0,
        "VALID": 0,
        "total": 10378
    },
    "percentage": {
        "ACTIVE": 99.97109269608788,
        "INACTIVE": 0.0333370374486054,
        "INVALID": 0,
        "MALICIOUS": 0,
        "SANE": 0,
        "VALID": 0,
        "total": 100.00442973353648
    }
}