{
    "counter": {
        "ACTIVE": 16717,
        "INACTIVE": 24,
        "INVALID": 0,
        "MALICIOUS": 0,
        "SANE": 0,
        "VALID": 0,
        "total": 16741
    },
    "percentage": {
        "ACTIVE": 99.85663938832806,
        "INACTIVE": 0.14336061167194314,
        "INVALID": 0.0,
        "MALICIOUS": 0.0,
        "SANE": 0.0,
        "VALID": 0.0,
        "total": 100.0
    }
}