{
    "counter": {
        "ACTIVE": 261716,
        "INACTIVE": 14,
        "INVALID": 0,
        "MALICIOUS": 0,
        "SANE": 0,
        "VALID": 0,
        "total": 261730
    },
    "percentage": {
        "ACTIVE": 99.99465097619684,
        "INACTIVE": 0.006299212598425197,
        "INVALID": 0,
        "MALICIOUS": 0,
        "SANE": 0,
        "VALID": 0,
        "total": 100.00095018879526
    }
}