{
    "counter": {
        "ACTIVE": 14970,
        "INACTIVE": 87,
        "INVALID": 0,
        "MALICIOUS": 0,
        "SANE": 0,
        "VALID": 0,
        "total": 15057
    },
    "percentage": {
        "ACTIVE": 99.42219565650528,
        "INACTIVE": 0.7178217821782178,
        "INVALID": 0,
        "MALICIOUS": 0,
        "SANE": 0,
        "VALID": 0,
        "total": 100.1400174386835
    }
}