{
    "counter": {
        "ACTIVE": 8694,
        "INACTIVE": 26,
        "INVALID": 0,
        "MALICIOUS": 0,
        "SANE": 0,
        "VALID": 0,
        "total": 8720
    },
    "percentage": {
        "ACTIVE": 99.70183486238533,
        "INACTIVE": 0.3235843186060983,
        "INVALID": 0,
        "MALICIOUS": 0,
        "SANE": 0,
        "VALID": 0,
        "total": 100.02541918099142
    }
}