{
    "counter": {
        "ACTIVE": 12152,
        "INACTIVE": 32,
        "INVALID": 0,
        "MALICIOUS": 0,
        "SANE": 0,
        "VALID": 0,
        "total": 12184
    },
    "percentage": {
        "ACTIVE": 99.73736047275115,
        "INACTIVE": 0.274796049806784,
        "INVALID": 0,
        "MALICIOUS": 0,
        "SANE": 0,
        "VALID": 0,
        "total": 100.01215652255793
    }
}