{
    "counter": {
        "ACTIVE": 12075,
        "INACTIVE": 4,
        "INVALID": 0,
        "MALICIOUS": 0,
        "SANE": 0,
        "VALID": 0,
        "total": 12079
    },
    "percentage": {
        "ACTIVE": 99.96688467588376,
        "INACTIVE": 0.06608293408227325,
        "INVALID": 0,
        "MALICIOUS": 0,
        "SANE": 0,
        "VALID": 0,
        "total": 100.03296760996604
    }
}