{
    "counter": {
        "ACTIVE": 15891,
        "INACTIVE": 930,
        "INVALID": 0,
        "MALICIOUS": 0,
        "SANE": 0,
        "VALID": 0,
        "total": 16821
    },
    "percentage": {
        "ACTIVE": 94.47119671838773,
        "INACTIVE": 5.52880328161227,
        "INVALID": 0.0,
        "MALICIOUS": 0.0,
        "SANE": 0.0,
        "VALID": 0.0,
        "total": 100.0
    }
}