{
    "counter": {
        "ACTIVE": 3757,
        "INACTIVE": 7,
        "INVALID": 0,
        "MALICIOUS": 0,
        "SANE": 0,
        "VALID": 0,
        "total": 3764
    },
    "percentage": {
        "ACTIVE": 99.81402763018066,
        "INACTIVE": 0.1984126984126984,
        "INVALID": 0,
        "MALICIOUS": 0,
        "SANE": 0,
        "VALID": 0,
        "total": 100.01244032859336
    }
}