{
    "counter": {
        "ACTIVE": 18819,
        "INACTIVE": 6,
        "INVALID": 0,
        "MALICIOUS": 0,
        "SANE": 0,
        "VALID": 0,
        "total": 18825
    },
    "percentage": {
        "ACTIVE": 99.96812749003983,
        "INACTIVE": 0.03187250996015936,
        "INVALID": 0.0,
        "MALICIOUS": 0.0,
        "SANE": 0.0,
        "VALID": 0.0,
        "total": 100.0
    }
}