{
    "counter": {
        "ACTIVE": 15841,
        "INACTIVE": 35,
        "INVALID": 0,
        "MALICIOUS": 0,
        "SANE": 0,
        "VALID": 0,
        "total": 15876
    },
    "percentage": {
        "ACTIVE": 99.77954144620811,
        "INACTIVE": 0.24354603019970775,
        "INVALID": 0,
        "MALICIOUS": 0,
        "SANE": 0,
        "VALID": 0,
        "total": 100.02308747640782
    }
}