{
    "counter": {
        "ACTIVE": 41115,
        "INACTIVE": 4,
        "INVALID": 0,
        "MALICIOUS": 0,
        "SANE": 0,
        "VALID": 0,
        "total": 41119
    },
    "percentage": {
        "ACTIVE": 99.99027213696831,
        "INACTIVE": 0.013466199838405602,
        "INVALID": 0,
        "MALICIOUS": 0,
        "SANE": 0,
        "VALID": 0,
        "total": 100.00373833680672
    }
}