{
    "counter": {
        "ACTIVE": 2421,
        "INACTIVE": 7,
        "INVALID": 0,
        "MALICIOUS": 0,
        "SANE": 0,
        "VALID": 0,
        "total": 2428
    },
    "percentage": {
        "ACTIVE": 99.71169686985174,
        "INACTIVE": 0.31832651205093226,
        "INVALID": 0,
        "MALICIOUS": 0,
        "SANE": 0,
        "VALID": 0,
        "total": 100.03002338190267
    }
}