{
    "counter": {
        "ACTIVE": 13283,
        "INACTIVE": 5,
        "INVALID": 0,
        "MALICIOUS": 0,
        "SANE": 0,
        "VALID": 0,
        "total": 13288
    },
    "percentage": {
        "ACTIVE": 99.96237206502107,
        "INACTIVE": 0.05041847332862761,
        "INVALID": 0,
        "MALICIOUS": 0,
        "SANE": 0,
        "VALID": 0,
        "total": 100.0127905383497
    }
}