{
    "counter": {
        "ACTIVE": 14741,
        "INACTIVE": 6,
        "INVALID": 0,
        "MALICIOUS": 0,
        "SANE": 0,
        "VALID": 0,
        "total": 14747
    },
    "percentage": {
        "ACTIVE": 99.95931375873059,
        "INACTIVE": 0.04094724629768648,
        "INVALID": 0,
        "MALICIOUS": 0,
        "SANE": 0,
        "VALID": 0,
        "total": 100.00026100502828
    }
}