{
    "counter": {
        "ACTIVE": 199768,
        "INACTIVE": 13,
        "INVALID": 0,
        "MALICIOUS": 0,
        "SANE": 0,
        "VALID": 0,
        "total": 199781
    },
    "percentage": {
        "ACTIVE": 99.9934928746978,
        "INACTIVE": 0.010932086514850819,
        "INVALID": 0,
        "MALICIOUS": 0,
        "SANE": 0,
        "VALID": 0,
        "total": 100.00442496121265
    }
}