{
    "counter": {
        "ACTIVE": 47638,
        "INACTIVE": 4,
        "INVALID": 0,
        "MALICIOUS": 0,
        "SANE": 0,
        "VALID": 0,
        "total": 47642
    },
    "percentage": {
        "ACTIVE": 99.99160404684942,
        "INACTIVE": 0.013466199838405602,
        "INVALID": 0,
        "MALICIOUS": 0,
        "SANE": 0,
        "VALID": 0,
        "total": 100.00507024668782
    }
}