{
    "counter": {
        "ACTIVE": 9427,
        "INACTIVE": 3,
        "INVALID": 0,
        "MALICIOUS": 0,
        "SANE": 0,
        "VALID": 0,
        "total": 9430
    },
    "percentage": {
        "ACTIVE": 99.96818663838812,
        "INACTIVE": 0.05466472303206997,
        "INVALID": 0,
        "MALICIOUS": 0,
        "SANE": 0,
        "VALID": 0,
        "total": 100.0228513614202
    }
}