{
    "counter": {
        "ACTIVE": 10273,
        "INACTIVE": 16,
        "INVALID": 0,
        "MALICIOUS": 0,
        "SANE": 0,
        "VALID": 0,
        "total": 10289
    },
    "percentage": {
        "ACTIVE": 99.84449411993391,
        "INACTIVE": 0.18315018315018314,
        "INVALID": 0,
        "MALICIOUS": 0,
        "SANE": 0,
        "VALID": 0,
        "total": 100.0276443030841
    }
}