{
    "counter": {
        "ACTIVE": 9333,
        "INACTIVE": 29,
        "INVALID": 0,
        "MALICIOUS": 0,
        "SANE": 0,
        "VALID": 0,
        "total": 9362
    },
    "percentage": {
        "ACTIVE": 99.69023712881862,
        "INACTIVE": 0.3332950235605103,
        "INVALID": 0,
        "MALICIOUS": 0,
        "SANE": 0,
        "VALID": 0,
        "total": 100.02353215237913
    }
}