{
    "counter": {
        "ACTIVE": 38524,
        "INACTIVE": 35,
        "INVALID": 0,
        "MALICIOUS": 0,
        "SANE": 0,
        "VALID": 0,
        "total": 38559
    },
    "percentage": {
        "ACTIVE": 99.90923001115173,
        "INACTIVE": 0.18809114359415305,
        "INVALID": 0,
        "MALICIOUS": 0,
        "SANE": 0,
        "VALID": 0,
        "total": 100.09732115474588
    }
}