{
    "counter": {
        "ACTIVE": 15460,
        "INACTIVE": 1,
        "INVALID": 0,
        "MALICIOUS": 0,
        "SANE": 0,
        "VALID": 0,
        "total": 15461
    },
    "percentage": {
        "ACTIVE": 99.99353211305866,
        "INACTIVE": 0.006779661016949152,
        "INVALID": 0,
        "MALICIOUS": 0,
        "SANE": 0,
        "VALID": 0,
        "total": 100.00031177407561
    }
}