{
    "counter": {
        "ACTIVE": 15768,
        "INACTIVE": 34,
        "INVALID": 0,
        "MALICIOUS": 0,
        "SANE": 0,
        "VALID": 0,
        "total": 15802
    },
    "percentage": {
        "ACTIVE": 99.7848373623592,
        "INACTIVE": 0.2242152466367713,
        "INVALID": 0,
        "MALICIOUS": 0,
        "SANE": 0,
        "VALID": 0,
        "total": 100.00905260899597
    }
}