{
    "counter": {
        "ACTIVE": 16026,
        "INACTIVE": 22,
        "INVALID": 0,
        "MALICIOUS": 0,
        "SANE": 0,
        "VALID": 0,
        "total": 16048
    },
    "percentage": {
        "ACTIVE": 99.8629112662014,
        "INACTIVE": 0.1770053906187143,
        "INVALID": 0,
        "MALICIOUS": 0,
        "SANE": 0,
        "VALID": 0,
        "total": 100.03991665682011
    }
}