{
    "counter": {
        "ACTIVE": 18898,
        "INACTIVE": 3,
        "INVALID": 0,
        "MALICIOUS": 0,
        "SANE": 0,
        "VALID": 0,
        "total": 18901
    },
    "percentage": {
        "ACTIVE": 99.98412782392467,
        "INACTIVE": 0.01587217607533993,
        "INVALID": 0.0,
        "MALICIOUS": 0.0,
        "SANE": 0.0,
        "VALID": 0.0,
        "total": 100.0
    }
}