{
    "counter": {
        "ACTIVE": 7362,
        "INACTIVE": 4,
        "INVALID": 0,
        "MALICIOUS": 0,
        "SANE": 0,
        "VALID": 0,
        "total": 7366
    },
    "percentage": {
        "ACTIVE": 99.94569644311703,
        "INACTIVE": 0.07459903021260723,
        "INVALID": 0,
        "MALICIOUS": 0,
        "SANE": 0,
        "VALID": 0,
        "total": 100.02029547332964
    }
}