{
    "counter": {
        "ACTIVE": 16824,
        "INACTIVE": 24,
        "INVALID": 0,
        "MALICIOUS": 0,
        "SANE": 0,
        "VALID": 0,
        "total": 16848
    },
    "percentage": {
        "ACTIVE": 99.85754985754986,
        "INACTIVE": 0.14245014245014245,
        "INVALID": 0.0,
        "MALICIOUS": 0.0,
        "SANE": 0.0,
        "VALID": 0.0,
        "total": 100.0
    }
}