{
    "counter": {
        "ACTIVE": 17145,
        "INACTIVE": 22,
        "INVALID": 0,
        "MALICIOUS": 0,
        "SANE": 0,
        "VALID": 0,
        "total": 17167
    },
    "percentage": {
        "ACTIVE": 99.87184714859906,
        "INACTIVE": 0.1770053906187143,
        "INVALID": 0,
        "MALICIOUS": 0,
        "SANE": 0,
        "VALID": 0,
        "total": 100.04885253921778
    }
}