{
    "counter": {
        "ACTIVE": 16520,
        "INACTIVE": 4,
        "INVALID": 0,
        "MALICIOUS": 0,
        "SANE": 0,
        "VALID": 0,
        "total": 16524
    },
    "percentage": {
        "ACTIVE": 99.97579278625031,
        "INACTIVE": 0.027212735560242195,
        "INVALID": 0,
        "MALICIOUS": 0,
        "SANE": 0,
        "VALID": 0,
        "total": 100.00300552181055
    }
}