{
    "counter": {
        "ACTIVE": 253197,
        "INACTIVE": 14,
        "INVALID": 0,
        "MALICIOUS": 0,
        "SANE": 0,
        "VALID": 0,
        "total": 253211
    },
    "percentage": {
        "ACTIVE": 99.99447101429243,
        "INACTIVE": 0.006299212598425197,
        "INVALID": 0,
        "MALICIOUS": 0,
        "SANE": 0,
        "VALID": 0,
        "total": 100.00077022689085
    }
}