{
    "counter": {
        "ACTIVE": 10824,
        "INACTIVE": 34,
        "INVALID": 0,
        "MALICIOUS": 0,
        "SANE": 0,
        "VALID": 0,
        "total": 10858
    },
    "percentage": {
        "ACTIVE": 99.68686682630319,
        "INACTIVE": 0.40375252345327156,
        "INVALID": 0,
        "MALICIOUS": 0,
        "SANE": 0,
        "VALID": 0,
        "total": 100.09061934975647
    }
}