{
    "counter": {
        "ACTIVE": 1682,
        "INACTIVE": 1,
        "INVALID": 0,
        "MALICIOUS": 0,
        "SANE": 0,
        "VALID": 0,
        "total": 1683
    },
    "percentage": {
        "ACTIVE": 99.94058229352348,
        "INACTIVE": 0.08389261744966443,
        "INVALID": 0,
        "MALICIOUS": 0,
        "SANE": 0,
        "VALID": 0,
        "total": 100.02447491097314
    }
}