{
    "counter": {
        "ACTIVE": 15336,
        "INACTIVE": 14,
        "INVALID": 0,
        "MALICIOUS": 0,
        "SANE": 0,
        "VALID": 0,
        "total": 15350
    },
    "percentage": {
        "ACTIVE": 99.90879478827361,
        "INACTIVE": 0.10213014298220018,
        "INVALID": 0,
        "MALICIOUS": 0,
        "SANE": 0,
        "VALID": 0,
        "total": 100.01092493125581
    }
}