{
    "counter": {
        "ACTIVE": 14053,
        "INACTIVE": 4,
        "INVALID": 0,
        "MALICIOUS": 0,
        "SANE": 0,
        "VALID": 0,
        "total": 14057
    },
    "percentage": {
        "ACTIVE": 99.9715444262645,
        "INACTIVE": 0.0324254215304799,
        "INVALID": 0,
        "MALICIOUS": 0,
        "SANE": 0,
        "VALID": 0,
        "total": 100.00396984779498
    }
}