{
    "counter": {
        "ACTIVE": 15664,
        "INACTIVE": 11,
        "INVALID": 0,
        "MALICIOUS": 0,
        "SANE": 0,
        "VALID": 0,
        "total": 15675
    },
    "percentage": {
        "ACTIVE": 99.9298245614035,
        "INACTIVE": 0.0728959575878065,
        "INVALID": 0,
        "MALICIOUS": 0,
        "SANE": 0,
        "VALID": 0,
        "total": 100.00272051899131
    }
}