{
    "counter": {
        "ACTIVE": 17410,
        "INACTIVE": 27,
        "INVALID": 1,
        "MALICIOUS": 0,
        "SANE": 0,
        "VALID": 0,
        "total": 17438
    },
    "percentage": {
        "ACTIVE": 99.83943112742287,
        "INACTIVE": 0.15504766280004595,
        "INVALID": 0.0057405281285878304,
        "MALICIOUS": 0,
        "SANE": 0,
        "VALID": 0,
        "total": 100.0002193183515
    }
}