{
    "counter": {
        "ACTIVE": 15496,
        "INACTIVE": 4,
        "INVALID": 0,
        "MALICIOUS": 0,
        "SANE": 0,
        "VALID": 0,
        "total": 15500
    },
    "percentage": {
        "ACTIVE": 99.97419354838709,
        "INACTIVE": 0.02659397646433083,
        "INVALID": 0,
        "MALICIOUS": 0,
        "SANE": 0,
        "VALID": 0,
        "total": 100.00078752485142
    }
}