{
    "counter": {
        "ACTIVE": 36575,
        "INACTIVE": 9,
        "INVALID": 0,
        "MALICIOUS": 0,
        "SANE": 0,
        "VALID": 0,
        "total": 36584
    },
    "percentage": {
        "ACTIVE": 99.97539908156571,
        "INACTIVE": 0.03349959056055982,
        "INVALID": 0,
        "MALICIOUS": 0,
        "SANE": 0,
        "VALID": 0,
        "total": 100.00889867212628
    }
}