{
    "counter": {
        "ACTIVE": 7141,
        "INACTIVE": 2,
        "INVALID": 0,
        "MALICIOUS": 0,
        "SANE": 0,
        "VALID": 0,
        "total": 7143
    },
    "percentage": {
        "ACTIVE": 99.9720005599888,
        "INACTIVE": 0.046264168401572985,
        "INVALID": 0,
        "MALICIOUS": 0,
        "SANE": 0,
        "VALID": 0,
        "total": 100.01826472839038
    }
}