{
    "counter": {
        "ACTIVE": 16142,
        "INACTIVE": 6,
        "INVALID": 0,
        "MALICIOUS": 0,
        "SANE": 0,
        "VALID": 0,
        "total": 16148
    },
    "percentage": {
        "ACTIVE": 99.96284369581372,
        "INACTIVE": 0.037311112493004166,
        "INVALID": 0,
        "MALICIOUS": 0,
        "SANE": 0,
        "VALID": 0,
        "total": 100.00015480830672
    }
}