{
    "counter": {
        "ACTIVE": 14929,
        "INACTIVE": 36,
        "INVALID": 0,
        "MALICIOUS": 0,
        "SANE": 0,
        "VALID": 0,
        "total": 14965
    },
    "percentage": {
        "ACTIVE": 99.7594386902773,
        "INACTIVE": 0.2481902792140641,
        "INVALID": 0,
        "MALICIOUS": 0,
        "SANE": 0,
        "VALID": 0,
        "total": 100.00762896949136
    }
}