{
    "counter": {
        "ACTIVE": 15218,
        "INACTIVE": 3,
        "INVALID": 0,
        "MALICIOUS": 0,
        "SANE": 0,
        "VALID": 0,
        "total": 15221
    },
    "percentage": {
        "ACTIVE": 99.98029038827936,
        "INACTIVE": 0.02059732234809475,
        "INVALID": 0,
        "MALICIOUS": 0,
        "SANE": 0,
        "VALID": 0,
        "total": 100.00088771062745
    }
}