{
    "counter": {
        "ACTIVE": 12106,
        "INACTIVE": 2,
        "INVALID": 0,
        "MALICIOUS": 0,
        "SANE": 0,
        "VALID": 0,
        "total": 12108
    },
    "percentage": {
        "ACTIVE": 99.98348199537496,
        "INACTIVE": 0.05082592121982211,
        "INVALID": 0,
        "MALICIOUS": 0,
        "SANE": 0,
        "VALID": 0,
        "total": 100.03430791659478
    }
}