{
    "counter": {
        "ACTIVE": 14114,
        "INACTIVE": 2,
        "INVALID": 0,
        "MALICIOUS": 0,
        "SANE": 0,
        "VALID": 0,
        "total": 14116
    },
    "percentage": {
        "ACTIVE": 99.98583168036271,
        "INACTIVE": 0.01646090534979424,
        "INVALID": 0,
        "MALICIOUS": 0,
        "SANE": 0,
        "VALID": 0,
        "total": 100.0022925857125
    }
}