{
    "counter": {
        "ACTIVE": 13934,
        "INACTIVE": 2,
        "INVALID": 0,
        "MALICIOUS": 0,
        "SANE": 0,
        "VALID": 0,
        "total": 13936
    },
    "percentage": {
        "ACTIVE": 99.98564867967853,
        "INACTIVE": 0.023025558369790467,
        "INVALID": 0,
        "MALICIOUS": 0,
        "SANE": 0,
        "VALID": 0,
        "total": 100.00867423804833
    }
}