{
    "counter": {
        "ACTIVE": 10897,
        "INACTIVE": 4,
        "INVALID": 0,
        "MALICIOUS": 0,
        "SANE": 0,
        "VALID": 0,
        "total": 10901
    },
    "percentage": {
        "ACTIVE": 99.96330611870471,
        "INACTIVE": 0.05856515373352855,
        "INVALID": 0,
        "MALICIOUS": 0,
        "SANE": 0,
        "VALID": 0,
        "total": 100.02187127243823
    }
}