{
    "counter": {
        "ACTIVE": 10346,
        "INACTIVE": 9,
        "INVALID": 0,
        "MALICIOUS": 0,
        "SANE": 0,
        "VALID": 0,
        "total": 10355
    },
    "percentage": {
        "ACTIVE": 99.91308546595847,
        "INACTIVE": 0.11322178890426468,
        "INVALID": 0,
        "MALICIOUS": 0,
        "SANE": 0,
        "VALID": 0,
        "total": 100.02630725486274
    }
}