{
    "counter": {
        "ACTIVE": 4202,
        "INACTIVE": 1,
        "INVALID": 0,
        "MALICIOUS": 0,
        "SANE": 0,
        "VALID": 0,
        "total": 4203
    },
    "percentage": {
        "ACTIVE": 99.97620747085415,
        "INACTIVE": 0.03277613897082924,
        "INVALID": 0,
        "MALICIOUS": 0,
        "SANE": 0,
        "VALID": 0,
        "total": 100.00898360982498
    }
}