{
    "counter": {
        "ACTIVE": 15957,
        "INACTIVE": 14,
        "INVALID": 0,
        "MALICIOUS": 0,
        "SANE": 0,
        "VALID": 0,
        "total": 15971
    },
    "percentage": {
        "ACTIVE": 99.91234111827687,
        "INACTIVE": 0.09942475676443434,
        "INVALID": 0,
        "MALICIOUS": 0,
        "SANE": 0,
        "VALID": 0,
        "total": 100.0117658750413
    }
}