{
    "counter": {
        "ACTIVE": 262403,
        "INACTIVE": 14,
        "INVALID": 0,
        "MALICIOUS": 0,
        "SANE": 0,
        "VALID": 0,
        "total": 262417
    },
    "percentage": {
        "ACTIVE": 99.99466497978409,
        "INACTIVE": 0.006299212598425197,
        "INVALID": 0,
        "MALICIOUS": 0,
        "SANE": 0,
        "VALID": 0,
        "total": 100.00096419238251
    }
}