{
    "counter": {
        "ACTIVE": 16719,
        "INACTIVE": 4,
        "INVALID": 0,
        "MALICIOUS": 0,
        "SANE": 0,
        "VALID": 0,
        "total": 16723
    },
    "percentage": {
        "ACTIVE": 99.97608084673803,
        "INACTIVE": 0.08503401360544217,
        "INVALID": 0,
        "MALICIOUS": 0,
        "SANE": 0,
        "VALID": 0,
        "total": 100.06111486034347
    }
}