{
    "counter": {
        "ACTIVE": 15995,
        "INACTIVE": 302,
        "INVALID": 0,
        "MALICIOUS": 0,
        "SANE": 0,
        "VALID": 0,
        "total": 16297
    },
    "percentage": {
        "ACTIVE": 98.1468982021231,
        "INACTIVE": 1.8541257367387034,
        "INVALID": 0,
        "MALICIOUS": 0,
        "SANE": 0,
        "VALID": 0,
        "total": 100.0010239388618
    }
}