{
    "counter": {
        "ACTIVE": 9743,
        "INACTIVE": 3,
        "INVALID": 0,
        "MALICIOUS": 0,
        "SANE": 0,
        "VALID": 0,
        "total": 9746
    },
    "percentage": {
        "ACTIVE": 99.96921814077571,
        "INACTIVE": 0.05185825410544512,
        "INVALID": 0,
        "MALICIOUS": 0,
        "SANE": 0,
        "VALID": 0,
        "total": 100.02107639488115
    }
}