{
    "counter": {
        "ACTIVE": 16749,
        "INACTIVE": 5,
        "INVALID": 0,
        "MALICIOUS": 0,
        "SANE": 0,
        "VALID": 0,
        "total": 16754
    },
    "percentage": {
        "ACTIVE": 99.97015638056584,
        "INACTIVE": 0.03366323301689894,
        "INVALID": 0,
        "MALICIOUS": 0,
        "SANE": 0,
        "VALID": 0,
        "total": 100.00381961358273
    }
}