{
    "counter": {
        "ACTIVE": 16331,
        "INACTIVE": 25,
        "INVALID": 0,
        "MALICIOUS": 0,
        "SANE": 0,
        "VALID": 0,
        "total": 16356
    },
    "percentage": {
        "ACTIVE": 99.8471508926388,
        "INACTIVE": 0.20733123237684525,
        "INVALID": 0,
        "MALICIOUS": 0,
        "SANE": 0,
        "VALID": 0,
        "total": 100.05448212501564
    }
}