{
    "counter": {
        "ACTIVE": 9191,
        "INACTIVE": 21,
        "INVALID": 0,
        "MALICIOUS": 0,
        "SANE": 0,
        "VALID": 0,
        "total": 9212
    },
    "percentage": {
        "ACTIVE": 99.77203647416414,
        "INACTIVE": 0.2347417840375587,
        "INVALID": 0,
        "MALICIOUS": 0,
        "SANE": 0,
        "VALID": 0,
        "total": 100.00677825820169
    }
}