{
    "counter": {
        "ACTIVE": 18891,
        "INACTIVE": 1,
        "INVALID": 0,
        "MALICIOUS": 0,
        "SANE": 0,
        "VALID": 0,
        "total": 18892
    },
    "percentage": {
        "ACTIVE": 99.99470675418166,
        "INACTIVE": 0.005293245818335804,
        "INVALID": 0.0,
        "MALICIOUS": 0.0,
        "SANE": 0.0,
        "VALID": 0.0,
        "total": 100.0
    }
}