{
    "counter": {
        "ACTIVE": 15903,
        "INACTIVE": 7,
        "INVALID": 0,
        "MALICIOUS": 0,
        "SANE": 0,
        "VALID": 0,
        "total": 15910
    },
    "percentage": {
        "ACTIVE": 99.95600251414204,
        "INACTIVE": 0.06498932318262,
        "INVALID": 0,
        "MALICIOUS": 0,
        "SANE": 0,
        "VALID": 0,
        "total": 100.02099183732466
    }
}