{
    "counter": {
        "ACTIVE": 17265,
        "INACTIVE": 996,
        "INVALID": 0,
        "MALICIOUS": 0,
        "SANE": 0,
        "VALID": 0,
        "total": 18261
    },
    "percentage": {
        "ACTIVE": 94.54575324461968,
        "INACTIVE": 5.454246755380319,
        "INVALID": 0.0,
        "MALICIOUS": 0.0,
        "SANE": 0.0,
        "VALID": 0.0,
        "total": 100.0
    }
}