{
    "counter": {
        "ACTIVE": 7826,
        "INACTIVE": 35,
        "INVALID": 0,
        "MALICIOUS": 0,
        "SANE": 0,
        "VALID": 0,
        "total": 7861
    },
    "percentage": {
        "ACTIVE": 99.55476402493322,
        "INACTIVE": 0.4550182007280291,
        "INVALID": 0,
        "MALICIOUS": 0,
        "SANE": 0,
        "VALID": 0,
        "total": 100.00978222566125
    }
}