{
    "counter": {
        "ACTIVE": 265517,
        "INACTIVE": 14,
        "INVALID": 0,
        "MALICIOUS": 0,
        "SANE": 0,
        "VALID": 0,
        "total": 265531
    },
    "percentage": {
        "ACTIVE": 99.99472754593626,
        "INACTIVE": 0.006299212598425197,
        "INVALID": 0,
        "MALICIOUS": 0,
        "SANE": 0,
        "VALID": 0,
        "total": 100.00102675853468
    }
}