{
    "counter": {
        "ACTIVE": 13372,
        "INACTIVE": 1,
        "INVALID": 0,
        "MALICIOUS": 0,
        "SANE": 0,
        "VALID": 0,
        "total": 13373
    },
    "percentage": {
        "ACTIVE": 99.99252224631721,
        "INACTIVE": 0.012080212611741966,
        "INVALID": 0,
        "MALICIOUS": 0,
        "SANE": 0,
        "VALID": 0,
        "total": 100.00460245892894
    }
}