{
    "counter": {
        "ACTIVE": 5356,
        "INACTIVE": 12,
        "INVALID": 0,
        "MALICIOUS": 0,
        "SANE": 0,
        "VALID": 0,
        "total": 5368
    },
    "percentage": {
        "ACTIVE": 99.77645305514157,
        "INACTIVE": 0.22988505747126436,
        "INVALID": 0,
        "MALICIOUS": 0,
        "SANE": 0,
        "VALID": 0,
        "total": 100.00633811261284
    }
}