{
    "counter": {
        "ACTIVE": 14781,
        "INACTIVE": 35,
        "INVALID": 0,
        "MALICIOUS": 0,
        "SANE": 0,
        "VALID": 0,
        "total": 14816
    },
    "percentage": {
        "ACTIVE": 99.76376889848812,
        "INACTIVE": 0.23793337865397687,
        "INVALID": 0,
        "MALICIOUS": 0,
        "SANE": 0,
        "VALID": 0,
        "total": 100.0017022771421
    }
}