{
    "counter": {
        "ACTIVE": 14331,
        "INACTIVE": 4,
        "INVALID": 0,
        "MALICIOUS": 0,
        "SANE": 0,
        "VALID": 0,
        "total": 14335
    },
    "percentage": {
        "ACTIVE": 99.97209626787583,
        "INACTIVE": 0.4048582995951417,
        "INVALID": 0,
        "MALICIOUS": 0,
        "SANE": 0,
        "VALID": 0,
        "total": 100.37695456747097
    }
}