{
    "counter": {
        "ACTIVE": 271228,
        "INACTIVE": 36,
        "INVALID": 1,
        "MALICIOUS": 0,
        "SANE": 0,
        "VALID": 0,
        "total": 271265
    },
    "percentage": {
        "ACTIVE": 99.9863602012792,
        "INACTIVE": 0.1837953744830755,
        "INVALID": 0.010577533319229955,
        "MALICIOUS": 0,
        "SANE": 0,
        "VALID": 0,
        "total": 100.1807331090815
    }
}