{
    "counter": {
        "ACTIVE": 11589,
        "INACTIVE": 3,
        "INVALID": 0,
        "MALICIOUS": 0,
        "SANE": 0,
        "VALID": 0,
        "total": 11592
    },
    "percentage": {
        "ACTIVE": 99.97412008281573,
        "INACTIVE": 0.02663825253063399,
        "INVALID": 0,
        "MALICIOUS": 0,
        "SANE": 0,
        "VALID": 0,
        "total": 100.00075833534636
    }
}