{
    "counter": {
        "ACTIVE": 16942,
        "INACTIVE": 9,
        "INVALID": 0,
        "MALICIOUS": 0,
        "SANE": 0,
        "VALID": 0,
        "total": 16951
    },
    "percentage": {
        "ACTIVE": 99.94690578726919,
        "INACTIVE": 0.05593536357986327,
        "INVALID": 0,
        "MALICIOUS": 0,
        "SANE": 0,
        "VALID": 0,
        "total": 100.00284115084905
    }
}