{
    "counter": {
        "ACTIVE": 13891,
        "INACTIVE": 38,
        "INVALID": 0,
        "MALICIOUS": 0,
        "SANE": 0,
        "VALID": 0,
        "total": 13929
    },
    "percentage": {
        "ACTIVE": 99.72718788139852,
        "INACTIVE": 0.3520800518854813,
        "INVALID": 0,
        "MALICIOUS": 0,
        "SANE": 0,
        "VALID": 0,
        "total": 100.079267933284
    }
}