{
    "counter": {
        "ACTIVE": 16193,
        "INACTIVE": 15,
        "INVALID": 0,
        "MALICIOUS": 0,
        "SANE": 0,
        "VALID": 0,
        "total": 16208
    },
    "percentage": {
        "ACTIVE": 99.90745310957551,
        "INACTIVE": 0.11337868480725624,
        "INVALID": 0,
        "MALICIOUS": 0,
        "SANE": 0,
        "VALID": 0,
        "total": 100.02083179438277
    }
}