{
    "counter": {
        "ACTIVE": 16608,
        "INACTIVE": 956,
        "INVALID": 0,
        "MALICIOUS": 0,
        "SANE": 0,
        "VALID": 0,
        "total": 17564
    },
    "percentage": {
        "ACTIVE": 94.55704850831246,
        "INACTIVE": 5.442951491687543,
        "INVALID": 0.0,
        "MALICIOUS": 0.0,
        "SANE": 0.0,
        "VALID": 0.0,
        "total": 100.0
    }
}