{
    "counter": {
        "ACTIVE": 84399,
        "INACTIVE": 4,
        "INVALID": 0,
        "MALICIOUS": 0,
        "SANE": 0,
        "VALID": 0,
        "total": 84403
    },
    "percentage": {
        "ACTIVE": 99.99526083196095,
        "INACTIVE": 0.013466199838405602,
        "INVALID": 0,
        "MALICIOUS": 0,
        "SANE": 0,
        "VALID": 0,
        "total": 100.00872703179935
    }
}