{
    "counter": {
        "ACTIVE": 11447,
        "INACTIVE": 1,
        "INVALID": 0,
        "MALICIOUS": 0,
        "SANE": 0,
        "VALID": 0,
        "total": 11448
    },
    "percentage": {
        "ACTIVE": 99.99126484975541,
        "INACTIVE": 0.009323140033563304,
        "INVALID": 0,
        "MALICIOUS": 0,
        "SANE": 0,
        "VALID": 0,
        "total": 100.00058798978897
    }
}