{
    "counter": {
        "ACTIVE": 14711,
        "INACTIVE": 4,
        "INVALID": 0,
        "MALICIOUS": 0,
        "SANE": 0,
        "VALID": 0,
        "total": 14715
    },
    "percentage": {
        "ACTIVE": 99.9728168535508,
        "INACTIVE": 0.03339455668725998,
        "INVALID": 0,
        "MALICIOUS": 0,
        "SANE": 0,
        "VALID": 0,
        "total": 100.00621141023805
    }
}