{
    "counter": {
        "ACTIVE": 10183,
        "INACTIVE": 10,
        "INVALID": 0,
        "MALICIOUS": 0,
        "SANE": 0,
        "VALID": 0,
        "total": 10193
    },
    "percentage": {
        "ACTIVE": 99.90189345629354,
        "INACTIVE": 0.13730605519703418,
        "INVALID": 0,
        "MALICIOUS": 0,
        "SANE": 0,
        "VALID": 0,
        "total": 100.03919951149057
    }
}