{
    "counter": {
        "ACTIVE": 90472,
        "INACTIVE": 36,
        "INVALID": 1,
        "MALICIOUS": 0,
        "SANE": 0,
        "VALID": 0,
        "total": 90509
    },
    "percentage": {
        "ACTIVE": 99.95912008750511,
        "INACTIVE": 0.1837953744830755,
        "INVALID": 0.010577533319229955,
        "MALICIOUS": 0,
        "SANE": 0,
        "VALID": 0,
        "total": 100.15349299530742
    }
}