{
    "counter": {
        "ACTIVE": 15317,
        "INACTIVE": 4,
        "INVALID": 0,
        "MALICIOUS": 0,
        "SANE": 0,
        "VALID": 0,
        "total": 15321
    },
    "percentage": {
        "ACTIVE": 99.97389204360029,
        "INACTIVE": 0.038895371450797356,
        "INVALID": 0,
        "MALICIOUS": 0,
        "SANE": 0,
        "VALID": 0,
        "total": 100.01278741505108
    }
}