{
    "counter": {
        "ACTIVE": 15652,
        "INACTIVE": 4,
        "INVALID": 0,
        "MALICIOUS": 0,
        "SANE": 0,
        "VALID": 0,
        "total": 15656
    },
    "percentage": {
        "ACTIVE": 99.97445068983137,
        "INACTIVE": 0.027859033291544783,
        "INVALID": 0,
        "MALICIOUS": 0,
        "SANE": 0,
        "VALID": 0,
        "total": 100.00230972312292
    }
}