{
    "counter": {
        "ACTIVE": 15030,
        "INACTIVE": 414,
        "INVALID": 0,
        "MALICIOUS": 0,
        "SANE": 0,
        "VALID": 0,
        "total": 15444
    },
    "percentage": {
        "ACTIVE": 97.31934731934732,
        "INACTIVE": 2.682737169517885,
        "INVALID": 0,
        "MALICIOUS": 0,
        "SANE": 0,
        "VALID": 0,
        "total": 100.0020844888652
    }
}