{
    "counter": {
        "ACTIVE": 15756,
        "INACTIVE": 4,
        "INVALID": 0,
        "MALICIOUS": 0,
        "SANE": 0,
        "VALID": 0,
        "total": 15760
    },
    "percentage": {
        "ACTIVE": 99.9746192893401,
        "INACTIVE": 0.038895371450797356,
        "INVALID": 0,
        "MALICIOUS": 0,
        "SANE": 0,
        "VALID": 0,
        "total": 100.01351466079089
    }
}