{
    "counter": {
        "ACTIVE": 16825,
        "INACTIVE": 991,
        "INVALID": 0,
        "MALICIOUS": 0,
        "SANE": 0,
        "VALID": 0,
        "total": 17816
    },
    "percentage": {
        "ACTIVE": 94.43758419398294,
        "INACTIVE": 5.562415806017063,
        "INVALID": 0.0,
        "MALICIOUS": 0.0,
        "SANE": 0.0,
        "VALID": 0.0,
        "total": 100.0
    }
}