{
    "counter": {
        "ACTIVE": 14465,
        "INACTIVE": 42,
        "INVALID": 0,
        "MALICIOUS": 0,
        "SANE": 0,
        "VALID": 0,
        "total": 14507
    },
    "percentage": {
        "ACTIVE": 99.71048459364445,
        "INACTIVE": 0.3643935450286309,
        "INVALID": 0,
        "MALICIOUS": 0,
        "SANE": 0,
        "VALID": 0,
        "total": 100.07487813867309
    }
}