{
    "counter": {
        "ACTIVE": 16570,
        "INACTIVE": 28,
        "INVALID": 0,
        "MALICIOUS": 0,
        "SANE": 0,
        "VALID": 0,
        "total": 16598
    },
    "percentage": {
        "ACTIVE": 99.83130497650319,
        "INACTIVE": 0.17346053772766695,
        "INVALID": 0,
        "MALICIOUS": 0,
        "SANE": 0,
        "VALID": 0,
        "total": 100.00476551423085
    }
}