{
    "counter": {
        "ACTIVE": 17123,
        "INACTIVE": 22,
        "INVALID": 0,
        "MALICIOUS": 0,
        "SANE": 0,
        "VALID": 0,
        "total": 17145
    },
    "percentage": {
        "ACTIVE": 99.87168270632837,
        "INACTIVE": 0.1770053906187143,
        "INVALID": 0,
        "MALICIOUS": 0,
        "SANE": 0,
        "VALID": 0,
        "total": 100.04868809694709
    }
}