{
    "counter": {
        "ACTIVE": 6042,
        "INACTIVE": 12,
        "INVALID": 0,
        "MALICIOUS": 0,
        "SANE": 0,
        "VALID": 0,
        "total": 6054
    },
    "percentage": {
        "ACTIVE": 99.8017839444995,
        "INACTIVE": 0.414651002073255,
        "INVALID": 0,
        "MALICIOUS": 0,
        "SANE": 0,
        "VALID": 0,
        "total": 100.21643494657276
    }
}