{
    "counter": {
        "ACTIVE": 14026,
        "INACTIVE": 2,
        "INVALID": 0,
        "MALICIOUS": 0,
        "SANE": 0,
        "VALID": 0,
        "total": 14028
    },
    "percentage": {
        "ACTIVE": 99.98574280011405,
        "INACTIVE": 0.023258518432375856,
        "INVALID": 0,
        "MALICIOUS": 0,
        "SANE": 0,
        "VALID": 0,
        "total": 100.00900131854642
    }
}