{
    "counter": {
        "ACTIVE": 16469,
        "INACTIVE": 10,
        "INVALID": 0,
        "MALICIOUS": 0,
        "SANE": 0,
        "VALID": 0,
        "total": 16479
    },
    "percentage": {
        "ACTIVE": 99.9393167061108,
        "INACTIVE": 0.0639386189258312,
        "INVALID": 0,
        "MALICIOUS": 0,
        "SANE": 0,
        "VALID": 0,
        "total": 100.00325532503663
    }
}