{
    "counter": {
        "ACTIVE": 22487,
        "INACTIVE": 35,
        "INVALID": 0,
        "MALICIOUS": 0,
        "SANE": 0,
        "VALID": 0,
        "total": 22522
    },
    "percentage": {
        "ACTIVE": 99.84459639463635,
        "INACTIVE": 0.18809114359415305,
        "INVALID": 0,
        "MALICIOUS": 0,
        "SANE": 0,
        "VALID": 0,
        "total": 100.0326875382305
    }
}