{
    "counter": {
        "ACTIVE": 200726,
        "INACTIVE": 13,
        "INVALID": 0,
        "MALICIOUS": 0,
        "SANE": 0,
        "VALID": 0,
        "total": 200739
    },
    "percentage": {
        "ACTIVE": 99.99352392908204,
        "INACTIVE": 0.010932086514850819,
        "INVALID": 0,
        "MALICIOUS": 0,
        "SANE": 0,
        "VALID": 0,
        "total": 100.0044560155969
    }
}