{
    "counter": {
        "ACTIVE": 13403,
        "INACTIVE": 31,
        "INVALID": 1,
        "MALICIOUS": 0,
        "SANE": 0,
        "VALID": 0,
        "total": 13435
    },
    "percentage": {
        "ACTIVE": 99.7618161518422,
        "INACTIVE": 0.2508699522537833,
        "INVALID": 0.010577533319229955,
        "MALICIOUS": 0,
        "SANE": 0,
        "VALID": 0,
        "total": 100.02326363741521
    }
}