{
    "counter": {
        "ACTIVE": 4890,
        "INACTIVE": 17,
        "INVALID": 0,
        "MALICIOUS": 0,
        "SANE": 0,
        "VALID": 0,
        "total": 4907
    },
    "percentage": {
        "ACTIVE": 99.65355614428367,
        "INACTIVE": 0.36324786324786323,
        "INVALID": 0,
        "MALICIOUS": 0,
        "SANE": 0,
        "VALID": 0,
        "total": 100.01680400753153
    }
}