{
    "counter": {
        "ACTIVE": 294641,
        "INACTIVE": 14,
        "INVALID": 0,
        "MALICIOUS": 0,
        "SANE": 0,
        "VALID": 0,
        "total": 294655
    },
    "percentage": {
        "ACTIVE": 99.99524868066044,
        "INACTIVE": 0.006299212598425197,
        "INVALID": 0,
        "MALICIOUS": 0,
        "SANE": 0,
        "VALID": 0,
        "total": 100.00154789325886
    }
}