{
    "counter": {
        "ACTIVE": 12110,
        "INACTIVE": 2,
        "INVALID": 0,
        "MALICIOUS": 0,
        "SANE": 0,
        "VALID": 0,
        "total": 12112
    },
    "percentage": {
        "ACTIVE": 99.98348745046235,
        "INACTIVE": 0.02557544757033248,
        "INVALID": 0,
        "MALICIOUS": 0,
        "SANE": 0,
        "VALID": 0,
        "total": 100.00906289803268
    }
}