{
    "counter": {
        "ACTIVE": 16427,
        "INACTIVE": 30,
        "INVALID": 0,
        "MALICIOUS": 0,
        "SANE": 0,
        "VALID": 0,
        "total": 16457
    },
    "percentage": {
        "ACTIVE": 99.81770675092666,
        "INACTIVE": 0.18230432668935342,
        "INVALID": 0,
        "MALICIOUS": 0,
        "SANE": 0,
        "VALID": 0,
        "total": 100.00001107761601
    }
}