{
    "counter": {
        "ACTIVE": 11422,
        "INACTIVE": 4,
        "INVALID": 0,
        "MALICIOUS": 0,
        "SANE": 0,
        "VALID": 0,
        "total": 11426
    },
    "percentage": {
        "ACTIVE": 99.96499212322773,
        "INACTIVE": 0.038895371450797356,
        "INVALID": 0,
        "MALICIOUS": 0,
        "SANE": 0,
        "VALID": 0,
        "total": 100.00388749467852
    }
}