{
    "counter": {
        "ACTIVE": 133270,
        "INACTIVE": 13,
        "INVALID": 0,
        "MALICIOUS": 0,
        "SANE": 0,
        "VALID": 0,
        "total": 133283
    },
    "percentage": {
        "ACTIVE": 99.99024631798504,
        "INACTIVE": 0.010932086514850819,
        "INVALID": 0,
        "MALICIOUS": 0,
        "SANE": 0,
        "VALID": 0,
        "total": 100.0011784044999
    }
}