{
    "counter": {
        "ACTIVE": 16933,
        "INACTIVE": 60,
        "INVALID": 0,
        "MALICIOUS": 0,
        "SANE": 0,
        "VALID": 0,
        "total": 16993
    },
    "percentage": {
        "ACTIVE": 99.6469134349438,
        "INACTIVE": 0.37007339789058163,
        "INVALID": 0,
        "MALICIOUS": 0,
        "SANE": 0,
        "VALID": 0,
        "total": 100.01698683283438
    }
}