{
    "counter": {
        "ACTIVE": 16366,
        "INACTIVE": 4,
        "INVALID": 0,
        "MALICIOUS": 0,
        "SANE": 0,
        "VALID": 0,
        "total": 16370
    },
    "percentage": {
        "ACTIVE": 99.97556505803298,
        "INACTIVE": 0.02482005460412013,
        "INVALID": 0,
        "MALICIOUS": 0,
        "SANE": 0,
        "VALID": 0,
        "total": 100.0003851126371
    }
}