{
    "counter": {
        "ACTIVE": 16379,
        "INACTIVE": 7,
        "INVALID": 0,
        "MALICIOUS": 0,
        "SANE": 0,
        "VALID": 0,
        "total": 16386
    },
    "percentage": {
        "ACTIVE": 99.95728060539484,
        "INACTIVE": 0.05328867235079172,
        "INVALID": 0,
        "MALICIOUS": 0,
        "SANE": 0,
        "VALID": 0,
        "total": 100.01056927774563
    }
}