{
    "counter": {
        "ACTIVE": 12667,
        "INACTIVE": 2,
        "INVALID": 0,
        "MALICIOUS": 0,
        "SANE": 0,
        "VALID": 0,
        "total": 12669
    },
    "percentage": {
        "ACTIVE": 99.98421343436735,
        "INACTIVE": 0.023258518432375856,
        "INVALID": 0,
        "MALICIOUS": 0,
        "SANE": 0,
        "VALID": 0,
        "total": 100.00747195279972
    }
}