{
    "counter": {
        "ACTIVE": 4030,
        "INACTIVE": 3,
        "INVALID": 0,
        "MALICIOUS": 0,
        "SANE": 0,
        "VALID": 0,
        "total": 4033
    },
    "percentage": {
        "ACTIVE": 99.92561368708158,
        "INACTIVE": 0.08253094910591471,
        "INVALID": 0,
        "MALICIOUS": 0,
        "SANE": 0,
        "VALID": 0,
        "total": 100.0081446361875
    }
}