{
    "counter": {
        "ACTIVE": 15437,
        "INACTIVE": 5,
        "INVALID": 0,
        "MALICIOUS": 0,
        "SANE": 0,
        "VALID": 0,
        "total": 15442
    },
    "percentage": {
        "ACTIVE": 99.96762077451108,
        "INACTIVE": 0.03375869286341233,
        "INVALID": 0,
        "MALICIOUS": 0,
        "SANE": 0,
        "VALID": 0,
        "total": 100.00137946737449
    }
}