{
    "counter": {
        "ACTIVE": 4877,
        "INACTIVE": 12,
        "INVALID": 0,
        "MALICIOUS": 0,
        "SANE": 0,
        "VALID": 0,
        "total": 4889
    },
    "percentage": {
        "ACTIVE": 99.75455103293108,
        "INACTIVE": 0.2686366689053056,
        "INVALID": 0,
        "MALICIOUS": 0,
        "SANE": 0,
        "VALID": 0,
        "total": 100.02318770183638
    }
}