{
    "counter": {
        "ACTIVE": 16015,
        "INACTIVE": 8,
        "INVALID": 0,
        "MALICIOUS": 0,
        "SANE": 0,
        "VALID": 0,
        "total": 16023
    },
    "percentage": {
        "ACTIVE": 99.950071771828,
        "INACTIVE": 0.050068844661409435,
        "INVALID": 0,
        "MALICIOUS": 0,
        "SANE": 0,
        "VALID": 0,
        "total": 100.0001406164894
    }
}