{
    "counter": {
        "ACTIVE": 177515,
        "INACTIVE": 13,
        "INVALID": 0,
        "MALICIOUS": 0,
        "SANE": 0,
        "VALID": 0,
        "total": 177528
    },
    "percentage": {
        "ACTIVE": 99.99267721148213,
        "INACTIVE": 0.010932086514850819,
        "INVALID": 0,
        "MALICIOUS": 0,
        "SANE": 0,
        "VALID": 0,
        "total": 100.00360929799699
    }
}