{
    "counter": {
        "ACTIVE": 15852,
        "INACTIVE": 5,
        "INVALID": 0,
        "MALICIOUS": 0,
        "SANE": 0,
        "VALID": 0,
        "total": 15857
    },
    "percentage": {
        "ACTIVE": 99.96846818439806,
        "INACTIVE": 0.03757985719654265,
        "INVALID": 0,
        "MALICIOUS": 0,
        "SANE": 0,
        "VALID": 0,
        "total": 100.00604804159461
    }
}