{
    "counter": {
        "ACTIVE": 262174,
        "INACTIVE": 14,
        "INVALID": 0,
        "MALICIOUS": 0,
        "SANE": 0,
        "VALID": 0,
        "total": 262188
    },
    "percentage": {
        "ACTIVE": 99.99466032007567,
        "INACTIVE": 0.006299212598425197,
        "INVALID": 0,
        "MALICIOUS": 0,
        "SANE": 0,
        "VALID": 0,
        "total": 100.00095953267409
    }
}