{
    "counter": {
        "ACTIVE": 9715,
        "INACTIVE": 4,
        "INVALID": 0,
        "MALICIOUS": 0,
        "SANE": 0,
        "VALID": 0,
        "total": 9719
    },
    "percentage": {
        "ACTIVE": 99.95884350241795,
        "INACTIVE": 0.095488183337312,
        "INVALID": 0,
        "MALICIOUS": 0,
        "SANE": 0,
        "VALID": 0,
        "total": 100.05433168575526
    }
}