{
    "counter": {
        "ACTIVE": 15220,
        "INACTIVE": 15,
        "INVALID": 0,
        "MALICIOUS": 0,
        "SANE": 0,
        "VALID": 0,
        "total": 15235
    },
    "percentage": {
        "ACTIVE": 99.90154250082048,
        "INACTIVE": 0.12573344509639564,
        "INVALID": 0,
        "MALICIOUS": 0,
        "SANE": 0,
        "VALID": 0,
        "total": 100.02727594591688
    }
}