{
    "counter": {
        "ACTIVE": 16667,
        "INACTIVE": 3,
        "INVALID": 0,
        "MALICIOUS": 0,
        "SANE": 0,
        "VALID": 0,
        "total": 16670
    },
    "percentage": {
        "ACTIVE": 99.98200359928015,
        "INACTIVE": 0.03944254535892716,
        "INVALID": 0,
        "MALICIOUS": 0,
        "SANE": 0,
        "VALID": 0,
        "total": 100.02144614463907
    }
}