{
    "counter": {
        "ACTIVE": 10134,
        "INACTIVE": 667,
        "INVALID": 0,
        "MALICIOUS": 0,
        "SANE": 0,
        "VALID": 0,
        "total": 10801
    },
    "percentage": {
        "ACTIVE": 93.8246458661235,
        "INACTIVE": 6.175354133876493,
        "INVALID": 0.0,
        "MALICIOUS": 0.0,
        "SANE": 0.0,
        "VALID": 0.0,
        "total": 100.0
    }
}