{
    "counter": {
        "ACTIVE": 16939,
        "INACTIVE": 36,
        "INVALID": 0,
        "MALICIOUS": 0,
        "SANE": 0,
        "VALID": 0,
        "total": 16975
    },
    "percentage": {
        "ACTIVE": 99.7879234167894,
        "INACTIVE": 0.26191342306293197,
        "INVALID": 0,
        "MALICIOUS": 0,
        "SANE": 0,
        "VALID": 0,
        "total": 100.04983683985233
    }
}