{
    "counter": {
        "ACTIVE": 40867,
        "INACTIVE": 9,
        "INVALID": 0,
        "MALICIOUS": 0,
        "SANE": 0,
        "VALID": 0,
        "total": 40876
    },
    "percentage": {
        "ACTIVE": 99.97798219003816,
        "INACTIVE": 0.03349959056055982,
        "INVALID": 0,
        "MALICIOUS": 0,
        "SANE": 0,
        "VALID": 0,
        "total": 100.01148178059873
    }
}