{
    "counter": {
        "ACTIVE": 54404,
        "INACTIVE": 36,
        "INVALID": 1,
        "MALICIOUS": 0,
        "SANE": 0,
        "VALID": 0,
        "total": 54441
    },
    "percentage": {
        "ACTIVE": 99.93203651659594,
        "INACTIVE": 0.1837953744830755,
        "INVALID": 0.010577533319229955,
        "MALICIOUS": 0,
        "SANE": 0,
        "VALID": 0,
        "total": 100.12640942439825
    }
}