{
    "counter": {
        "ACTIVE": 12219,
        "INACTIVE": 34,
        "INVALID": 0,
        "MALICIOUS": 0,
        "SANE": 0,
        "VALID": 0,
        "total": 12253
    },
    "percentage": {
        "ACTIVE": 99.72251693462826,
        "INACTIVE": 0.40375252345327156,
        "INVALID": 0,
        "MALICIOUS": 0,
        "SANE": 0,
        "VALID": 0,
        "total": 100.12626945808154
    }
}