{
    "counter": {
        "ACTIVE": 11012,
        "INACTIVE": 4,
        "INVALID": 0,
        "MALICIOUS": 0,
        "SANE": 0,
        "VALID": 0,
        "total": 11016
    },
    "percentage": {
        "ACTIVE": 99.96368917937545,
        "INACTIVE": 0.08503401360544217,
        "INVALID": 0,
        "MALICIOUS": 0,
        "SANE": 0,
        "VALID": 0,
        "total": 100.04872319298089
    }
}