{
    "counter": {
        "ACTIVE": 16497,
        "INACTIVE": 458,
        "INVALID": 0,
        "MALICIOUS": 0,
        "SANE": 0,
        "VALID": 0,
        "total": 16955
    },
    "percentage": {
        "ACTIVE": 97.29873193748156,
        "INACTIVE": 2.7804759592034967,
        "INVALID": 0,
        "MALICIOUS": 0,
        "SANE": 0,
        "VALID": 0,
        "total": 100.07920789668506
    }
}