{
    "counter": {
        "ACTIVE": 5772,
        "INACTIVE": 1,
        "INVALID": 0,
        "MALICIOUS": 0,
        "SANE": 0,
        "VALID": 0,
        "total": 5773
    },
    "percentage": {
        "ACTIVE": 99.98267798371731,
        "INACTIVE": 0.020366598778004074,
        "INVALID": 0,
        "MALICIOUS": 0,
        "SANE": 0,
        "VALID": 0,
        "total": 100.0030445824953
    }
}