{
    "counter": {
        "ACTIVE": 16613,
        "INACTIVE": 27,
        "INVALID": 0,
        "MALICIOUS": 0,
        "SANE": 0,
        "VALID": 0,
        "total": 16640
    },
    "percentage": {
        "ACTIVE": 99.83774038461539,
        "INACTIVE": 0.16695523126391293,
        "INVALID": 0,
        "MALICIOUS": 0,
        "SANE": 0,
        "VALID": 0,
        "total": 100.0046956158793
    }
}