{
    "counter": {
        "ACTIVE": 6658,
        "INACTIVE": 4,
        "INVALID": 0,
        "MALICIOUS": 0,
        "SANE": 0,
        "VALID": 0,
        "total": 6662
    },
    "percentage": {
        "ACTIVE": 99.9399579705794,
        "INACTIVE": 0.07606008746910059,
        "INVALID": 0,
        "MALICIOUS": 0,
        "SANE": 0,
        "VALID": 0,
        "total": 100.0160180580485
    }
}