{
    "counter": {
        "ACTIVE": 14813,
        "INACTIVE": 5,
        "INVALID": 0,
        "MALICIOUS": 0,
        "SANE": 0,
        "VALID": 0,
        "total": 14818
    },
    "percentage": {
        "ACTIVE": 99.96625725469025,
        "INACTIVE": 0.04221903233977877,
        "INVALID": 0,
        "MALICIOUS": 0,
        "SANE": 0,
        "VALID": 0,
        "total": 100.00847628703002
    }
}