{
    "counter": {
        "ACTIVE": 6650,
        "INACTIVE": 7,
        "INVALID": 0,
        "MALICIOUS": 0,
        "SANE": 0,
        "VALID": 0,
        "total": 6657
    },
    "percentage": {
        "ACTIVE": 99.89484752891693,
        "INACTIVE": 0.10752688172043011,
        "INVALID": 0,
        "MALICIOUS": 0,
        "SANE": 0,
        "VALID": 0,
        "total": 100.00237441063736
    }
}