{
    "counter": {
        "ACTIVE": 15692,
        "INACTIVE": 3,
        "INVALID": 0,
        "MALICIOUS": 0,
        "SANE": 0,
        "VALID": 0,
        "total": 15695
    },
    "percentage": {
        "ACTIVE": 99.98088563236699,
        "INACTIVE": 0.03944254535892716,
        "INVALID": 0,
        "MALICIOUS": 0,
        "SANE": 0,
        "VALID": 0,
        "total": 100.02032817772591
    }
}