{
    "counter": {
        "ACTIVE": 7387,
        "INACTIVE": 1,
        "INVALID": 0,
        "MALICIOUS": 0,
        "SANE": 0,
        "VALID": 0,
        "total": 7388
    },
    "percentage": {
        "ACTIVE": 99.98646453708717,
        "INACTIVE": 0.034818941504178275,
        "INVALID": 0,
        "MALICIOUS": 0,
        "SANE": 0,
        "VALID": 0,
        "total": 100.02128347859136
    }
}