{
    "counter": {
        "ACTIVE": 12630,
        "INACTIVE": 34,
        "INVALID": 0,
        "MALICIOUS": 0,
        "SANE": 0,
        "VALID": 0,
        "total": 12664
    },
    "percentage": {
        "ACTIVE": 99.73152242577385,
        "INACTIVE": 0.40375252345327156,
        "INVALID": 0,
        "MALICIOUS": 0,
        "SANE": 0,
        "VALID": 0,
        "total": 100.13527494922712
    }
}