{
    "counter": {
        "ACTIVE": 16252,
        "INACTIVE": 320,
        "INVALID": 0,
        "MALICIOUS": 0,
        "SANE": 0,
        "VALID": 0,
        "total": 16572
    },
    "percentage": {
        "ACTIVE": 98.0690321023413,
        "INACTIVE": 1.9312009656004827,
        "INVALID": 0,
        "MALICIOUS": 0,
        "SANE": 0,
        "VALID": 0,
        "total": 100.00023306794178
    }
}