{
    "counter": {
        "ACTIVE": 16804,
        "INACTIVE": 27,
        "INVALID": 0,
        "MALICIOUS": 0,
        "SANE": 0,
        "VALID": 0,
        "total": 16831
    },
    "percentage": {
        "ACTIVE": 99.83958172419939,
        "INACTIVE": 0.16695523126391293,
        "INVALID": 0,
        "MALICIOUS": 0,
        "SANE": 0,
        "VALID": 0,
        "total": 100.0065369554633
    }
}