{
    "counter": {
        "ACTIVE": 18858,
        "INACTIVE": 4,
        "INVALID": 0,
        "MALICIOUS": 0,
        "SANE": 0,
        "VALID": 0,
        "total": 18862
    },
    "percentage": {
        "ACTIVE": 99.97879334110911,
        "INACTIVE": 0.02120665889089174,
        "INVALID": 0.0,
        "MALICIOUS": 0.0,
        "SANE": 0.0,
        "VALID": 0.0,
        "total": 100.0
    }
}