{
    "counter": {
        "ACTIVE": 16015,
        "INACTIVE": 15,
        "INVALID": 0,
        "MALICIOUS": 0,
        "SANE": 0,
        "VALID": 0,
        "total": 16030
    },
    "percentage": {
        "ACTIVE": 99.90642545227698,
        "INACTIVE": 0.11337868480725624,
        "INVALID": 0,
        "MALICIOUS": 0,
        "SANE": 0,
        "VALID": 0,
        "total": 100.01980413708424
    }
}