{
    "counter": {
        "ACTIVE": 15764,
        "INACTIVE": 37,
        "INVALID": 0,
        "MALICIOUS": 0,
        "SANE": 0,
        "VALID": 0,
        "total": 15801
    },
    "percentage": {
        "ACTIVE": 99.76583760521486,
        "INACTIVE": 0.285010013865352,
        "INVALID": 0,
        "MALICIOUS": 0,
        "SANE": 0,
        "VALID": 0,
        "total": 100.0508476190802
    }
}