{
    "counter": {
        "ACTIVE": 9067,
        "INACTIVE": 25,
        "INVALID": 0,
        "MALICIOUS": 0,
        "SANE": 0,
        "VALID": 0,
        "total": 9092
    },
    "percentage": {
        "ACTIVE": 99.72503299604047,
        "INACTIVE": 0.3064476587398872,
        "INVALID": 0,
        "MALICIOUS": 0,
        "SANE": 0,
        "VALID": 0,
        "total": 100.03148065478035
    }
}