{
    "counter": {
        "ACTIVE": 195756,
        "INACTIVE": 13,
        "INVALID": 0,
        "MALICIOUS": 0,
        "SANE": 0,
        "VALID": 0,
        "total": 195769
    },
    "percentage": {
        "ACTIVE": 99.99335952065955,
        "INACTIVE": 0.010932086514850819,
        "INVALID": 0,
        "MALICIOUS": 0,
        "SANE": 0,
        "VALID": 0,
        "total": 100.00429160717441
    }
}