{
    "counter": {
        "ACTIVE": 14016,
        "INACTIVE": 25,
        "INVALID": 0,
        "MALICIOUS": 0,
        "SANE": 0,
        "VALID": 0,
        "total": 14041
    },
    "percentage": {
        "ACTIVE": 99.821950003561,
        "INACTIVE": 0.19152685206465947,
        "INVALID": 0,
        "MALICIOUS": 0,
        "SANE": 0,
        "VALID": 0,
        "total": 100.01347685562565
    }
}