{
    "counter": {
        "ACTIVE": 14036,
        "INACTIVE": 9,
        "INVALID": 0,
        "MALICIOUS": 0,
        "SANE": 0,
        "VALID": 0,
        "total": 14045
    },
    "percentage": {
        "ACTIVE": 99.93592025631898,
        "INACTIVE": 0.06985950477373283,
        "INVALID": 0,
        "MALICIOUS": 0,
        "SANE": 0,
        "VALID": 0,
        "total": 100.00577976109271
    }
}