{
    "counter": {
        "ACTIVE": 11714,
        "INACTIVE": 2,
        "INVALID": 0,
        "MALICIOUS": 0,
        "SANE": 0,
        "VALID": 0,
        "total": 11716
    },
    "percentage": {
        "ACTIVE": 99.9829293274155,
        "INACTIVE": 0.03471017007983339,
        "INVALID": 0,
        "MALICIOUS": 0,
        "SANE": 0,
        "VALID": 0,
        "total": 100.01763949749534
    }
}