{
    "counter": {
        "ACTIVE": 8631,
        "INACTIVE": 3,
        "INVALID": 0,
        "MALICIOUS": 0,
        "SANE": 0,
        "VALID": 0,
        "total": 8634
    },
    "percentage": {
        "ACTIVE": 99.96525364836693,
        "INACTIVE": 0.03944254535892716,
        "INVALID": 0,
        "MALICIOUS": 0,
        "SANE": 0,
        "VALID": 0,
        "total": 100.00469619372585
    }
}