{
    "counter": {
        "ACTIVE": 275270,
        "INACTIVE": 14,
        "INVALID": 0,
        "MALICIOUS": 0,
        "SANE": 0,
        "VALID": 0,
        "total": 275284
    },
    "percentage": {
        "ACTIVE": 99.99491434300577,
        "INACTIVE": 0.006299212598425197,
        "INVALID": 0,
        "MALICIOUS": 0,
        "SANE": 0,
        "VALID": 0,
        "total": 100.0012135556042
    }
}