{
    "counter": {
        "ACTIVE": 11925,
        "INACTIVE": 50,
        "INVALID": 0,
        "MALICIOUS": 0,
        "SANE": 0,
        "VALID": 0,
        "total": 11975
    },
    "percentage": {
        "ACTIVE": 99.58246346555323,
        "INACTIVE": 0.43070031871823583,
        "INVALID": 0,
        "MALICIOUS": 0,
        "SANE": 0,
        "VALID": 0,
        "total": 100.01316378427147
    }
}