{
    "counter": {
        "ACTIVE": 16273,
        "INACTIVE": 320,
        "INVALID": 0,
        "MALICIOUS": 0,
        "SANE": 0,
        "VALID": 0,
        "total": 16593
    },
    "percentage": {
        "ACTIVE": 98.07147592358223,
        "INACTIVE": 1.9312009656004827,
        "INVALID": 0,
        "MALICIOUS": 0,
        "SANE": 0,
        "VALID": 0,
        "total": 100.00267688918271
    }
}