{
    "counter": {
        "ACTIVE": 18893,
        "INACTIVE": 1,
        "INVALID": 0,
        "MALICIOUS": 0,
        "SANE": 0,
        "VALID": 0,
        "total": 18894
    },
    "percentage": {
        "ACTIVE": 99.99470731449138,
        "INACTIVE": 0.005292685508627077,
        "INVALID": 0.0,
        "MALICIOUS": 0.0,
        "SANE": 0.0,
        "VALID": 0.0,
        "total": 100.0
    }
}