{
    "counter": {
        "ACTIVE": 15813,
        "INACTIVE": 2,
        "INVALID": 0,
        "MALICIOUS": 0,
        "SANE": 0,
        "VALID": 0,
        "total": 15815
    },
    "percentage": {
        "ACTIVE": 99.9873537780588,
        "INACTIVE": 0.022067747986317995,
        "INVALID": 0,
        "MALICIOUS": 0,
        "SANE": 0,
        "VALID": 0,
        "total": 100.00942152604512
    }
}