{
    "counter": {
        "ACTIVE": 168590,
        "INACTIVE": 13,
        "INVALID": 0,
        "MALICIOUS": 0,
        "SANE": 0,
        "VALID": 0,
        "total": 168603
    },
    "percentage": {
        "ACTIVE": 99.99228957966346,
        "INACTIVE": 0.010932086514850819,
        "INVALID": 0,
        "MALICIOUS": 0,
        "SANE": 0,
        "VALID": 0,
        "total": 100.00322166617832
    }
}