{
    "counter": {
        "ACTIVE": 15806,
        "INACTIVE": 36,
        "INVALID": 0,
        "MALICIOUS": 0,
        "SANE": 0,
        "VALID": 0,
        "total": 15842
    },
    "percentage": {
        "ACTIVE": 99.77275596515591,
        "INACTIVE": 0.33222591362126247,
        "INVALID": 0,
        "MALICIOUS": 0,
        "SANE": 0,
        "VALID": 0,
        "total": 100.10498187877717
    }
}