{
    "counter": {
        "ACTIVE": 16952,
        "INACTIVE": 22,
        "INVALID": 0,
        "MALICIOUS": 0,
        "SANE": 0,
        "VALID": 0,
        "total": 16974
    },
    "percentage": {
        "ACTIVE": 99.87039000824791,
        "INACTIVE": 0.13629042250030976,
        "INVALID": 0,
        "MALICIOUS": 0,
        "SANE": 0,
        "VALID": 0,
        "total": 100.00668043074822
    }
}