{
    "counter": {
        "ACTIVE": 15082,
        "INACTIVE": 2,
        "INVALID": 0,
        "MALICIOUS": 0,
        "SANE": 0,
        "VALID": 0,
        "total": 15084
    },
    "percentage": {
        "ACTIVE": 99.98674091752851,
        "INACTIVE": 0.014116318464144552,
        "INVALID": 0,
        "MALICIOUS": 0,
        "SANE": 0,
        "VALID": 0,
        "total": 100.00085723599265
    }
}