{
    "counter": {
        "ACTIVE": 13149,
        "INACTIVE": 3,
        "INVALID": 0,
        "MALICIOUS": 0,
        "SANE": 0,
        "VALID": 0,
        "total": 13152
    },
    "percentage": {
        "ACTIVE": 99.97718978102189,
        "INACTIVE": 0.02532286654849329,
        "INVALID": 0,
        "MALICIOUS": 0,
        "SANE": 0,
        "VALID": 0,
        "total": 100.00251264757038
    }
}