{
    "counter": {
        "ACTIVE": 8029,
        "INACTIVE": 7,
        "INVALID": 0,
        "MALICIOUS": 0,
        "SANE": 0,
        "VALID": 0,
        "total": 8036
    },
    "percentage": {
        "ACTIVE": 99.91289198606272,
        "INACTIVE": 0.09358288770053476,
        "INVALID": 0,
        "MALICIOUS": 0,
        "SANE": 0,
        "VALID": 0,
        "total": 100.00647487376325
    }
}