{
    "counter": {
        "ACTIVE": 18922,
        "INACTIVE": 7,
        "INVALID": 0,
        "MALICIOUS": 0,
        "SANE": 0,
        "VALID": 0,
        "total": 18929
    },
    "percentage": {
        "ACTIVE": 99.96301970521422,
        "INACTIVE": 0.03698029478577843,
        "INVALID": 0.0,
        "MALICIOUS": 0.0,
        "SANE": 0.0,
        "VALID": 0.0,
        "total": 100.0
    }
}