{
    "counter": {
        "ACTIVE": 62441,
        "INACTIVE": 6,
        "INVALID": 0,
        "MALICIOUS": 0,
        "SANE": 0,
        "VALID": 0,
        "total": 62447
    },
    "percentage": {
        "ACTIVE": 99.99039185229074,
        "INACTIVE": 0.02765359266258008,
        "INVALID": 0,
        "MALICIOUS": 0,
        "SANE": 0,
        "VALID": 0,
        "total": 100.01804544495332
    }
}