{
    "counter": {
        "ACTIVE": 16433,
        "INACTIVE": 3,
        "INVALID": 0,
        "MALICIOUS": 0,
        "SANE": 0,
        "VALID": 0,
        "total": 16436
    },
    "percentage": {
        "ACTIVE": 99.98174738379167,
        "INACTIVE": 0.03944254535892716,
        "INVALID": 0,
        "MALICIOUS": 0,
        "SANE": 0,
        "VALID": 0,
        "total": 100.0211899291506
    }
}