{
    "counter": {
        "ACTIVE": 15599,
        "INACTIVE": 4,
        "INVALID": 0,
        "MALICIOUS": 0,
        "SANE": 0,
        "VALID": 0,
        "total": 15603
    },
    "percentage": {
        "ACTIVE": 99.97436390437737,
        "INACTIVE": 0.08503401360544217,
        "INVALID": 0,
        "MALICIOUS": 0,
        "SANE": 0,
        "VALID": 0,
        "total": 100.0593979179828
    }
}