{
    "counter": {
        "ACTIVE": 14410,
        "INACTIVE": 32,
        "INVALID": 0,
        "MALICIOUS": 0,
        "SANE": 0,
        "VALID": 0,
        "total": 14442
    },
    "percentage": {
        "ACTIVE": 99.77842404099155,
        "INACTIVE": 0.22194479123318075,
        "INVALID": 0,
        "MALICIOUS": 0,
        "SANE": 0,
        "VALID": 0,
        "total": 100.00036883222474
    }
}