{
    "counter": {
        "ACTIVE": 13887,
        "INACTIVE": 3,
        "INVALID": 0,
        "MALICIOUS": 0,
        "SANE": 0,
        "VALID": 0,
        "total": 13890
    },
    "percentage": {
        "ACTIVE": 99.97840172786177,
        "INACTIVE": 0.028232636928289104,
        "INVALID": 0,
        "MALICIOUS": 0,
        "SANE": 0,
        "VALID": 0,
        "total": 100.00663436479006
    }
}