{
    "counter": {
        "ACTIVE": 15982,
        "INACTIVE": 26,
        "INVALID": 0,
        "MALICIOUS": 0,
        "SANE": 0,
        "VALID": 0,
        "total": 16008
    },
    "percentage": {
        "ACTIVE": 99.8375812093953,
        "INACTIVE": 0.18696965338702717,
        "INVALID": 0,
        "MALICIOUS": 0,
        "SANE": 0,
        "VALID": 0,
        "total": 100.02455086278232
    }
}