{
    "counter": {
        "ACTIVE": 15767,
        "INACTIVE": 7,
        "INVALID": 0,
        "MALICIOUS": 0,
        "SANE": 0,
        "VALID": 0,
        "total": 15774
    },
    "percentage": {
        "ACTIVE": 99.9556231773805,
        "INACTIVE": 0.04742868758045938,
        "INVALID": 0,
        "MALICIOUS": 0,
        "SANE": 0,
        "VALID": 0,
        "total": 100.00305186496097
    }
}