{
    "counter": {
        "ACTIVE": 12686,
        "INACTIVE": 7,
        "INVALID": 0,
        "MALICIOUS": 0,
        "SANE": 0,
        "VALID": 0,
        "total": 12693
    },
    "percentage": {
        "ACTIVE": 99.94485149294887,
        "INACTIVE": 0.059427795228797015,
        "INVALID": 0,
        "MALICIOUS": 0,
        "SANE": 0,
        "VALID": 0,
        "total": 100.00427928817767
    }
}