{
    "counter": {
        "ACTIVE": 10737,
        "INACTIVE": 35,
        "INVALID": 0,
        "MALICIOUS": 0,
        "SANE": 0,
        "VALID": 0,
        "total": 10772
    },
    "percentage": {
        "ACTIVE": 99.6750835499443,
        "INACTIVE": 0.44343088812872167,
        "INVALID": 0,
        "MALICIOUS": 0,
        "SANE": 0,
        "VALID": 0,
        "total": 100.11851443807302
    }
}