{
    "counter": {
        "ACTIVE": 2449,
        "INACTIVE": 23,
        "INVALID": 0,
        "MALICIOUS": 0,
        "SANE": 0,
        "VALID": 0,
        "total": 2472
    },
    "percentage": {
        "ACTIVE": 99.06957928802589,
        "INACTIVE": 1.003928415539066,
        "INVALID": 0,
        "MALICIOUS": 0,
        "SANE": 0,
        "VALID": 0,
        "total": 100.07350770356496
    }
}