{
    "counter": {
        "ACTIVE": 70094,
        "INACTIVE": 4,
        "INVALID": 0,
        "MALICIOUS": 0,
        "SANE": 0,
        "VALID": 0,
        "total": 70098
    },
    "percentage": {
        "ACTIVE": 99.99429370310138,
        "INACTIVE": 0.013466199838405602,
        "INVALID": 0,
        "MALICIOUS": 0,
        "SANE": 0,
        "VALID": 0,
        "total": 100.00775990293978
    }
}