{
    "counter": {
        "ACTIVE": 16725,
        "INACTIVE": 46,
        "INVALID": 0,
        "MALICIOUS": 0,
        "SANE": 0,
        "VALID": 0,
        "total": 16771
    },
    "percentage": {
        "ACTIVE": 99.72571701150795,
        "INACTIVE": 0.2877337836992556,
        "INVALID": 0,
        "MALICIOUS": 0,
        "SANE": 0,
        "VALID": 0,
        "total": 100.0134507952072
    }
}