{
    "counter": {
        "ACTIVE": 13474,
        "INACTIVE": 17,
        "INVALID": 0,
        "MALICIOUS": 0,
        "SANE": 0,
        "VALID": 0,
        "total": 13491
    },
    "percentage": {
        "ACTIVE": 99.87399006745238,
        "INACTIVE": 0.12600993254762435,
        "INVALID": 0.0,
        "MALICIOUS": 0.0,
        "SANE": 0.0,
        "VALID": 0.0,
        "total": 100.0
    }
}