{
    "counter": {
        "ACTIVE": 14598,
        "INACTIVE": 1,
        "INVALID": 0,
        "MALICIOUS": 0,
        "SANE": 0,
        "VALID": 0,
        "total": 14599
    },
    "percentage": {
        "ACTIVE": 99.99315021576821,
        "INACTIVE": 0.006918500069185001,
        "INVALID": 0,
        "MALICIOUS": 0,
        "SANE": 0,
        "VALID": 0,
        "total": 100.0000687158374
    }
}