{
    "counter": {
        "ACTIVE": 16515,
        "INACTIVE": 19,
        "INVALID": 0,
        "MALICIOUS": 0,
        "SANE": 0,
        "VALID": 0,
        "total": 16534
    },
    "percentage": {
        "ACTIVE": 99.8850852788194,
        "INACTIVE": 0.11662165479990179,
        "INVALID": 0,
        "MALICIOUS": 0,
        "SANE": 0,
        "VALID": 0,
        "total": 100.0017069336193
    }
}