{
    "counter": {
        "ACTIVE": 15443,
        "INACTIVE": 37,
        "INVALID": 0,
        "MALICIOUS": 0,
        "SANE": 0,
        "VALID": 0,
        "total": 15480
    },
    "percentage": {
        "ACTIVE": 99.7609819121447,
        "INACTIVE": 0.285010013865352,
        "INVALID": 0,
        "MALICIOUS": 0,
        "SANE": 0,
        "VALID": 0,
        "total": 100.04599192601005
    }
}