{
    "counter": {
        "ACTIVE": 13043,
        "INACTIVE": 24,
        "INVALID": 0,
        "MALICIOUS": 0,
        "SANE": 0,
        "VALID": 0,
        "total": 13067
    },
    "percentage": {
        "ACTIVE": 99.81633121604041,
        "INACTIVE": 0.18703241895261846,
        "INVALID": 0,
        "MALICIOUS": 0,
        "SANE": 0,
        "VALID": 0,
        "total": 100.00336363499302
    }
}