{
    "counter": {
        "ACTIVE": 16035,
        "INACTIVE": 55,
        "INVALID": 0,
        "MALICIOUS": 0,
        "SANE": 0,
        "VALID": 0,
        "total": 16090
    },
    "percentage": {
        "ACTIVE": 99.65817277812306,
        "INACTIVE": 0.344546764392658,
        "INVALID": 0,
        "MALICIOUS": 0,
        "SANE": 0,
        "VALID": 0,
        "total": 100.00271954251572
    }
}