{
    "counter": {
        "ACTIVE": 154596,
        "INACTIVE": 13,
        "INVALID": 0,
        "MALICIOUS": 0,
        "SANE": 0,
        "VALID": 0,
        "total": 154609
    },
    "percentage": {
        "ACTIVE": 99.99159169259228,
        "INACTIVE": 0.010932086514850819,
        "INVALID": 0,
        "MALICIOUS": 0,
        "SANE": 0,
        "VALID": 0,
        "total": 100.00252377910714
    }
}