{
    "counter": {
        "ACTIVE": 7254,
        "INACTIVE": 15,
        "INVALID": 0,
        "MALICIOUS": 0,
        "SANE": 0,
        "VALID": 0,
        "total": 7269
    },
    "percentage": {
        "ACTIVE": 99.79364424267438,
        "INACTIVE": 0.2648772735299311,
        "INVALID": 0,
        "MALICIOUS": 0,
        "SANE": 0,
        "VALID": 0,
        "total": 100.05852151620431
    }
}