{
    "counter": {
        "ACTIVE": 16574,
        "INACTIVE": 7,
        "INVALID": 0,
        "MALICIOUS": 0,
        "SANE": 0,
        "VALID": 0,
        "total": 16581
    },
    "percentage": {
        "ACTIVE": 99.95778300464387,
        "INACTIVE": 0.05328867235079172,
        "INVALID": 0,
        "MALICIOUS": 0,
        "SANE": 0,
        "VALID": 0,
        "total": 100.01107167699466
    }
}