{
    "counter": {
        "ACTIVE": 10069,
        "INACTIVE": 29,
        "INVALID": 0,
        "MALICIOUS": 0,
        "SANE": 0,
        "VALID": 0,
        "total": 10098
    },
    "percentage": {
        "ACTIVE": 99.71281441869677,
        "INACTIVE": 0.3102931735501819,
        "INVALID": 0,
        "MALICIOUS": 0,
        "SANE": 0,
        "VALID": 0,
        "total": 100.02310759224694
    }
}