{
    "counter": {
        "ACTIVE": 12924,
        "INACTIVE": 2,
        "INVALID": 0,
        "MALICIOUS": 0,
        "SANE": 0,
        "VALID": 0,
        "total": 12926
    },
    "percentage": {
        "ACTIVE": 99.98452730929908,
        "INACTIVE": 0.016488046166529265,
        "INVALID": 0,
        "MALICIOUS": 0,
        "SANE": 0,
        "VALID": 0,
        "total": 100.00101535546561
    }
}