{
    "counter": {
        "ACTIVE": 15185,
        "INACTIVE": 5,
        "INVALID": 0,
        "MALICIOUS": 0,
        "SANE": 0,
        "VALID": 0,
        "total": 15190
    },
    "percentage": {
        "ACTIVE": 99.96708360763661,
        "INACTIVE": 0.03307097030226867,
        "INVALID": 0,
        "MALICIOUS": 0,
        "SANE": 0,
        "VALID": 0,
        "total": 100.00015457793887
    }
}