{
    "counter": {
        "ACTIVE": 262802,
        "INACTIVE": 14,
        "INVALID": 0,
        "MALICIOUS": 0,
        "SANE": 0,
        "VALID": 0,
        "total": 262816
    },
    "percentage": {
        "ACTIVE": 99.99467307926459,
        "INACTIVE": 0.006299212598425197,
        "INVALID": 0,
        "MALICIOUS": 0,
        "SANE": 0,
        "VALID": 0,
        "total": 100.00097229186301
    }
}