{
    "counter": {
        "ACTIVE": 16128,
        "INACTIVE": 38,
        "INVALID": 0,
        "MALICIOUS": 0,
        "SANE": 0,
        "VALID": 0,
        "total": 16166
    },
    "percentage": {
        "ACTIVE": 99.76493876036125,
        "INACTIVE": 0.23565891472868217,
        "INVALID": 0,
        "MALICIOUS": 0,
        "SANE": 0,
        "VALID": 0,
        "total": 100.00059767508994
    }
}