{
    "counter": {
        "ACTIVE": 8481,
        "INACTIVE": 19,
        "INVALID": 0,
        "MALICIOUS": 0,
        "SANE": 0,
        "VALID": 0,
        "total": 8500
    },
    "percentage": {
        "ACTIVE": 99.7764705882353,
        "INACTIVE": 0.22651406771578445,
        "INVALID": 0,
        "MALICIOUS": 0,
        "SANE": 0,
        "VALID": 0,
        "total": 100.00298465595108
    }
}