{
    "counter": {
        "ACTIVE": 215664,
        "INACTIVE": 13,
        "INVALID": 0,
        "MALICIOUS": 0,
        "SANE": 0,
        "VALID": 0,
        "total": 215677
    },
    "percentage": {
        "ACTIVE": 99.99397246808886,
        "INACTIVE": 0.010932086514850819,
        "INVALID": 0,
        "MALICIOUS": 0,
        "SANE": 0,
        "VALID": 0,
        "total": 100.00490455460371
    }
}