{
    "counter": {
        "ACTIVE": 14147,
        "INACTIVE": 385,
        "INVALID": 0,
        "MALICIOUS": 0,
        "SANE": 0,
        "VALID": 0,
        "total": 14532
    },
    "percentage": {
        "ACTIVE": 97.35067437379575,
        "INACTIVE": 2.656821475398523,
        "INVALID": 0,
        "MALICIOUS": 0,
        "SANE": 0,
        "VALID": 0,
        "total": 100.00749584919427
    }
}