{
    "counter": {
        "ACTIVE": 15621,
        "INACTIVE": 42,
        "INVALID": 0,
        "MALICIOUS": 0,
        "SANE": 0,
        "VALID": 0,
        "total": 15663
    },
    "percentage": {
        "ACTIVE": 99.7318521356062,
        "INACTIVE": 0.3643935450286309,
        "INVALID": 0,
        "MALICIOUS": 0,
        "SANE": 0,
        "VALID": 0,
        "total": 100.09624568063484
    }
}