{
    "counter": {
        "ACTIVE": 16282,
        "INACTIVE": 320,
        "INVALID": 0,
        "MALICIOUS": 0,
        "SANE": 0,
        "VALID": 0,
        "total": 16602
    },
    "percentage": {
        "ACTIVE": 98.0725213829659,
        "INACTIVE": 1.9312009656004827,
        "INVALID": 0,
        "MALICIOUS": 0,
        "SANE": 0,
        "VALID": 0,
        "total": 100.00372234856638
    }
}