{
    "counter": {
        "ACTIVE": 13523,
        "INACTIVE": 5,
        "INVALID": 0,
        "MALICIOUS": 0,
        "SANE": 0,
        "VALID": 0,
        "total": 13528
    },
    "percentage": {
        "ACTIVE": 99.96303962152572,
        "INACTIVE": 0.04475875033569063,
        "INVALID": 0,
        "MALICIOUS": 0,
        "SANE": 0,
        "VALID": 0,
        "total": 100.00779837186141
    }
}