{
    "counter": {
        "ACTIVE": 15918,
        "INACTIVE": 25,
        "INVALID": 0,
        "MALICIOUS": 0,
        "SANE": 0,
        "VALID": 0,
        "total": 15943
    },
    "percentage": {
        "ACTIVE": 99.84319136925296,
        "INACTIVE": 0.1569464498713039,
        "INVALID": 0,
        "MALICIOUS": 0,
        "SANE": 0,
        "VALID": 0,
        "total": 100.00013781912426
    }
}