{
    "counter": {
        "ACTIVE": 1193,
        "INACTIVE": 2,
        "INVALID": 0,
        "MALICIOUS": 0,
        "SANE": 0,
        "VALID": 0,
        "total": 1195
    },
    "percentage": {
        "ACTIVE": 99.8326359832636,
        "INACTIVE": 0.1768346595932803,
        "INVALID": 0,
        "MALICIOUS": 0,
        "SANE": 0,
        "VALID": 0,
        "total": 100.00947064285688
    }
}