{
    "counter": {
        "ACTIVE": 15685,
        "INACTIVE": 38,
        "INVALID": 0,
        "MALICIOUS": 0,
        "SANE": 0,
        "VALID": 0,
        "total": 15723
    },
    "percentage": {
        "ACTIVE": 99.7583158430325,
        "INACTIVE": 0.3520800518854813,
        "INVALID": 0,
        "MALICIOUS": 0,
        "SANE": 0,
        "VALID": 0,
        "total": 100.11039589491799
    }
}