{
    "counter": {
        "ACTIVE": 13685,
        "INACTIVE": 5,
        "INVALID": 0,
        "MALICIOUS": 0,
        "SANE": 0,
        "VALID": 0,
        "total": 13690
    },
    "percentage": {
        "ACTIVE": 99.96347699050402,
        "INACTIVE": 0.05041847332862761,
        "INVALID": 0,
        "MALICIOUS": 0,
        "SANE": 0,
        "VALID": 0,
        "total": 100.01389546383265
    }
}