{
    "counter": {
        "ACTIVE": 18902,
        "INACTIVE": 6,
        "INVALID": 0,
        "MALICIOUS": 0,
        "SANE": 0,
        "VALID": 0,
        "total": 18908
    },
    "percentage": {
        "ACTIVE": 99.96826740004231,
        "INACTIVE": 0.031732599957689865,
        "INVALID": 0.0,
        "MALICIOUS": 0.0,
        "SANE": 0.0,
        "VALID": 0.0,
        "total": 100.0
    }
}