{
    "counter": {
        "ACTIVE": 10521,
        "INACTIVE": 28,
        "INVALID": 0,
        "MALICIOUS": 0,
        "SANE": 0,
        "VALID": 0,
        "total": 10549
    },
    "percentage": {
        "ACTIVE": 99.73457199734572,
        "INACTIVE": 0.2768439786434645,
        "INVALID": 0,
        "MALICIOUS": 0,
        "SANE": 0,
        "VALID": 0,
        "total": 100.0114159759892
    }
}