{
    "counter": {
        "ACTIVE": 12627,
        "INACTIVE": 18,
        "INVALID": 0,
        "MALICIOUS": 0,
        "SANE": 0,
        "VALID": 0,
        "total": 12645
    },
    "percentage": {
        "ACTIVE": 99.85765124555161,
        "INACTIVE": 0.1423487544483986,
        "INVALID": 0.0,
        "MALICIOUS": 0.0,
        "SANE": 0.0,
        "VALID": 0.0,
        "total": 100.0
    }
}