{
    "counter": {
        "ACTIVE": 15828,
        "INACTIVE": 2,
        "INVALID": 0,
        "MALICIOUS": 0,
        "SANE": 0,
        "VALID": 0,
        "total": 15830
    },
    "percentage": {
        "ACTIVE": 99.98736576121289,
        "INACTIVE": 0.022067747986317995,
        "INVALID": 0,
        "MALICIOUS": 0,
        "SANE": 0,
        "VALID": 0,
        "total": 100.0094335091992
    }
}