{
    "counter": {
        "ACTIVE": 13857,
        "INACTIVE": 15,
        "INVALID": 0,
        "MALICIOUS": 0,
        "SANE": 0,
        "VALID": 0,
        "total": 13872
    },
    "percentage": {
        "ACTIVE": 99.89186851211073,
        "INACTIVE": 0.12573344509639564,
        "INVALID": 0,
        "MALICIOUS": 0,
        "SANE": 0,
        "VALID": 0,
        "total": 100.01760195720713
    }
}