{
    "counter": {
        "ACTIVE": 16017,
        "INACTIVE": 26,
        "INVALID": 0,
        "MALICIOUS": 0,
        "SANE": 0,
        "VALID": 0,
        "total": 16043
    },
    "percentage": {
        "ACTIVE": 99.83793554821418,
        "INACTIVE": 0.16448408932751313,
        "INVALID": 0,
        "MALICIOUS": 0,
        "SANE": 0,
        "VALID": 0,
        "total": 100.00241963754169
    }
}