{
    "counter": {
        "ACTIVE": 16437,
        "INACTIVE": 36,
        "INVALID": 0,
        "MALICIOUS": 0,
        "SANE": 0,
        "VALID": 0,
        "total": 16473
    },
    "percentage": {
        "ACTIVE": 99.78146057184483,
        "INACTIVE": 0.21867217396586283,
        "INVALID": 0,
        "MALICIOUS": 0,
        "SANE": 0,
        "VALID": 0,
        "total": 100.00013274581069
    }
}