{
    "counter": {
        "ACTIVE": 14449,
        "INACTIVE": 21,
        "INVALID": 0,
        "MALICIOUS": 0,
        "SANE": 0,
        "VALID": 0,
        "total": 14470
    },
    "percentage": {
        "ACTIVE": 99.85487214927436,
        "INACTIVE": 0.14512785072563925,
        "INVALID": 0.0,
        "MALICIOUS": 0.0,
        "SANE": 0.0,
        "VALID": 0.0,
        "total": 100.0
    }
}