{
    "counter": {
        "ACTIVE": 6164,
        "INACTIVE": 4,
        "INVALID": 0,
        "MALICIOUS": 0,
        "SANE": 0,
        "VALID": 0,
        "total": 6168
    },
    "percentage": {
        "ACTIVE": 99.93514915693903,
        "INACTIVE": 0.07459903021260723,
        "INVALID": 0,
        "MALICIOUS": 0,
        "SANE": 0,
        "VALID": 0,
        "total": 100.00974818715164
    }
}