{
    "counter": {
        "ACTIVE": 15955,
        "INACTIVE": 2,
        "INVALID": 0,
        "MALICIOUS": 0,
        "SANE": 0,
        "VALID": 0,
        "total": 15957
    },
    "percentage": {
        "ACTIVE": 99.98746631572351,
        "INACTIVE": 0.01349345567399811,
        "INVALID": 0,
        "MALICIOUS": 0,
        "SANE": 0,
        "VALID": 0,
        "total": 100.0009597713975
    }
}