{
    "counter": {
        "ACTIVE": 61577,
        "INACTIVE": 6,
        "INVALID": 0,
        "MALICIOUS": 0,
        "SANE": 0,
        "VALID": 0,
        "total": 61583
    },
    "percentage": {
        "ACTIVE": 99.99025705145901,
        "INACTIVE": 0.02765359266258008,
        "INVALID": 0,
        "MALICIOUS": 0,
        "SANE": 0,
        "VALID": 0,
        "total": 100.01791064412159
    }
}