{
    "counter": {
        "ACTIVE": 17050,
        "INACTIVE": 60,
        "INVALID": 0,
        "MALICIOUS": 0,
        "SANE": 0,
        "VALID": 0,
        "total": 17110
    },
    "percentage": {
        "ACTIVE": 99.64932787843367,
        "INACTIVE": 0.37007339789058163,
        "INVALID": 0,
        "MALICIOUS": 0,
        "SANE": 0,
        "VALID": 0,
        "total": 100.01940127632425
    }
}