{
    "counter": {
        "ACTIVE": 10535,
        "INACTIVE": 20,
        "INVALID": 0,
        "MALICIOUS": 0,
        "SANE": 0,
        "VALID": 0,
        "total": 10555
    },
    "percentage": {
        "ACTIVE": 99.81051634296541,
        "INACTIVE": 0.2349900129244507,
        "INVALID": 0,
        "MALICIOUS": 0,
        "SANE": 0,
        "VALID": 0,
        "total": 100.04550635588987
    }
}