{
    "counter": {
        "ACTIVE": 16758,
        "INACTIVE": 36,
        "INVALID": 0,
        "MALICIOUS": 0,
        "SANE": 0,
        "VALID": 0,
        "total": 16794
    },
    "percentage": {
        "ACTIVE": 99.78563772775992,
        "INACTIVE": 0.26191342306293197,
        "INVALID": 0,
        "MALICIOUS": 0,
        "SANE": 0,
        "VALID": 0,
        "total": 100.04755115082285
    }
}