{
    "counter": {
        "ACTIVE": 15688,
        "INACTIVE": 38,
        "INVALID": 0,
        "MALICIOUS": 0,
        "SANE": 0,
        "VALID": 0,
        "total": 15726
    },
    "percentage": {
        "ACTIVE": 99.75836194836576,
        "INACTIVE": 0.3520800518854813,
        "INVALID": 0,
        "MALICIOUS": 0,
        "SANE": 0,
        "VALID": 0,
        "total": 100.11044200025124
    }
}