{
    "counter": {
        "ACTIVE": 15492,
        "INACTIVE": 30,
        "INVALID": 0,
        "MALICIOUS": 0,
        "SANE": 0,
        "VALID": 0,
        "total": 15522
    },
    "percentage": {
        "ACTIVE": 99.8067259373792,
        "INACTIVE": 0.2098489087856743,
        "INVALID": 0,
        "MALICIOUS": 0,
        "SANE": 0,
        "VALID": 0,
        "total": 100.01657484616487
    }
}