{
    "counter": {
        "ACTIVE": 15216,
        "INACTIVE": 15,
        "INVALID": 0,
        "MALICIOUS": 0,
        "SANE": 0,
        "VALID": 0,
        "total": 15231
    },
    "percentage": {
        "ACTIVE": 99.90151664368722,
        "INACTIVE": 0.12573344509639564,
        "INVALID": 0,
        "MALICIOUS": 0,
        "SANE": 0,
        "VALID": 0,
        "total": 100.02725008878362
    }
}