{
    "counter": {
        "ACTIVE": 1727,
        "INACTIVE": 5,
        "INVALID": 0,
        "MALICIOUS": 0,
        "SANE": 0,
        "VALID": 0,
        "total": 1732
    },
    "percentage": {
        "ACTIVE": 99.71131639722864,
        "INACTIVE": 0.40290088638195004,
        "INVALID": 0,
        "MALICIOUS": 0,
        "SANE": 0,
        "VALID": 0,
        "total": 100.1142172836106
    }
}