{
    "counter": {
        "ACTIVE": 9486,
        "INACTIVE": 5,
        "INVALID": 0,
        "MALICIOUS": 0,
        "SANE": 0,
        "VALID": 0,
        "total": 9491
    },
    "percentage": {
        "ACTIVE": 99.94731851227479,
        "INACTIVE": 0.05283178360101437,
        "INVALID": 0,
        "MALICIOUS": 0,
        "SANE": 0,
        "VALID": 0,
        "total": 100.0001502958758
    }
}