{
    "counter": {
        "ACTIVE": 4322,
        "INACTIVE": 11,
        "INVALID": 0,
        "MALICIOUS": 0,
        "SANE": 0,
        "VALID": 0,
        "total": 4333
    },
    "percentage": {
        "ACTIVE": 99.74613431802446,
        "INACTIVE": 0.27073590942653214,
        "INVALID": 0,
        "MALICIOUS": 0,
        "SANE": 0,
        "VALID": 0,
        "total": 100.016870227451
    }
}