{
    "counter": {
        "ACTIVE": 10770,
        "INACTIVE": 10,
        "INVALID": 0,
        "MALICIOUS": 0,
        "SANE": 0,
        "VALID": 0,
        "total": 10780
    },
    "percentage": {
        "ACTIVE": 99.90723562152134,
        "INACTIVE": 0.09766578767457759,
        "INVALID": 0,
        "MALICIOUS": 0,
        "SANE": 0,
        "VALID": 0,
        "total": 100.00490140919591
    }
}