{
    "counter": {
        "ACTIVE": 15587,
        "INACTIVE": 14,
        "INVALID": 0,
        "MALICIOUS": 0,
        "SANE": 0,
        "VALID": 0,
        "total": 15601
    },
    "percentage": {
        "ACTIVE": 99.91026216268187,
        "INACTIVE": 0.09942475676443434,
        "INVALID": 0,
        "MALICIOUS": 0,
        "SANE": 0,
        "VALID": 0,
        "total": 100.00968691944631
    }
}