{
    "counter": {
        "ACTIVE": 11614,
        "INACTIVE": 7,
        "INVALID": 0,
        "MALICIOUS": 0,
        "SANE": 0,
        "VALID": 0,
        "total": 11621
    },
    "percentage": {
        "ACTIVE": 99.93976421994665,
        "INACTIVE": 0.0661625708884688,
        "INVALID": 0,
        "MALICIOUS": 0,
        "SANE": 0,
        "VALID": 0,
        "total": 100.00592679083512
    }
}