{
    "counter": {
        "ACTIVE": 10065,
        "INACTIVE": 35,
        "INVALID": 0,
        "MALICIOUS": 0,
        "SANE": 0,
        "VALID": 0,
        "total": 10100
    },
    "percentage": {
        "ACTIVE": 99.65346534653466,
        "INACTIVE": 0.44343088812872167,
        "INVALID": 0,
        "MALICIOUS": 0,
        "SANE": 0,
        "VALID": 0,
        "total": 100.09689623466338
    }
}