{
    "counter": {
        "ACTIVE": 81795,
        "INACTIVE": 10,
        "INVALID": 0,
        "MALICIOUS": 0,
        "SANE": 0,
        "VALID": 0,
        "total": 81805
    },
    "percentage": {
        "ACTIVE": 99.98777580832467,
        "INACTIVE": 0.02183549140773413,
        "INVALID": 0,
        "MALICIOUS": 0,
        "SANE": 0,
        "VALID": 0,
        "total": 100.0096112997324
    }
}