{
    "counter": {
        "ACTIVE": 12604,
        "INACTIVE": 9,
        "INVALID": 0,
        "MALICIOUS": 0,
        "SANE": 0,
        "VALID": 0,
        "total": 12613
    },
    "percentage": {
        "ACTIVE": 99.92864504875922,
        "INACTIVE": 0.0729690287011513,
        "INVALID": 0,
        "MALICIOUS": 0,
        "SANE": 0,
        "VALID": 0,
        "total": 100.00161407746037
    }
}