{
    "counter": {
        "ACTIVE": 2458,
        "INACTIVE": 3,
        "INVALID": 0,
        "MALICIOUS": 0,
        "SANE": 0,
        "VALID": 0,
        "total": 2461
    },
    "percentage": {
        "ACTIVE": 99.87809833401056,
        "INACTIVE": 0.13398838767306834,
        "INVALID": 0,
        "MALICIOUS": 0,
        "SANE": 0,
        "VALID": 0,
        "total": 100.01208672168363
    }
}