{
    "counter": {
        "ACTIVE": 16208,
        "INACTIVE": 15,
        "INVALID": 0,
        "MALICIOUS": 0,
        "SANE": 0,
        "VALID": 0,
        "total": 16223
    },
    "percentage": {
        "ACTIVE": 99.90753867965235,
        "INACTIVE": 0.11337868480725624,
        "INVALID": 0,
        "MALICIOUS": 0,
        "SANE": 0,
        "VALID": 0,
        "total": 100.0209173644596
    }
}