{
    "counter": {
        "ACTIVE": 11140,
        "INACTIVE": 5,
        "INVALID": 0,
        "MALICIOUS": 0,
        "SANE": 0,
        "VALID": 0,
        "total": 11145
    },
    "percentage": {
        "ACTIVE": 99.95513683266039,
        "INACTIVE": 0.046563605885639785,
        "INVALID": 0,
        "MALICIOUS": 0,
        "SANE": 0,
        "VALID": 0,
        "total": 100.00170043854602
    }
}