{
    "counter": {
        "ACTIVE": 15446,
        "INACTIVE": 2,
        "INVALID": 0,
        "MALICIOUS": 0,
        "SANE": 0,
        "VALID": 0,
        "total": 15448
    },
    "percentage": {
        "ACTIVE": 99.98705334023822,
        "INACTIVE": 0.04096681687832855,
        "INVALID": 0,
        "MALICIOUS": 0,
        "SANE": 0,
        "VALID": 0,
        "total": 100.02802015711654
    }
}