{
    "counter": {
        "ACTIVE": 5780,
        "INACTIVE": 23,
        "INVALID": 0,
        "MALICIOUS": 0,
        "SANE": 0,
        "VALID": 0,
        "total": 5803
    },
    "percentage": {
        "ACTIVE": 99.60365328278476,
        "INACTIVE": 0.4037212568018255,
        "INVALID": 0,
        "MALICIOUS": 0,
        "SANE": 0,
        "VALID": 0,
        "total": 100.00737453958659
    }
}