{
    "counter": {
        "ACTIVE": 17699,
        "INACTIVE": 5,
        "INVALID": 0,
        "MALICIOUS": 0,
        "SANE": 0,
        "VALID": 0,
        "total": 17704
    },
    "percentage": {
        "ACTIVE": 99.97175779484863,
        "INACTIVE": 0.03074085459575776,
        "INVALID": 0,
        "MALICIOUS": 0,
        "SANE": 0,
        "VALID": 0,
        "total": 100.00249864944439
    }
}