{
    "counter": {
        "ACTIVE": 153361,
        "INACTIVE": 13,
        "INVALID": 0,
        "MALICIOUS": 0,
        "SANE": 0,
        "VALID": 0,
        "total": 153374
    },
    "percentage": {
        "ACTIVE": 99.99152398711647,
        "INACTIVE": 0.010932086514850819,
        "INVALID": 0,
        "MALICIOUS": 0,
        "SANE": 0,
        "VALID": 0,
        "total": 100.00245607363132
    }
}