{
    "counter": {
        "ACTIVE": 14563,
        "INACTIVE": 28,
        "INVALID": 0,
        "MALICIOUS": 0,
        "SANE": 0,
        "VALID": 0,
        "total": 14591
    },
    "percentage": {
        "ACTIVE": 99.80810088410664,
        "INACTIVE": 0.1924001924001924,
        "INVALID": 0,
        "MALICIOUS": 0,
        "SANE": 0,
        "VALID": 0,
        "total": 100.00050107650682
    }
}