{
    "counter": {
        "ACTIVE": 10133,
        "INACTIVE": 8,
        "INVALID": 0,
        "MALICIOUS": 0,
        "SANE": 0,
        "VALID": 0,
        "total": 10141
    },
    "percentage": {
        "ACTIVE": 99.92111231633962,
        "INACTIVE": 0.10094637223974763,
        "INVALID": 0,
        "MALICIOUS": 0,
        "SANE": 0,
        "VALID": 0,
        "total": 100.02205868857936
    }
}