{
    "counter": {
        "ACTIVE": 16610,
        "INACTIVE": 10,
        "INVALID": 0,
        "MALICIOUS": 0,
        "SANE": 0,
        "VALID": 0,
        "total": 16620
    },
    "percentage": {
        "ACTIVE": 99.93983152827919,
        "INACTIVE": 0.0639386189258312,
        "INVALID": 0,
        "MALICIOUS": 0,
        "SANE": 0,
        "VALID": 0,
        "total": 100.00377014720502
    }
}