{
    "counter": {
        "ACTIVE": 7427,
        "INACTIVE": 1,
        "INVALID": 0,
        "MALICIOUS": 0,
        "SANE": 0,
        "VALID": 0,
        "total": 7428
    },
    "percentage": {
        "ACTIVE": 99.98653742595585,
        "INACTIVE": 0.014287755393627661,
        "INVALID": 0,
        "MALICIOUS": 0,
        "SANE": 0,
        "VALID": 0,
        "total": 100.00082518134947
    }
}