{
    "counter": {
        "ACTIVE": 11529,
        "INACTIVE": 5,
        "INVALID": 0,
        "MALICIOUS": 0,
        "SANE": 0,
        "VALID": 0,
        "total": 11534
    },
    "percentage": {
        "ACTIVE": 99.95664990462978,
        "INACTIVE": 0.04475875033569063,
        "INVALID": 0,
        "MALICIOUS": 0,
        "SANE": 0,
        "VALID": 0,
        "total": 100.00140865496547
    }
}