{
    "counter": {
        "ACTIVE": 15477,
        "INACTIVE": 13,
        "INVALID": 0,
        "MALICIOUS": 0,
        "SANE": 0,
        "VALID": 0,
        "total": 15490
    },
    "percentage": {
        "ACTIVE": 99.91607488702388,
        "INACTIVE": 0.08839328211055959,
        "INVALID": 0,
        "MALICIOUS": 0,
        "SANE": 0,
        "VALID": 0,
        "total": 100.00446816913444
    }
}