{
    "counter": {
        "ACTIVE": 16688,
        "INACTIVE": 3,
        "INVALID": 0,
        "MALICIOUS": 0,
        "SANE": 0,
        "VALID": 0,
        "total": 16691
    },
    "percentage": {
        "ACTIVE": 99.98202624168714,
        "INACTIVE": 0.019214756933324792,
        "INVALID": 0,
        "MALICIOUS": 0,
        "SANE": 0,
        "VALID": 0,
        "total": 100.00124099862046
    }
}