{
    "counter": {
        "ACTIVE": 7848,
        "INACTIVE": 5,
        "INVALID": 0,
        "MALICIOUS": 0,
        "SANE": 0,
        "VALID": 0,
        "total": 7853
    },
    "percentage": {
        "ACTIVE": 99.93633006494333,
        "INACTIVE": 0.07342143906020558,
        "INVALID": 0,
        "MALICIOUS": 0,
        "SANE": 0,
        "VALID": 0,
        "total": 100.00975150400355
    }
}