{
    "counter": {
        "ACTIVE": 8460,
        "INACTIVE": 5,
        "INVALID": 0,
        "MALICIOUS": 0,
        "SANE": 0,
        "VALID": 0,
        "total": 8465
    },
    "percentage": {
        "ACTIVE": 99.94093325457767,
        "INACTIVE": 0.066711140760507,
        "INVALID": 0,
        "MALICIOUS": 0,
        "SANE": 0,
        "VALID": 0,
        "total": 100.00764439533818
    }
}