{
    "counter": {
        "ACTIVE": 15137,
        "INACTIVE": 4,
        "INVALID": 0,
        "MALICIOUS": 0,
        "SANE": 0,
        "VALID": 0,
        "total": 15141
    },
    "percentage": {
        "ACTIVE": 99.97358166567598,
        "INACTIVE": 0.03755868544600939,
        "INVALID": 0,
        "MALICIOUS": 0,
        "SANE": 0,
        "VALID": 0,
        "total": 100.011140351122
    }
}