{
    "counter": {
        "ACTIVE": 7539,
        "INACTIVE": 1,
        "INVALID": 0,
        "MALICIOUS": 0,
        "SANE": 0,
        "VALID": 0,
        "total": 7540
    },
    "percentage": {
        "ACTIVE": 99.9867374005305,
        "INACTIVE": 0.014949917775452235,
        "INVALID": 0,
        "MALICIOUS": 0,
        "SANE": 0,
        "VALID": 0,
        "total": 100.00168731830595
    }
}