{
    "counter": {
        "ACTIVE": 11571,
        "INACTIVE": 24,
        "INVALID": 0,
        "MALICIOUS": 0,
        "SANE": 0,
        "VALID": 0,
        "total": 11595
    },
    "percentage": {
        "ACTIVE": 99.79301423027167,
        "INACTIVE": 0.21407546160021407,
        "INVALID": 0,
        "MALICIOUS": 0,
        "SANE": 0,
        "VALID": 0,
        "total": 100.00708969187188
    }
}