{
    "counter": {
        "ACTIVE": 15912,
        "INACTIVE": 15,
        "INVALID": 0,
        "MALICIOUS": 0,
        "SANE": 0,
        "VALID": 0,
        "total": 15927
    },
    "percentage": {
        "ACTIVE": 99.90582030514221,
        "INACTIVE": 0.09531071292413268,
        "INVALID": 0,
        "MALICIOUS": 0,
        "SANE": 0,
        "VALID": 0,
        "total": 100.00113101806635
    }
}