{
    "counter": {
        "ACTIVE": 16517,
        "INACTIVE": 35,
        "INVALID": 0,
        "MALICIOUS": 0,
        "SANE": 0,
        "VALID": 0,
        "total": 16552
    },
    "percentage": {
        "ACTIVE": 99.78854519091348,
        "INACTIVE": 0.2178649237472767,
        "INVALID": 0,
        "MALICIOUS": 0,
        "SANE": 0,
        "VALID": 0,
        "total": 100.00641011466075
    }
}