{
    "counter": {
        "ACTIVE": 11860,
        "INACTIVE": 4,
        "INVALID": 0,
        "MALICIOUS": 0,
        "SANE": 0,
        "VALID": 0,
        "total": 11864
    },
    "percentage": {
        "ACTIVE": 99.96628455832771,
        "INACTIVE": 0.037965072133637055,
        "INVALID": 0,
        "MALICIOUS": 0,
        "SANE": 0,
        "VALID": 0,
        "total": 100.00424963046135
    }
}