{
    "counter": {
        "ACTIVE": 45327,
        "INACTIVE": 9,
        "INVALID": 0,
        "MALICIOUS": 0,
        "SANE": 0,
        "VALID": 0,
        "total": 45336
    },
    "percentage": {
        "ACTIVE": 99.98014822657491,
        "INACTIVE": 0.03349959056055982,
        "INVALID": 0,
        "MALICIOUS": 0,
        "SANE": 0,
        "VALID": 0,
        "total": 100.01364781713548
    }
}