{
    "counter": {
        "ACTIVE": 11539,
        "INACTIVE": 20,
        "INVALID": 0,
        "MALICIOUS": 0,
        "SANE": 0,
        "VALID": 0,
        "total": 11559
    },
    "percentage": {
        "ACTIVE": 99.82697465178649,
        "INACTIVE": 0.2349900129244507,
        "INVALID": 0,
        "MALICIOUS": 0,
        "SANE": 0,
        "VALID": 0,
        "total": 100.06196466471094
    }
}