{
    "counter": {
        "ACTIVE": 9776,
        "INACTIVE": 6,
        "INVALID": 0,
        "MALICIOUS": 0,
        "SANE": 0,
        "VALID": 0,
        "total": 9782
    },
    "percentage": {
        "ACTIVE": 99.9386628501329,
        "INACTIVE": 0.07602635580334516,
        "INVALID": 0,
        "MALICIOUS": 0,
        "SANE": 0,
        "VALID": 0,
        "total": 100.01468920593625
    }
}