{
    "counter": {
        "ACTIVE": 16573,
        "INACTIVE": 954,
        "INVALID": 0,
        "MALICIOUS": 0,
        "SANE": 0,
        "VALID": 0,
        "total": 17527
    },
    "percentage": {
        "ACTIVE": 94.5569692474468,
        "INACTIVE": 5.443030752553204,
        "INVALID": 0.0,
        "MALICIOUS": 0.0,
        "SANE": 0.0,
        "VALID": 0.0,
        "total": 100.0
    }
}