{
    "counter": {
        "ACTIVE": 14544,
        "INACTIVE": 7,
        "INVALID": 0,
        "MALICIOUS": 0,
        "SANE": 0,
        "VALID": 0,
        "total": 14551
    },
    "percentage": {
        "ACTIVE": 99.95189334066387,
        "INACTIVE": 0.06162514305836781,
        "INVALID": 0,
        "MALICIOUS": 0,
        "SANE": 0,
        "VALID": 0,
        "total": 100.01351848372224
    }
}