{
    "counter": {
        "ACTIVE": 16247,
        "INACTIVE": 8,
        "INVALID": 0,
        "MALICIOUS": 0,
        "SANE": 0,
        "VALID": 0,
        "total": 16255
    },
    "percentage": {
        "ACTIVE": 99.95078437403876,
        "INACTIVE": 0.049361387054976245,
        "INVALID": 0,
        "MALICIOUS": 0,
        "SANE": 0,
        "VALID": 0,
        "total": 100.00014576109373
    }
}