{
    "counter": {
        "ACTIVE": 16531,
        "INACTIVE": 55,
        "INVALID": 0,
        "MALICIOUS": 0,
        "SANE": 0,
        "VALID": 0,
        "total": 16586
    },
    "percentage": {
        "ACTIVE": 99.66839503195466,
        "INACTIVE": 0.344546764392658,
        "INVALID": 0,
        "MALICIOUS": 0,
        "SANE": 0,
        "VALID": 0,
        "total": 100.01294179634732
    }
}