{
    "counter": {
        "ACTIVE": 15374,
        "INACTIVE": 34,
        "INVALID": 0,
        "MALICIOUS": 0,
        "SANE": 0,
        "VALID": 0,
        "total": 15408
    },
    "percentage": {
        "ACTIVE": 99.77933541017653,
        "INACTIVE": 0.2242152466367713,
        "INVALID": 0,
        "MALICIOUS": 0,
        "SANE": 0,
        "VALID": 0,
        "total": 100.0035506568133
    }
}