{
    "counter": {
        "ACTIVE": 16242,
        "INACTIVE": 9,
        "INVALID": 0,
        "MALICIOUS": 0,
        "SANE": 0,
        "VALID": 0,
        "total": 16251
    },
    "percentage": {
        "ACTIVE": 99.94461879268968,
        "INACTIVE": 0.05593536357986327,
        "INVALID": 0,
        "MALICIOUS": 0,
        "SANE": 0,
        "VALID": 0,
        "total": 100.00055415626954
    }
}