{
    "counter": {
        "ACTIVE": 249625,
        "INACTIVE": 14,
        "INVALID": 0,
        "MALICIOUS": 0,
        "SANE": 0,
        "VALID": 0,
        "total": 249639
    },
    "percentage": {
        "ACTIVE": 99.99439190190635,
        "INACTIVE": 0.006299212598425197,
        "INVALID": 0,
        "MALICIOUS": 0,
        "SANE": 0,
        "VALID": 0,
        "total": 100.00069111450478
    }
}