{
    "counter": {
        "ACTIVE": 14260,
        "INACTIVE": 2,
        "INVALID": 0,
        "MALICIOUS": 0,
        "SANE": 0,
        "VALID": 0,
        "total": 14262
    },
    "percentage": {
        "ACTIVE": 99.98597672135746,
        "INACTIVE": 0.03471017007983339,
        "INVALID": 0,
        "MALICIOUS": 0,
        "SANE": 0,
        "VALID": 0,
        "total": 100.0206868914373
    }
}