{
    "counter": {
        "ACTIVE": 116527,
        "INACTIVE": 36,
        "INVALID": 1,
        "MALICIOUS": 0,
        "SANE": 0,
        "VALID": 0,
        "total": 116564
    },
    "percentage": {
        "ACTIVE": 99.9682577811331,
        "INACTIVE": 0.1837953744830755,
        "INVALID": 0.010577533319229955,
        "MALICIOUS": 0,
        "SANE": 0,
        "VALID": 0,
        "total": 100.16263068893541
    }
}