{
    "counter": {
        "ACTIVE": 15851,
        "INACTIVE": 10,
        "INVALID": 0,
        "MALICIOUS": 0,
        "SANE": 0,
        "VALID": 0,
        "total": 15861
    },
    "percentage": {
        "ACTIVE": 99.93695227287056,
        "INACTIVE": 0.13449899125756556,
        "INVALID": 0,
        "MALICIOUS": 0,
        "SANE": 0,
        "VALID": 0,
        "total": 100.07145126412811
    }
}