{
    "counter": {
        "ACTIVE": 14482,
        "INACTIVE": 19,
        "INVALID": 0,
        "MALICIOUS": 0,
        "SANE": 0,
        "VALID": 0,
        "total": 14501
    },
    "percentage": {
        "ACTIVE": 99.86897455347908,
        "INACTIVE": 0.14923028589381088,
        "INVALID": 0,
        "MALICIOUS": 0,
        "SANE": 0,
        "VALID": 0,
        "total": 100.01820483937288
    }
}