{
    "counter": {
        "ACTIVE": 10930,
        "INACTIVE": 33,
        "INVALID": 0,
        "MALICIOUS": 0,
        "SANE": 0,
        "VALID": 0,
        "total": 10963
    },
    "percentage": {
        "ACTIVE": 99.6989875034206,
        "INACTIVE": 0.30507534436535083,
        "INVALID": 0,
        "MALICIOUS": 0,
        "SANE": 0,
        "VALID": 0,
        "total": 100.00406284778595
    }
}