{
    "counter": {
        "ACTIVE": 11029,
        "INACTIVE": 16,
        "INVALID": 0,
        "MALICIOUS": 0,
        "SANE": 0,
        "VALID": 0,
        "total": 11045
    },
    "percentage": {
        "ACTIVE": 99.85513807152557,
        "INACTIVE": 0.1448619284744228,
        "INVALID": 0.0,
        "MALICIOUS": 0.0,
        "SANE": 0.0,
        "VALID": 0.0,
        "total": 100.0
    }
}