{
    "counter": {
        "ACTIVE": 37733,
        "INACTIVE": 4,
        "INVALID": 0,
        "MALICIOUS": 0,
        "SANE": 0,
        "VALID": 0,
        "total": 37737
    },
    "percentage": {
        "ACTIVE": 99.98940032329014,
        "INACTIVE": 0.013466199838405602,
        "INVALID": 0,
        "MALICIOUS": 0,
        "SANE": 0,
        "VALID": 0,
        "total": 100.00286652312855
    }
}