{
    "counter": {
        "ACTIVE": 12190,
        "INACTIVE": 5,
        "INVALID": 0,
        "MALICIOUS": 0,
        "SANE": 0,
        "VALID": 0,
        "total": 12195
    },
    "percentage": {
        "ACTIVE": 99.9589995899959,
        "INACTIVE": 0.04221903233977877,
        "INVALID": 0,
        "MALICIOUS": 0,
        "SANE": 0,
        "VALID": 0,
        "total": 100.00121862233567
    }
}