{
    "counter": {
        "ACTIVE": 12048,
        "INACTIVE": 3,
        "INVALID": 0,
        "MALICIOUS": 0,
        "SANE": 0,
        "VALID": 0,
        "total": 12051
    },
    "percentage": {
        "ACTIVE": 99.97510580034852,
        "INACTIVE": 0.040328001075413365,
        "INVALID": 0,
        "MALICIOUS": 0,
        "SANE": 0,
        "VALID": 0,
        "total": 100.01543380142392
    }
}