{
    "counter": {
        "ACTIVE": 13377,
        "INACTIVE": 41,
        "INVALID": 0,
        "MALICIOUS": 0,
        "SANE": 0,
        "VALID": 0,
        "total": 13418
    },
    "percentage": {
        "ACTIVE": 99.69444030406916,
        "INACTIVE": 0.33895502645502645,
        "INVALID": 0,
        "MALICIOUS": 0,
        "SANE": 0,
        "VALID": 0,
        "total": 100.03339533052419
    }
}