{
    "counter": {
        "ACTIVE": 25398,
        "INACTIVE": 5,
        "INVALID": 0,
        "MALICIOUS": 0,
        "SANE": 0,
        "VALID": 0,
        "total": 25403
    },
    "percentage": {
        "ACTIVE": 99.98031728536,
        "INACTIVE": 0.029836496001909536,
        "INVALID": 0,
        "MALICIOUS": 0,
        "SANE": 0,
        "VALID": 0,
        "total": 100.01015378136191
    }
}