{
    "counter": {
        "ACTIVE": 16263,
        "INACTIVE": 55,
        "INVALID": 0,
        "MALICIOUS": 0,
        "SANE": 0,
        "VALID": 0,
        "total": 16318
    },
    "percentage": {
        "ACTIVE": 99.66294889079543,
        "INACTIVE": 0.344546764392658,
        "INVALID": 0,
        "MALICIOUS": 0,
        "SANE": 0,
        "VALID": 0,
        "total": 100.0074956551881
    }
}