{
    "counter": {
        "ACTIVE": 15372,
        "INACTIVE": 7,
        "INVALID": 0,
        "MALICIOUS": 0,
        "SANE": 0,
        "VALID": 0,
        "total": 15379
    },
    "percentage": {
        "ACTIVE": 99.95448338643605,
        "INACTIVE": 0.053353658536585365,
        "INVALID": 0,
        "MALICIOUS": 0,
        "SANE": 0,
        "VALID": 0,
        "total": 100.00783704497263
    }
}