{
    "counter": {
        "ACTIVE": 15023,
        "INACTIVE": 8,
        "INVALID": 0,
        "MALICIOUS": 0,
        "SANE": 0,
        "VALID": 0,
        "total": 15031
    },
    "percentage": {
        "ACTIVE": 99.94677666156609,
        "INACTIVE": 0.06063821723641325,
        "INVALID": 0,
        "MALICIOUS": 0,
        "SANE": 0,
        "VALID": 0,
        "total": 100.0074148788025
    }
}