{
    "counter": {
        "ACTIVE": 4901,
        "INACTIVE": 2,
        "INVALID": 0,
        "MALICIOUS": 0,
        "SANE": 0,
        "VALID": 0,
        "total": 4903
    },
    "percentage": {
        "ACTIVE": 99.95920864776667,
        "INACTIVE": 0.04795013186286262,
        "INVALID": 0,
        "MALICIOUS": 0,
        "SANE": 0,
        "VALID": 0,
        "total": 100.00715877962953
    }
}