{
    "counter": {
        "ACTIVE": 959,
        "INACTIVE": 33,
        "INVALID": 0,
        "MALICIOUS": 0,
        "SANE": 0,
        "VALID": 0,
        "total": 992
    },
    "percentage": {
        "ACTIVE": 96.67338709677419,
        "INACTIVE": 4.755043227665706,
        "INVALID": 0,
        "MALICIOUS": 0,
        "SANE": 0,
        "VALID": 0,
        "total": 101.4284303244399
    }
}