{
    "counter": {
        "ACTIVE": 16011,
        "INACTIVE": 14,
        "INVALID": 0,
        "MALICIOUS": 0,
        "SANE": 0,
        "VALID": 0,
        "total": 16025
    },
    "percentage": {
        "ACTIVE": 99.91263650546021,
        "INACTIVE": 0.09942475676443434,
        "INVALID": 0,
        "MALICIOUS": 0,
        "SANE": 0,
        "VALID": 0,
        "total": 100.01206126222465
    }
}