{
    "counter": {
        "ACTIVE": 11902,
        "INACTIVE": 6,
        "INVALID": 0,
        "MALICIOUS": 0,
        "SANE": 0,
        "VALID": 0,
        "total": 11908
    },
    "percentage": {
        "ACTIVE": 99.94961370507222,
        "INACTIVE": 0.052980132450331126,
        "INVALID": 0,
        "MALICIOUS": 0,
        "SANE": 0,
        "VALID": 0,
        "total": 100.00259383752255
    }
}