{
    "counter": {
        "ACTIVE": 42214,
        "INACTIVE": 6,
        "INVALID": 0,
        "MALICIOUS": 0,
        "SANE": 0,
        "VALID": 0,
        "total": 42220
    },
    "percentage": {
        "ACTIVE": 99.9857887257224,
        "INACTIVE": 0.02765359266258008,
        "INVALID": 0,
        "MALICIOUS": 0,
        "SANE": 0,
        "VALID": 0,
        "total": 100.01344231838497
    }
}