{
    "counter": {
        "ACTIVE": 15795,
        "INACTIVE": 2,
        "INVALID": 0,
        "MALICIOUS": 0,
        "SANE": 0,
        "VALID": 0,
        "total": 15797
    },
    "percentage": {
        "ACTIVE": 99.98733936823447,
        "INACTIVE": 0.04096681687832855,
        "INVALID": 0,
        "MALICIOUS": 0,
        "SANE": 0,
        "VALID": 0,
        "total": 100.0283061851128
    }
}