{
    "counter": {
        "ACTIVE": 10228,
        "INACTIVE": 17,
        "INVALID": 0,
        "MALICIOUS": 0,
        "SANE": 0,
        "VALID": 0,
        "total": 10245
    },
    "percentage": {
        "ACTIVE": 99.834065397755,
        "INACTIVE": 0.16836684163612956,
        "INVALID": 0,
        "MALICIOUS": 0,
        "SANE": 0,
        "VALID": 0,
        "total": 100.00243223939113
    }
}