{
    "counter": {
        "ACTIVE": 16896,
        "INACTIVE": 996,
        "INVALID": 0,
        "MALICIOUS": 0,
        "SANE": 0,
        "VALID": 0,
        "total": 17892
    },
    "percentage": {
        "ACTIVE": 94.43326626425218,
        "INACTIVE": 5.56673373574782,
        "INVALID": 0.0,
        "MALICIOUS": 0.0,
        "SANE": 0.0,
        "VALID": 0.0,
        "total": 100.0
    }
}