{
    "counter": {
        "ACTIVE": 15394,
        "INACTIVE": 29,
        "INVALID": 0,
        "MALICIOUS": 0,
        "SANE": 0,
        "VALID": 0,
        "total": 15423
    },
    "percentage": {
        "ACTIVE": 99.81196913700317,
        "INACTIVE": 0.19221846622920394,
        "INVALID": 0,
        "MALICIOUS": 0,
        "SANE": 0,
        "VALID": 0,
        "total": 100.00418760323238
    }
}