{
    "counter": {
        "ACTIVE": 11543,
        "INACTIVE": 9,
        "INVALID": 0,
        "MALICIOUS": 0,
        "SANE": 0,
        "VALID": 0,
        "total": 11552
    },
    "percentage": {
        "ACTIVE": 99.92209141274238,
        "INACTIVE": 0.11335012594458438,
        "INVALID": 0,
        "MALICIOUS": 0,
        "SANE": 0,
        "VALID": 0,
        "total": 100.03544153868695
    }
}