{
    "counter": {
        "ACTIVE": 12487,
        "INACTIVE": 10,
        "INVALID": 0,
        "MALICIOUS": 0,
        "SANE": 0,
        "VALID": 0,
        "total": 12497
    },
    "percentage": {
        "ACTIVE": 99.9199807953909,
        "INACTIVE": 0.08822232024702249,
        "INVALID": 0,
        "MALICIOUS": 0,
        "SANE": 0,
        "VALID": 0,
        "total": 100.00820311563793
    }
}