{
    "counter": {
        "ACTIVE": 14228,
        "INACTIVE": 1,
        "INVALID": 0,
        "MALICIOUS": 0,
        "SANE": 0,
        "VALID": 0,
        "total": 14229
    },
    "percentage": {
        "ACTIVE": 99.99297209923395,
        "INACTIVE": 0.013933398355858995,
        "INVALID": 0,
        "MALICIOUS": 0,
        "SANE": 0,
        "VALID": 0,
        "total": 100.00690549758981
    }
}