{
    "counter": {
        "ACTIVE": 15535,
        "INACTIVE": 4,
        "INVALID": 0,
        "MALICIOUS": 0,
        "SANE": 0,
        "VALID": 0,
        "total": 15539
    },
    "percentage": {
        "ACTIVE": 99.97425831778106,
        "INACTIVE": 0.027859033291544783,
        "INVALID": 0,
        "MALICIOUS": 0,
        "SANE": 0,
        "VALID": 0,
        "total": 100.00211735107261
    }
}