{
    "counter": {
        "ACTIVE": 10386,
        "INACTIVE": 21,
        "INVALID": 0,
        "MALICIOUS": 0,
        "SANE": 0,
        "VALID": 0,
        "total": 10407
    },
    "percentage": {
        "ACTIVE": 99.79821274142404,
        "INACTIVE": 0.2347417840375587,
        "INVALID": 0,
        "MALICIOUS": 0,
        "SANE": 0,
        "VALID": 0,
        "total": 100.03295452546159
    }
}