{
    "counter": {
        "ACTIVE": 13012,
        "INACTIVE": 5,
        "INVALID": 0,
        "MALICIOUS": 0,
        "SANE": 0,
        "VALID": 0,
        "total": 13017
    },
    "percentage": {
        "ACTIVE": 99.96158869171084,
        "INACTIVE": 0.04746535029428517,
        "INVALID": 0,
        "MALICIOUS": 0,
        "SANE": 0,
        "VALID": 0,
        "total": 100.00905404200513
    }
}