{
    "counter": {
        "ACTIVE": 18887,
        "INACTIVE": 2,
        "INVALID": 0,
        "MALICIOUS": 0,
        "SANE": 0,
        "VALID": 0,
        "total": 18889
    },
    "percentage": {
        "ACTIVE": 99.98941182698925,
        "INACTIVE": 0.010588173010746996,
        "INVALID": 0.0,
        "MALICIOUS": 0.0,
        "SANE": 0.0,
        "VALID": 0.0,
        "total": 100.0
    }
}