{
    "counter": {
        "ACTIVE": 13992,
        "INACTIVE": 273,
        "INVALID": 0,
        "MALICIOUS": 0,
        "SANE": 0,
        "VALID": 0,
        "total": 14265
    },
    "percentage": {
        "ACTIVE": 98.08622502628812,
        "INACTIVE": 1.9391959085097314,
        "INVALID": 0,
        "MALICIOUS": 0,
        "SANE": 0,
        "VALID": 0,
        "total": 100.02542093479785
    }
}