{
    "counter": {
        "ACTIVE": 16728,
        "INACTIVE": 27,
        "INVALID": 0,
        "MALICIOUS": 0,
        "SANE": 0,
        "VALID": 0,
        "total": 16755
    },
    "percentage": {
        "ACTIVE": 99.83885407341093,
        "INACTIVE": 0.16695523126391293,
        "INVALID": 0,
        "MALICIOUS": 0,
        "SANE": 0,
        "VALID": 0,
        "total": 100.00580930467484
    }
}