{
    "counter": {
        "ACTIVE": 208317,
        "INACTIVE": 13,
        "INVALID": 0,
        "MALICIOUS": 0,
        "SANE": 0,
        "VALID": 0,
        "total": 208330
    },
    "percentage": {
        "ACTIVE": 99.99375990015841,
        "INACTIVE": 0.010932086514850819,
        "INVALID": 0,
        "MALICIOUS": 0,
        "SANE": 0,
        "VALID": 0,
        "total": 100.00469198667327
    }
}