{
    "counter": {
        "ACTIVE": 12365,
        "INACTIVE": 2,
        "INVALID": 0,
        "MALICIOUS": 0,
        "SANE": 0,
        "VALID": 0,
        "total": 12367
    },
    "percentage": {
        "ACTIVE": 99.98382792916632,
        "INACTIVE": 0.03471017007983339,
        "INVALID": 0,
        "MALICIOUS": 0,
        "SANE": 0,
        "VALID": 0,
        "total": 100.01853809924616
    }
}