{
    "counter": {
        "ACTIVE": 35890,
        "INACTIVE": 4,
        "INVALID": 0,
        "MALICIOUS": 0,
        "SANE": 0,
        "VALID": 0,
        "total": 35894
    },
    "percentage": {
        "ACTIVE": 99.98885607622444,
        "INACTIVE": 0.013466199838405602,
        "INVALID": 0,
        "MALICIOUS": 0,
        "SANE": 0,
        "VALID": 0,
        "total": 100.00232227606284
    }
}