{
    "counter": {
        "ACTIVE": 140434,
        "INACTIVE": 13,
        "INVALID": 0,
        "MALICIOUS": 0,
        "SANE": 0,
        "VALID": 0,
        "total": 140447
    },
    "percentage": {
        "ACTIVE": 99.99074383931305,
        "INACTIVE": 0.010932086514850819,
        "INVALID": 0,
        "MALICIOUS": 0,
        "SANE": 0,
        "VALID": 0,
        "total": 100.00167592582791
    }
}