{
    "counter": {
        "ACTIVE": 13217,
        "INACTIVE": 5,
        "INVALID": 0,
        "MALICIOUS": 0,
        "SANE": 0,
        "VALID": 0,
        "total": 13222
    },
    "percentage": {
        "ACTIVE": 99.96218423839056,
        "INACTIVE": 0.038529706403637204,
        "INVALID": 0,
        "MALICIOUS": 0,
        "SANE": 0,
        "VALID": 0,
        "total": 100.0007139447942
    }
}