{
    "counter": {
        "ACTIVE": 7532,
        "INACTIVE": 2,
        "INVALID": 0,
        "MALICIOUS": 0,
        "SANE": 0,
        "VALID": 0,
        "total": 7534
    },
    "percentage": {
        "ACTIVE": 99.97345367666578,
        "INACTIVE": 0.029411764705882353,
        "INVALID": 0,
        "MALICIOUS": 0,
        "SANE": 0,
        "VALID": 0,
        "total": 100.00286544137167
    }
}