{
    "counter": {
        "ACTIVE": 18884,
        "INACTIVE": 1,
        "INVALID": 0,
        "MALICIOUS": 0,
        "SANE": 0,
        "VALID": 0,
        "total": 18885
    },
    "percentage": {
        "ACTIVE": 99.99470479216309,
        "INACTIVE": 0.0052952078369075985,
        "INVALID": 0.0,
        "MALICIOUS": 0.0,
        "SANE": 0.0,
        "VALID": 0.0,
        "total": 100.0
    }
}