{
    "counter": {
        "ACTIVE": 14464,
        "INACTIVE": 31,
        "INVALID": 0,
        "MALICIOUS": 0,
        "SANE": 0,
        "VALID": 0,
        "total": 14495
    },
    "percentage": {
        "ACTIVE": 99.78613314936185,
        "INACTIVE": 0.24073930263260077,
        "INVALID": 0,
        "MALICIOUS": 0,
        "SANE": 0,
        "VALID": 0,
        "total": 100.02687245199445
    }
}