{
    "counter": {
        "ACTIVE": 10661,
        "INACTIVE": 16,
        "INVALID": 0,
        "MALICIOUS": 0,
        "SANE": 0,
        "VALID": 0,
        "total": 10677
    },
    "percentage": {
        "ACTIVE": 99.85014517186475,
        "INACTIVE": 0.18315018315018314,
        "INVALID": 0,
        "MALICIOUS": 0,
        "SANE": 0,
        "VALID": 0,
        "total": 100.03329535501494
    }
}