{
    "counter": {
        "ACTIVE": 14937,
        "INACTIVE": 4,
        "INVALID": 0,
        "MALICIOUS": 0,
        "SANE": 0,
        "VALID": 0,
        "total": 14941
    },
    "percentage": {
        "ACTIVE": 99.97322803025233,
        "INACTIVE": 0.02841312686461145,
        "INVALID": 0,
        "MALICIOUS": 0,
        "SANE": 0,
        "VALID": 0,
        "total": 100.00164115711694
    }
}