{
    "counter": {
        "ACTIVE": 15834,
        "INACTIVE": 21,
        "INVALID": 0,
        "MALICIOUS": 0,
        "SANE": 0,
        "VALID": 0,
        "total": 15855
    },
    "percentage": {
        "ACTIVE": 99.86754966887418,
        "INACTIVE": 0.1348747591522158,
        "INVALID": 0,
        "MALICIOUS": 0,
        "SANE": 0,
        "VALID": 0,
        "total": 100.00242442802639
    }
}