{
    "counter": {
        "ACTIVE": 13647,
        "INACTIVE": 31,
        "INVALID": 1,
        "MALICIOUS": 0,
        "SANE": 0,
        "VALID": 0,
        "total": 13679
    },
    "percentage": {
        "ACTIVE": 99.76606477081658,
        "INACTIVE": 0.2508699522537833,
        "INVALID": 0.010577533319229955,
        "MALICIOUS": 0,
        "SANE": 0,
        "VALID": 0,
        "total": 100.0275122563896
    }
}