{
    "counter": {
        "ACTIVE": 10825,
        "INACTIVE": 22,
        "INVALID": 0,
        "MALICIOUS": 0,
        "SANE": 0,
        "VALID": 0,
        "total": 10847
    },
    "percentage": {
        "ACTIVE": 99.79717894348668,
        "INACTIVE": 0.27482823235477827,
        "INVALID": 0,
        "MALICIOUS": 0,
        "SANE": 0,
        "VALID": 0,
        "total": 100.07200717584146
    }
}