{
    "counter": {
        "ACTIVE": 98884,
        "INACTIVE": 36,
        "INVALID": 1,
        "MALICIOUS": 0,
        "SANE": 0,
        "VALID": 0,
        "total": 98921
    },
    "percentage": {
        "ACTIVE": 99.96259641532131,
        "INACTIVE": 0.1837953744830755,
        "INVALID": 0.010577533319229955,
        "MALICIOUS": 0,
        "SANE": 0,
        "VALID": 0,
        "total": 100.15696932312362
    }
}