{
    "counter": {
        "ACTIVE": 9804,
        "INACTIVE": 20,
        "INVALID": 0,
        "MALICIOUS": 0,
        "SANE": 0,
        "VALID": 0,
        "total": 9824
    },
    "percentage": {
        "ACTIVE": 99.79641693811075,
        "INACTIVE": 0.22341376228775692,
        "INVALID": 0,
        "MALICIOUS": 0,
        "SANE": 0,
        "VALID": 0,
        "total": 100.01983070039851
    }
}