{
    "counter": {
        "ACTIVE": 16558,
        "INACTIVE": 25,
        "INVALID": 0,
        "MALICIOUS": 0,
        "SANE": 0,
        "VALID": 0,
        "total": 16583
    },
    "percentage": {
        "ACTIVE": 99.84924320086836,
        "INACTIVE": 0.20733123237684525,
        "INVALID": 0,
        "MALICIOUS": 0,
        "SANE": 0,
        "VALID": 0,
        "total": 100.0565744332452
    }
}