{
    "counter": {
        "ACTIVE": 15719,
        "INACTIVE": 25,
        "INVALID": 0,
        "MALICIOUS": 0,
        "SANE": 0,
        "VALID": 0,
        "total": 15744
    },
    "percentage": {
        "ACTIVE": 99.8412093495935,
        "INACTIVE": 0.20733123237684525,
        "INVALID": 0,
        "MALICIOUS": 0,
        "SANE": 0,
        "VALID": 0,
        "total": 100.04854058197034
    }
}