{
    "counter": {
        "ACTIVE": 11599,
        "INACTIVE": 29,
        "INVALID": 0,
        "MALICIOUS": 0,
        "SANE": 0,
        "VALID": 0,
        "total": 11628
    },
    "percentage": {
        "ACTIVE": 99.75060199518404,
        "INACTIVE": 0.25754884547069273,
        "INVALID": 0,
        "MALICIOUS": 0,
        "SANE": 0,
        "VALID": 0,
        "total": 100.00815084065474
    }
}