{
    "counter": {
        "ACTIVE": 234859,
        "INACTIVE": 14,
        "INVALID": 0,
        "MALICIOUS": 0,
        "SANE": 0,
        "VALID": 0,
        "total": 234873
    },
    "percentage": {
        "ACTIVE": 99.99403933189426,
        "INACTIVE": 0.006299212598425197,
        "INVALID": 0,
        "MALICIOUS": 0,
        "SANE": 0,
        "VALID": 0,
        "total": 100.00033854449268
    }
}