{
    "counter": {
        "ACTIVE": 10778,
        "INACTIVE": 9,
        "INVALID": 0,
        "MALICIOUS": 0,
        "SANE": 0,
        "VALID": 0,
        "total": 10787
    },
    "percentage": {
        "ACTIVE": 99.91656623713729,
        "INACTIVE": 0.12134286099501146,
        "INVALID": 0,
        "MALICIOUS": 0,
        "SANE": 0,
        "VALID": 0,
        "total": 100.0379090981323
    }
}