{
    "counter": {
        "ACTIVE": 5360,
        "INACTIVE": 23,
        "INVALID": 0,
        "MALICIOUS": 0,
        "SANE": 0,
        "VALID": 0,
        "total": 5383
    },
    "percentage": {
        "ACTIVE": 99.57272896154561,
        "INACTIVE": 0.4380952380952381,
        "INVALID": 0,
        "MALICIOUS": 0,
        "SANE": 0,
        "VALID": 0,
        "total": 100.01082419964085
    }
}