{
    "counter": {
        "ACTIVE": 16495,
        "INACTIVE": 957,
        "INVALID": 0,
        "MALICIOUS": 0,
        "SANE": 0,
        "VALID": 0,
        "total": 17452
    },
    "percentage": {
        "ACTIVE": 94.51638780655512,
        "INACTIVE": 5.483612193444877,
        "INVALID": 0.0,
        "MALICIOUS": 0.0,
        "SANE": 0.0,
        "VALID": 0.0,
        "total": 100.0
    }
}