{
    "counter": {
        "ACTIVE": 30560,
        "INACTIVE": 36,
        "INVALID": 1,
        "MALICIOUS": 0,
        "SANE": 0,
        "VALID": 0,
        "total": 30597
    },
    "percentage": {
        "ACTIVE": 99.87907311174298,
        "INACTIVE": 0.1837953744830755,
        "INVALID": 0.010577533319229955,
        "MALICIOUS": 0,
        "SANE": 0,
        "VALID": 0,
        "total": 100.07344601954529
    }
}