{
    "counter": {
        "ACTIVE": 15476,
        "INACTIVE": 10,
        "INVALID": 0,
        "MALICIOUS": 0,
        "SANE": 0,
        "VALID": 0,
        "total": 15486
    },
    "percentage": {
        "ACTIVE": 99.93542554565414,
        "INACTIVE": 0.06809669731018046,
        "INVALID": 0,
        "MALICIOUS": 0,
        "SANE": 0,
        "VALID": 0,
        "total": 100.00352224296432
    }
}