{
    "counter": {
        "ACTIVE": 10999,
        "INACTIVE": 39,
        "INVALID": 0,
        "MALICIOUS": 0,
        "SANE": 0,
        "VALID": 0,
        "total": 11038
    },
    "percentage": {
        "ACTIVE": 99.64667512230477,
        "INACTIVE": 0.3556122914197137,
        "INVALID": 0,
        "MALICIOUS": 0,
        "SANE": 0,
        "VALID": 0,
        "total": 100.00228741372449
    }
}