{
    "counter": {
        "ACTIVE": 15183,
        "INACTIVE": 1,
        "INVALID": 0,
        "MALICIOUS": 0,
        "SANE": 0,
        "VALID": 0,
        "total": 15184
    },
    "percentage": {
        "ACTIVE": 99.99341412012645,
        "INACTIVE": 0.006779661016949152,
        "INVALID": 0,
        "MALICIOUS": 0,
        "SANE": 0,
        "VALID": 0,
        "total": 100.0001937811434
    }
}