{
    "counter": {
        "ACTIVE": 9817,
        "INACTIVE": 5,
        "INVALID": 0,
        "MALICIOUS": 0,
        "SANE": 0,
        "VALID": 0,
        "total": 9822
    },
    "percentage": {
        "ACTIVE": 99.94909387090206,
        "INACTIVE": 0.07347538574577517,
        "INVALID": 0,
        "MALICIOUS": 0,
        "SANE": 0,
        "VALID": 0,
        "total": 100.02256925664784
    }
}