{
    "counter": {
        "ACTIVE": 14060,
        "INACTIVE": 5,
        "INVALID": 0,
        "MALICIOUS": 0,
        "SANE": 0,
        "VALID": 0,
        "total": 14065
    },
    "percentage": {
        "ACTIVE": 99.96445076430857,
        "INACTIVE": 0.038529706403637204,
        "INVALID": 0,
        "MALICIOUS": 0,
        "SANE": 0,
        "VALID": 0,
        "total": 100.0029804707122
    }
}