{
    "counter": {
        "ACTIVE": 124000,
        "INACTIVE": 13,
        "INVALID": 0,
        "MALICIOUS": 0,
        "SANE": 0,
        "VALID": 0,
        "total": 124013
    },
    "percentage": {
        "ACTIVE": 99.98951722803254,
        "INACTIVE": 0.010932086514850819,
        "INVALID": 0,
        "MALICIOUS": 0,
        "SANE": 0,
        "VALID": 0,
        "total": 100.0004493145474
    }
}