{
    "counter": {
        "ACTIVE": 17184,
        "INACTIVE": 556,
        "INVALID": 0,
        "MALICIOUS": 0,
        "SANE": 0,
        "VALID": 0,
        "total": 17740
    },
    "percentage": {
        "ACTIVE": 96.86583990980834,
        "INACTIVE": 3.14106547652675,
        "INVALID": 0,
        "MALICIOUS": 0,
        "SANE": 0,
        "VALID": 0,
        "total": 100.00690538633509
    }
}