{
    "counter": {
        "ACTIVE": 13484,
        "INACTIVE": 25,
        "INVALID": 0,
        "MALICIOUS": 0,
        "SANE": 0,
        "VALID": 0,
        "total": 13509
    },
    "percentage": {
        "ACTIVE": 99.81493818935525,
        "INACTIVE": 0.20032051282051283,
        "INVALID": 0,
        "MALICIOUS": 0,
        "SANE": 0,
        "VALID": 0,
        "total": 100.01525870217576
    }
}