{
    "counter": {
        "ACTIVE": 11791,
        "INACTIVE": 26,
        "INVALID": 0,
        "MALICIOUS": 0,
        "SANE": 0,
        "VALID": 0,
        "total": 11817
    },
    "percentage": {
        "ACTIVE": 99.77997799779978,
        "INACTIVE": 0.22302281694973408,
        "INVALID": 0,
        "MALICIOUS": 0,
        "SANE": 0,
        "VALID": 0,
        "total": 100.00300081474951
    }
}