{
    "counter": {
        "ACTIVE": 7395,
        "INACTIVE": 28,
        "INVALID": 0,
        "MALICIOUS": 0,
        "SANE": 0,
        "VALID": 0,
        "total": 7423
    },
    "percentage": {
        "ACTIVE": 99.62279401859087,
        "INACTIVE": 0.38765056070884674,
        "INVALID": 0,
        "MALICIOUS": 0,
        "SANE": 0,
        "VALID": 0,
        "total": 100.01044457929972
    }
}