{
    "counter": {
        "ACTIVE": 11545,
        "INACTIVE": 15,
        "INVALID": 0,
        "MALICIOUS": 0,
        "SANE": 0,
        "VALID": 0,
        "total": 11560
    },
    "percentage": {
        "ACTIVE": 99.87024221453287,
        "INACTIVE": 0.13026487190620928,
        "INVALID": 0,
        "MALICIOUS": 0,
        "SANE": 0,
        "VALID": 0,
        "total": 100.00050708643907
    }
}