{
    "counter": {
        "ACTIVE": 16920,
        "INACTIVE": 36,
        "INVALID": 0,
        "MALICIOUS": 0,
        "SANE": 0,
        "VALID": 0,
        "total": 16956
    },
    "percentage": {
        "ACTIVE": 99.78768577494692,
        "INACTIVE": 0.26191342306293197,
        "INVALID": 0,
        "MALICIOUS": 0,
        "SANE": 0,
        "VALID": 0,
        "total": 100.04959919800986
    }
}