{
    "counter": {
        "ACTIVE": 185949,
        "INACTIVE": 13,
        "INVALID": 0,
        "MALICIOUS": 0,
        "SANE": 0,
        "VALID": 0,
        "total": 185962
    },
    "percentage": {
        "ACTIVE": 99.99300932448564,
        "INACTIVE": 0.010932086514850819,
        "INVALID": 0,
        "MALICIOUS": 0,
        "SANE": 0,
        "VALID": 0,
        "total": 100.0039414110005
    }
}