{
    "counter": {
        "ACTIVE": 15992,
        "INACTIVE": 5,
        "INVALID": 0,
        "MALICIOUS": 0,
        "SANE": 0,
        "VALID": 0,
        "total": 15997
    },
    "percentage": {
        "ACTIVE": 99.96874413952617,
        "INACTIVE": 0.031261723146179816,
        "INVALID": 0,
        "MALICIOUS": 0,
        "SANE": 0,
        "VALID": 0,
        "total": 100.00000586267234
    }
}