{
    "counter": {
        "ACTIVE": 2947,
        "INACTIVE": 7,
        "INVALID": 0,
        "MALICIOUS": 0,
        "SANE": 0,
        "VALID": 0,
        "total": 2954
    },
    "percentage": {
        "ACTIVE": 99.76303317535545,
        "INACTIVE": 0.24187975120939875,
        "INVALID": 0,
        "MALICIOUS": 0,
        "SANE": 0,
        "VALID": 0,
        "total": 100.00491292656484
    }
}