{
    "counter": {
        "ACTIVE": 8502,
        "INACTIVE": 13,
        "INVALID": 0,
        "MALICIOUS": 0,
        "SANE": 0,
        "VALID": 0,
        "total": 8515
    },
    "percentage": {
        "ACTIVE": 99.8473282442748,
        "INACTIVE": 0.27213732468076196,
        "INVALID": 0,
        "MALICIOUS": 0,
        "SANE": 0,
        "VALID": 0,
        "total": 100.11946556895556
    }
}