{
    "counter": {
        "ACTIVE": 4874,
        "INACTIVE": 11,
        "INVALID": 0,
        "MALICIOUS": 0,
        "SANE": 0,
        "VALID": 0,
        "total": 4885
    },
    "percentage": {
        "ACTIVE": 99.77482088024566,
        "INACTIVE": 0.23172530018959342,
        "INVALID": 0,
        "MALICIOUS": 0,
        "SANE": 0,
        "VALID": 0,
        "total": 100.00654618043525
    }
}