{
    "counter": {
        "ACTIVE": 7620,
        "INACTIVE": 5,
        "INVALID": 0,
        "MALICIOUS": 0,
        "SANE": 0,
        "VALID": 0,
        "total": 7625
    },
    "percentage": {
        "ACTIVE": 99.93442622950819,
        "INACTIVE": 0.07887679444707367,
        "INVALID": 0,
        "MALICIOUS": 0,
        "SANE": 0,
        "VALID": 0,
        "total": 100.01330302395526
    }
}