{
    "counter": {
        "ACTIVE": 9047,
        "INACTIVE": 8,
        "INVALID": 0,
        "MALICIOUS": 0,
        "SANE": 0,
        "VALID": 0,
        "total": 9055
    },
    "percentage": {
        "ACTIVE": 99.91165102153506,
        "INACTIVE": 0.10007505629221916,
        "INVALID": 0,
        "MALICIOUS": 0,
        "SANE": 0,
        "VALID": 0,
        "total": 100.01172607782728
    }
}