{
    "counter": {
        "ACTIVE": 14074,
        "INACTIVE": 5,
        "INVALID": 0,
        "MALICIOUS": 0,
        "SANE": 0,
        "VALID": 0,
        "total": 14079
    },
    "percentage": {
        "ACTIVE": 99.9644861140706,
        "INACTIVE": 0.04423604352826683,
        "INVALID": 0,
        "MALICIOUS": 0,
        "SANE": 0,
        "VALID": 0,
        "total": 100.00872215759887
    }
}