{
    "counter": {
        "ACTIVE": 228795,
        "INACTIVE": 14,
        "INVALID": 0,
        "MALICIOUS": 0,
        "SANE": 0,
        "VALID": 0,
        "total": 228809
    },
    "percentage": {
        "ACTIVE": 99.99388135956191,
        "INACTIVE": 0.006299212598425197,
        "INVALID": 0,
        "MALICIOUS": 0,
        "SANE": 0,
        "VALID": 0,
        "total": 100.00018057216033
    }
}