{
    "counter": {
        "ACTIVE": 16554,
        "INACTIVE": 36,
        "INVALID": 0,
        "MALICIOUS": 0,
        "SANE": 0,
        "VALID": 0,
        "total": 16590
    },
    "percentage": {
        "ACTIVE": 99.78300180831826,
        "INACTIVE": 0.26191342306293197,
        "INVALID": 0,
        "MALICIOUS": 0,
        "SANE": 0,
        "VALID": 0,
        "total": 100.0449152313812
    }
}