{
    "counter": {
        "ACTIVE": 14388,
        "INACTIVE": 4,
        "INVALID": 0,
        "MALICIOUS": 0,
        "SANE": 0,
        "VALID": 0,
        "total": 14392
    },
    "percentage": {
        "ACTIVE": 99.9722067815453,
        "INACTIVE": 0.028606164628477437,
        "INVALID": 0,
        "MALICIOUS": 0,
        "SANE": 0,
        "VALID": 0,
        "total": 100.00081294617377
    }
}