{
    "counter": {
        "ACTIVE": 9332,
        "INACTIVE": 3,
        "INVALID": 0,
        "MALICIOUS": 0,
        "SANE": 0,
        "VALID": 0,
        "total": 9335
    },
    "percentage": {
        "ACTIVE": 99.96786288162828,
        "INACTIVE": 0.0764915859255482,
        "INVALID": 0,
        "MALICIOUS": 0,
        "SANE": 0,
        "VALID": 0,
        "total": 100.04435446755383
    }
}