{
    "counter": {
        "ACTIVE": 15292,
        "INACTIVE": 20,
        "INVALID": 0,
        "MALICIOUS": 0,
        "SANE": 0,
        "VALID": 0,
        "total": 15312
    },
    "percentage": {
        "ACTIVE": 99.86938349007315,
        "INACTIVE": 0.13455328310010764,
        "INVALID": 0,
        "MALICIOUS": 0,
        "SANE": 0,
        "VALID": 0,
        "total": 100.00393677317325
    }
}