{
    "counter": {
        "ACTIVE": 12183,
        "INACTIVE": 32,
        "INVALID": 0,
        "MALICIOUS": 0,
        "SANE": 0,
        "VALID": 0,
        "total": 12215
    },
    "percentage": {
        "ACTIVE": 99.73802701596398,
        "INACTIVE": 0.2744896208612112,
        "INVALID": 0,
        "MALICIOUS": 0,
        "SANE": 0,
        "VALID": 0,
        "total": 100.0125166368252
    }
}