{
    "counter": {
        "ACTIVE": 16595,
        "INACTIVE": 961,
        "INVALID": 0,
        "MALICIOUS": 0,
        "SANE": 0,
        "VALID": 0,
        "total": 17556
    },
    "percentage": {
        "ACTIVE": 94.52608794714058,
        "INACTIVE": 5.473912052859421,
        "INVALID": 0.0,
        "MALICIOUS": 0.0,
        "SANE": 0.0,
        "VALID": 0.0,
        "total": 100.0
    }
}