{
    "counter": {
        "ACTIVE": 110451,
        "INACTIVE": 11,
        "INVALID": 0,
        "MALICIOUS": 0,
        "SANE": 0,
        "VALID": 0,
        "total": 110462
    },
    "percentage": {
        "ACTIVE": 99.99004182433778,
        "INACTIVE": 0.010842886573549272,
        "INVALID": 0,
        "MALICIOUS": 0,
        "SANE": 0,
        "VALID": 0,
        "total": 100.00088471091134
    }
}