{
    "counter": {
        "ACTIVE": 14823,
        "INACTIVE": 1,
        "INVALID": 0,
        "MALICIOUS": 0,
        "SANE": 0,
        "VALID": 0,
        "total": 14824
    },
    "percentage": {
        "ACTIVE": 99.99325418240691,
        "INACTIVE": 0.03469812630117974,
        "INVALID": 0,
        "MALICIOUS": 0,
        "SANE": 0,
        "VALID": 0,
        "total": 100.0279523087081
    }
}