{
    "counter": {
        "ACTIVE": 13373,
        "INACTIVE": 300,
        "INVALID": 0,
        "MALICIOUS": 0,
        "SANE": 0,
        "VALID": 0,
        "total": 13673
    },
    "percentage": {
        "ACTIVE": 97.80589482922548,
        "INACTIVE": 2.391772303276728,
        "INVALID": 0,
        "MALICIOUS": 0,
        "SANE": 0,
        "VALID": 0,
        "total": 100.1976671325022
    }
}