{
    "counter": {
        "ACTIVE": 9674,
        "INACTIVE": 10,
        "INVALID": 0,
        "MALICIOUS": 0,
        "SANE": 0,
        "VALID": 0,
        "total": 9684
    },
    "percentage": {
        "ACTIVE": 99.89673688558447,
        "INACTIVE": 0.13449899125756556,
        "INVALID": 0,
        "MALICIOUS": 0,
        "SANE": 0,
        "VALID": 0,
        "total": 100.03123587684203
    }
}