{
    "counter": {
        "ACTIVE": 10938,
        "INACTIVE": 7,
        "INVALID": 0,
        "MALICIOUS": 0,
        "SANE": 0,
        "VALID": 0,
        "total": 10945
    },
    "percentage": {
        "ACTIVE": 99.93604385564184,
        "INACTIVE": 0.0661625708884688,
        "INVALID": 0,
        "MALICIOUS": 0,
        "SANE": 0,
        "VALID": 0,
        "total": 100.00220642653031
    }
}