{
    "counter": {
        "ACTIVE": 4254,
        "INACTIVE": 14,
        "INVALID": 0,
        "MALICIOUS": 0,
        "SANE": 0,
        "VALID": 0,
        "total": 4268
    },
    "percentage": {
        "ACTIVE": 99.67197750702906,
        "INACTIVE": 0.3689064558629776,
        "INVALID": 0,
        "MALICIOUS": 0,
        "SANE": 0,
        "VALID": 0,
        "total": 100.04088396289204
    }
}