{
    "counter": {
        "ACTIVE": 15728,
        "INACTIVE": 87,
        "INVALID": 0,
        "MALICIOUS": 0,
        "SANE": 0,
        "VALID": 0,
        "total": 15815
    },
    "percentage": {
        "ACTIVE": 99.44988934555802,
        "INACTIVE": 0.7178217821782178,
        "INVALID": 0,
        "MALICIOUS": 0,
        "SANE": 0,
        "VALID": 0,
        "total": 100.16771112773624
    }
}