{
    "counter": {
        "ACTIVE": 13163,
        "INACTIVE": 58,
        "INVALID": 0,
        "MALICIOUS": 0,
        "SANE": 0,
        "VALID": 0,
        "total": 13221
    },
    "percentage": {
        "ACTIVE": 99.56130398608275,
        "INACTIVE": 0.44632550981146596,
        "INVALID": 0,
        "MALICIOUS": 0,
        "SANE": 0,
        "VALID": 0,
        "total": 100.00762949589422
    }
}