{
    "counter": {
        "ACTIVE": 8928,
        "INACTIVE": 23,
        "INVALID": 0,
        "MALICIOUS": 0,
        "SANE": 0,
        "VALID": 0,
        "total": 8951
    },
    "percentage": {
        "ACTIVE": 99.74304546977991,
        "INACTIVE": 0.2745940783190067,
        "INVALID": 0,
        "MALICIOUS": 0,
        "SANE": 0,
        "VALID": 0,
        "total": 100.01763954809893
    }
}