{
    "counter": {
        "ACTIVE": 12541,
        "INACTIVE": 3,
        "INVALID": 0,
        "MALICIOUS": 0,
        "SANE": 0,
        "VALID": 0,
        "total": 12544
    },
    "percentage": {
        "ACTIVE": 99.97608418367346,
        "INACTIVE": 0.04013914905004014,
        "INVALID": 0,
        "MALICIOUS": 0,
        "SANE": 0,
        "VALID": 0,
        "total": 100.0162233327235
    }
}