{
    "counter": {
        "ACTIVE": 14143,
        "INACTIVE": 8,
        "INVALID": 0,
        "MALICIOUS": 0,
        "SANE": 0,
        "VALID": 0,
        "total": 14151
    },
    "percentage": {
        "ACTIVE": 99.9434668927991,
        "INACTIVE": 0.06608293408227325,
        "INVALID": 0,
        "MALICIOUS": 0,
        "SANE": 0,
        "VALID": 0,
        "total": 100.00954982688137
    }
}