{
    "counter": {
        "ACTIVE": 16365,
        "INACTIVE": 322,
        "INVALID": 0,
        "MALICIOUS": 0,
        "SANE": 0,
        "VALID": 0,
        "total": 16687
    },
    "percentage": {
        "ACTIVE": 98.07035416791514,
        "INACTIVE": 1.9330051626845959,
        "INVALID": 0,
        "MALICIOUS": 0,
        "SANE": 0,
        "VALID": 0,
        "total": 100.00335933059974
    }
}