{
    "counter": {
        "ACTIVE": 3696,
        "INACTIVE": 20,
        "INVALID": 0,
        "MALICIOUS": 0,
        "SANE": 0,
        "VALID": 0,
        "total": 3716
    },
    "percentage": {
        "ACTIVE": 99.46178686759957,
        "INACTIVE": 0.6311139160618492,
        "INVALID": 0,
        "MALICIOUS": 0,
        "SANE": 0,
        "VALID": 0,
        "total": 100.09290078366142
    }
}