{
    "counter": {
        "ACTIVE": 280724,
        "INACTIVE": 14,
        "INVALID": 0,
        "MALICIOUS": 0,
        "SANE": 0,
        "VALID": 0,
        "total": 280738
    },
    "percentage": {
        "ACTIVE": 99.99501314392779,
        "INACTIVE": 0.006299212598425197,
        "INVALID": 0,
        "MALICIOUS": 0,
        "SANE": 0,
        "VALID": 0,
        "total": 100.00131235652621
    }
}