{
    "counter": {
        "ACTIVE": 11161,
        "INACTIVE": 29,
        "INVALID": 0,
        "MALICIOUS": 0,
        "SANE": 0,
        "VALID": 0,
        "total": 11190
    },
    "percentage": {
        "ACTIVE": 99.7408400357462,
        "INACTIVE": 0.3102931735501819,
        "INVALID": 0,
        "MALICIOUS": 0,
        "SANE": 0,
        "VALID": 0,
        "total": 100.05113320929638
    }
}