{
    "counter": {
        "ACTIVE": 193644,
        "INACTIVE": 13,
        "INVALID": 0,
        "MALICIOUS": 0,
        "SANE": 0,
        "VALID": 0,
        "total": 193657
    },
    "percentage": {
        "ACTIVE": 99.99328710038883,
        "INACTIVE": 0.010932086514850819,
        "INVALID": 0,
        "MALICIOUS": 0,
        "SANE": 0,
        "VALID": 0,
        "total": 100.00421918690368
    }
}