{
    "counter": {
        "ACTIVE": 15731,
        "INACTIVE": 5,
        "INVALID": 0,
        "MALICIOUS": 0,
        "SANE": 0,
        "VALID": 0,
        "total": 15736
    },
    "percentage": {
        "ACTIVE": 99.96822572445349,
        "INACTIVE": 0.05283178360101437,
        "INVALID": 0,
        "MALICIOUS": 0,
        "SANE": 0,
        "VALID": 0,
        "total": 100.0210575080545
    }
}