{
    "counter": {
        "ACTIVE": 12732,
        "INACTIVE": 20,
        "INVALID": 0,
        "MALICIOUS": 0,
        "SANE": 0,
        "VALID": 0,
        "total": 12752
    },
    "percentage": {
        "ACTIVE": 99.84316185696362,
        "INACTIVE": 0.16701461377870563,
        "INVALID": 0,
        "MALICIOUS": 0,
        "SANE": 0,
        "VALID": 0,
        "total": 100.01017647074232
    }
}