{
    "counter": {
        "ACTIVE": 13976,
        "INACTIVE": 9,
        "INVALID": 0,
        "MALICIOUS": 0,
        "SANE": 0,
        "VALID": 0,
        "total": 13985
    },
    "percentage": {
        "ACTIVE": 99.93564533428673,
        "INACTIVE": 0.11335012594458438,
        "INVALID": 0,
        "MALICIOUS": 0,
        "SANE": 0,
        "VALID": 0,
        "total": 100.04899546023131
    }
}