{
    "counter": {
        "ACTIVE": 13302,
        "INACTIVE": 36,
        "INVALID": 0,
        "MALICIOUS": 0,
        "SANE": 0,
        "VALID": 0,
        "total": 13338
    },
    "percentage": {
        "ACTIVE": 99.73009446693658,
        "INACTIVE": 0.31061259706643657,
        "INVALID": 0,
        "MALICIOUS": 0,
        "SANE": 0,
        "VALID": 0,
        "total": 100.04070706400302
    }
}