{
    "counter": {
        "ACTIVE": 6424,
        "INACTIVE": 26,
        "INVALID": 0,
        "MALICIOUS": 0,
        "SANE": 0,
        "VALID": 0,
        "total": 6450
    },
    "percentage": {
        "ACTIVE": 99.59689922480621,
        "INACTIVE": 0.43963476496449105,
        "INVALID": 0,
        "MALICIOUS": 0,
        "SANE": 0,
        "VALID": 0,
        "total": 100.0365339897707
    }
}