{
    "counter": {
        "ACTIVE": 11098,
        "INACTIVE": 30,
        "INVALID": 1,
        "MALICIOUS": 0,
        "SANE": 0,
        "VALID": 0,
        "total": 11129
    },
    "percentage": {
        "ACTIVE": 99.72144846796657,
        "INACTIVE": 0.2851982127578667,
        "INVALID": 0.010577533319229955,
        "MALICIOUS": 0,
        "SANE": 0,
        "VALID": 0,
        "total": 100.01722421404367
    }
}