{
    "counter": {
        "ACTIVE": 11246,
        "INACTIVE": 29,
        "INVALID": 0,
        "MALICIOUS": 0,
        "SANE": 0,
        "VALID": 0,
        "total": 11275
    },
    "percentage": {
        "ACTIVE": 99.74279379157429,
        "INACTIVE": 0.25754884547069273,
        "INVALID": 0,
        "MALICIOUS": 0,
        "SANE": 0,
        "VALID": 0,
        "total": 100.00034263704498
    }
}