{
    "counter": {
        "ACTIVE": 315942,
        "INACTIVE": 36,
        "INVALID": 1,
        "MALICIOUS": 0,
        "SANE": 0,
        "VALID": 0,
        "total": 315979
    },
    "percentage": {
        "ACTIVE": 99.9882903610683,
        "INACTIVE": 0.1837953744830755,
        "INVALID": 0.010577533319229955,
        "MALICIOUS": 0,
        "SANE": 0,
        "VALID": 0,
        "total": 100.1826632688706
    }
}