{
    "counter": {
        "ACTIVE": 4877,
        "INACTIVE": 19,
        "INVALID": 0,
        "MALICIOUS": 0,
        "SANE": 0,
        "VALID": 0,
        "total": 4896
    },
    "percentage": {
        "ACTIVE": 99.61192810457516,
        "INACTIVE": 0.3887865766318805,
        "INVALID": 0,
        "MALICIOUS": 0,
        "SANE": 0,
        "VALID": 0,
        "total": 100.00071468120704
    }
}