{
    "counter": {
        "ACTIVE": 8070,
        "INACTIVE": 3,
        "INVALID": 0,
        "MALICIOUS": 0,
        "SANE": 0,
        "VALID": 0,
        "total": 8073
    },
    "percentage": {
        "ACTIVE": 99.96283909327387,
        "INACTIVE": 0.0764915859255482,
        "INVALID": 0,
        "MALICIOUS": 0,
        "SANE": 0,
        "VALID": 0,
        "total": 100.03933067919942
    }
}