{
    "counter": {
        "ACTIVE": 13683,
        "INACTIVE": 10,
        "INVALID": 0,
        "MALICIOUS": 0,
        "SANE": 0,
        "VALID": 0,
        "total": 13693
    },
    "percentage": {
        "ACTIVE": 99.9269699846637,
        "INACTIVE": 0.08822232024702249,
        "INVALID": 0,
        "MALICIOUS": 0,
        "SANE": 0,
        "VALID": 0,
        "total": 100.01519230491073
    }
}