{
    "counter": {
        "ACTIVE": 16025,
        "INACTIVE": 8,
        "INVALID": 0,
        "MALICIOUS": 0,
        "SANE": 0,
        "VALID": 0,
        "total": 16033
    },
    "percentage": {
        "ACTIVE": 99.95010291274247,
        "INACTIVE": 0.050068844661409435,
        "INVALID": 0,
        "MALICIOUS": 0,
        "SANE": 0,
        "VALID": 0,
        "total": 100.00017175740388
    }
}