{
    "counter": {
        "ACTIVE": 15126,
        "INACTIVE": 34,
        "INVALID": 0,
        "MALICIOUS": 0,
        "SANE": 0,
        "VALID": 0,
        "total": 15160
    },
    "percentage": {
        "ACTIVE": 99.77572559366754,
        "INACTIVE": 0.22785149443774294,
        "INVALID": 0,
        "MALICIOUS": 0,
        "SANE": 0,
        "VALID": 0,
        "total": 100.00357708810529
    }
}