{
    "counter": {
        "ACTIVE": 41636,
        "INACTIVE": 36,
        "INVALID": 1,
        "MALICIOUS": 0,
        "SANE": 0,
        "VALID": 0,
        "total": 41673
    },
    "percentage": {
        "ACTIVE": 99.91121349554868,
        "INACTIVE": 0.1837953744830755,
        "INVALID": 0.010577533319229955,
        "MALICIOUS": 0,
        "SANE": 0,
        "VALID": 0,
        "total": 100.10558640335098
    }
}