{
    "counter": {
        "ACTIVE": 293492,
        "INACTIVE": 14,
        "INVALID": 0,
        "MALICIOUS": 0,
        "SANE": 0,
        "VALID": 0,
        "total": 293506
    },
    "percentage": {
        "ACTIVE": 99.99523008047535,
        "INACTIVE": 0.006299212598425197,
        "INVALID": 0,
        "MALICIOUS": 0,
        "SANE": 0,
        "VALID": 0,
        "total": 100.00152929307377
    }
}