{
    "counter": {
        "ACTIVE": 18887,
        "INACTIVE": 11,
        "INVALID": 0,
        "MALICIOUS": 0,
        "SANE": 0,
        "VALID": 0,
        "total": 18898
    },
    "percentage": {
        "ACTIVE": 99.941792782305,
        "INACTIVE": 0.05820721769499418,
        "INVALID": 0.0,
        "MALICIOUS": 0.0,
        "SANE": 0.0,
        "VALID": 0.0,
        "total": 100.0
    }
}