{
    "counter": {
        "ACTIVE": 16182,
        "INACTIVE": 10,
        "INVALID": 0,
        "MALICIOUS": 0,
        "SANE": 0,
        "VALID": 0,
        "total": 16192
    },
    "percentage": {
        "ACTIVE": 99.93824110671937,
        "INACTIVE": 0.062169723344731115,
        "INVALID": 0,
        "MALICIOUS": 0,
        "SANE": 0,
        "VALID": 0,
        "total": 100.00041083006411
    }
}