{
    "counter": {
        "ACTIVE": 14441,
        "INACTIVE": 8,
        "INVALID": 0,
        "MALICIOUS": 0,
        "SANE": 0,
        "VALID": 0,
        "total": 14449
    },
    "percentage": {
        "ACTIVE": 99.94463284656378,
        "INACTIVE": 0.06234413965087282,
        "INVALID": 0,
        "MALICIOUS": 0,
        "SANE": 0,
        "VALID": 0,
        "total": 100.00697698621465
    }
}