{
    "counter": {
        "ACTIVE": 15740,
        "INACTIVE": 3,
        "INVALID": 0,
        "MALICIOUS": 0,
        "SANE": 0,
        "VALID": 0,
        "total": 15743
    },
    "percentage": {
        "ACTIVE": 99.98094391157974,
        "INACTIVE": 0.028232636928289104,
        "INVALID": 0,
        "MALICIOUS": 0,
        "SANE": 0,
        "VALID": 0,
        "total": 100.00917654850804
    }
}