{
    "counter": {
        "ACTIVE": 16727,
        "INACTIVE": 35,
        "INVALID": 0,
        "MALICIOUS": 0,
        "SANE": 0,
        "VALID": 0,
        "total": 16762
    },
    "percentage": {
        "ACTIVE": 99.79119436821382,
        "INACTIVE": 0.2345687286374908,
        "INVALID": 0,
        "MALICIOUS": 0,
        "SANE": 0,
        "VALID": 0,
        "total": 100.0257630968513
    }
}