{
    "counter": {
        "ACTIVE": 53024,
        "INACTIVE": 6,
        "INVALID": 0,
        "MALICIOUS": 0,
        "SANE": 0,
        "VALID": 0,
        "total": 53030
    },
    "percentage": {
        "ACTIVE": 99.98868564963229,
        "INACTIVE": 0.02765359266258008,
        "INVALID": 0,
        "MALICIOUS": 0,
        "SANE": 0,
        "VALID": 0,
        "total": 100.01633924229486
    }
}