{
    "counter": {
        "ACTIVE": 72044,
        "INACTIVE": 10,
        "INVALID": 0,
        "MALICIOUS": 0,
        "SANE": 0,
        "VALID": 0,
        "total": 72054
    },
    "percentage": {
        "ACTIVE": 99.98612151997114,
        "INACTIVE": 0.02183549140773413,
        "INVALID": 0,
        "MALICIOUS": 0,
        "SANE": 0,
        "VALID": 0,
        "total": 100.00795701137886
    }
}