{
    "counter": {
        "ACTIVE": 10833,
        "INACTIVE": 28,
        "INVALID": 0,
        "MALICIOUS": 0,
        "SANE": 0,
        "VALID": 0,
        "total": 10861
    },
    "percentage": {
        "ACTIVE": 99.74219685111868,
        "INACTIVE": 0.26007802340702213,
        "INVALID": 0,
        "MALICIOUS": 0,
        "SANE": 0,
        "VALID": 0,
        "total": 100.0022748745257
    }
}