{
    "counter": {
        "ACTIVE": 7437,
        "INACTIVE": 23,
        "INVALID": 0,
        "MALICIOUS": 0,
        "SANE": 0,
        "VALID": 0,
        "total": 7460
    },
    "percentage": {
        "ACTIVE": 99.6916890080429,
        "INACTIVE": 0.318824507901303,
        "INVALID": 0,
        "MALICIOUS": 0,
        "SANE": 0,
        "VALID": 0,
        "total": 100.0105135159442
    }
}