{
    "counter": {
        "ACTIVE": 168176,
        "INACTIVE": 13,
        "INVALID": 0,
        "MALICIOUS": 0,
        "SANE": 0,
        "VALID": 0,
        "total": 168189
    },
    "percentage": {
        "ACTIVE": 99.99227060033652,
        "INACTIVE": 0.010932086514850819,
        "INVALID": 0,
        "MALICIOUS": 0,
        "SANE": 0,
        "VALID": 0,
        "total": 100.00320268685138
    }
}