{
    "counter": {
        "ACTIVE": 11752,
        "INACTIVE": 21,
        "INVALID": 0,
        "MALICIOUS": 0,
        "SANE": 0,
        "VALID": 0,
        "total": 11773
    },
    "percentage": {
        "ACTIVE": 99.82162575384353,
        "INACTIVE": 0.17878426698450536,
        "INVALID": 0,
        "MALICIOUS": 0,
        "SANE": 0,
        "VALID": 0,
        "total": 100.00041002082804
    }
}