{
    "counter": {
        "ACTIVE": 15999,
        "INACTIVE": 7,
        "INVALID": 0,
        "MALICIOUS": 0,
        "SANE": 0,
        "VALID": 0,
        "total": 16006
    },
    "percentage": {
        "ACTIVE": 99.95626640009996,
        "INACTIVE": 0.0477196809598473,
        "INVALID": 0,
        "MALICIOUS": 0,
        "SANE": 0,
        "VALID": 0,
        "total": 100.00398608105981
    }
}