{
    "counter": {
        "ACTIVE": 16803,
        "INACTIVE": 9,
        "INVALID": 0,
        "MALICIOUS": 0,
        "SANE": 0,
        "VALID": 0,
        "total": 16812
    },
    "percentage": {
        "ACTIVE": 99.94646680942184,
        "INACTIVE": 0.05353319057815846,
        "INVALID": 0.0,
        "MALICIOUS": 0.0,
        "SANE": 0.0,
        "VALID": 0.0,
        "total": 100.0
    }
}