{
    "counter": {
        "ACTIVE": 9497,
        "INACTIVE": 49,
        "INVALID": 0,
        "MALICIOUS": 0,
        "SANE": 0,
        "VALID": 0,
        "total": 9546
    },
    "percentage": {
        "ACTIVE": 99.48669599832391,
        "INACTIVE": 0.5632831359926428,
        "INVALID": 0,
        "MALICIOUS": 0,
        "SANE": 0,
        "VALID": 0,
        "total": 100.04997913431656
    }
}