{
    "counter": {
        "ACTIVE": 13409,
        "INACTIVE": 37,
        "INVALID": 0,
        "MALICIOUS": 0,
        "SANE": 0,
        "VALID": 0,
        "total": 13446
    },
    "percentage": {
        "ACTIVE": 99.72482522683326,
        "INACTIVE": 0.2822703692401587,
        "INVALID": 0,
        "MALICIOUS": 0,
        "SANE": 0,
        "VALID": 0,
        "total": 100.00709559607341
    }
}