{
    "counter": {
        "ACTIVE": 1700,
        "INACTIVE": 30,
        "INVALID": 0,
        "MALICIOUS": 0,
        "SANE": 0,
        "VALID": 0,
        "total": 1730
    },
    "percentage": {
        "ACTIVE": 98.26589595375722,
        "INACTIVE": 2.029769959404601,
        "INVALID": 0,
        "MALICIOUS": 0,
        "SANE": 0,
        "VALID": 0,
        "total": 100.29566591316183
    }
}