{
    "counter": {
        "ACTIVE": 9309,
        "INACTIVE": 22,
        "INVALID": 0,
        "MALICIOUS": 0,
        "SANE": 0,
        "VALID": 0,
        "total": 9331
    },
    "percentage": {
        "ACTIVE": 99.76422677097845,
        "INACTIVE": 0.24027959807776322,
        "INVALID": 0,
        "MALICIOUS": 0,
        "SANE": 0,
        "VALID": 0,
        "total": 100.00450636905622
    }
}