{
    "counter": {
        "ACTIVE": 15880,
        "INACTIVE": 14,
        "INVALID": 0,
        "MALICIOUS": 0,
        "SANE": 0,
        "VALID": 0,
        "total": 15894
    },
    "percentage": {
        "ACTIVE": 99.91191644645778,
        "INACTIVE": 0.09942475676443434,
        "INVALID": 0,
        "MALICIOUS": 0,
        "SANE": 0,
        "VALID": 0,
        "total": 100.01134120322222
    }
}