{
    "counter": {
        "ACTIVE": 10451,
        "INACTIVE": 3,
        "INVALID": 0,
        "MALICIOUS": 0,
        "SANE": 0,
        "VALID": 0,
        "total": 10454
    },
    "percentage": {
        "ACTIVE": 99.97130285058351,
        "INACTIVE": 0.032265003226500326,
        "INVALID": 0,
        "MALICIOUS": 0,
        "SANE": 0,
        "VALID": 0,
        "total": 100.00356785381001
    }
}