{
    "counter": {
        "ACTIVE": 16888,
        "INACTIVE": 28,
        "INVALID": 0,
        "MALICIOUS": 0,
        "SANE": 0,
        "VALID": 0,
        "total": 16916
    },
    "percentage": {
        "ACTIVE": 99.83447623551668,
        "INACTIVE": 0.19343696027633853,
        "INVALID": 0,
        "MALICIOUS": 0,
        "SANE": 0,
        "VALID": 0,
        "total": 100.02791319579302
    }
}