{
    "counter": {
        "ACTIVE": 14643,
        "INACTIVE": 10,
        "INVALID": 0,
        "MALICIOUS": 0,
        "SANE": 0,
        "VALID": 0,
        "total": 14653
    },
    "percentage": {
        "ACTIVE": 99.93175458950385,
        "INACTIVE": 0.0686436024162548,
        "INVALID": 0,
        "MALICIOUS": 0,
        "SANE": 0,
        "VALID": 0,
        "total": 100.00039819192011
    }
}