{
    "counter": {
        "ACTIVE": 15271,
        "INACTIVE": 16,
        "INVALID": 0,
        "MALICIOUS": 0,
        "SANE": 0,
        "VALID": 0,
        "total": 15287
    },
    "percentage": {
        "ACTIVE": 99.89533590632564,
        "INACTIVE": 0.11218622914037302,
        "INVALID": 0,
        "MALICIOUS": 0,
        "SANE": 0,
        "VALID": 0,
        "total": 100.00752213546602
    }
}