{
    "counter": {
        "ACTIVE": 10628,
        "INACTIVE": 17,
        "INVALID": 0,
        "MALICIOUS": 0,
        "SANE": 0,
        "VALID": 0,
        "total": 10645
    },
    "percentage": {
        "ACTIVE": 99.84030061061532,
        "INACTIVE": 0.16836684163612956,
        "INVALID": 0,
        "MALICIOUS": 0,
        "SANE": 0,
        "VALID": 0,
        "total": 100.00866745225144
    }
}