{
    "counter": {
        "ACTIVE": 11924,
        "INACTIVE": 10,
        "INVALID": 0,
        "MALICIOUS": 0,
        "SANE": 0,
        "VALID": 0,
        "total": 11934
    },
    "percentage": {
        "ACTIVE": 99.91620579855874,
        "INACTIVE": 0.08822232024702249,
        "INVALID": 0,
        "MALICIOUS": 0,
        "SANE": 0,
        "VALID": 0,
        "total": 100.00442811880576
    }
}