{
    "counter": {
        "ACTIVE": 16724,
        "INACTIVE": 46,
        "INVALID": 0,
        "MALICIOUS": 0,
        "SANE": 0,
        "VALID": 0,
        "total": 16770
    },
    "percentage": {
        "ACTIVE": 99.72570065593321,
        "INACTIVE": 0.2877337836992556,
        "INVALID": 0,
        "MALICIOUS": 0,
        "SANE": 0,
        "VALID": 0,
        "total": 100.01343443963246
    }
}