{
    "counter": {
        "ACTIVE": 15934,
        "INACTIVE": 87,
        "INVALID": 0,
        "MALICIOUS": 0,
        "SANE": 0,
        "VALID": 0,
        "total": 16021
    },
    "percentage": {
        "ACTIVE": 99.45696273640847,
        "INACTIVE": 0.7178217821782178,
        "INVALID": 0,
        "MALICIOUS": 0,
        "SANE": 0,
        "VALID": 0,
        "total": 100.17478451858669
    }
}