{
    "counter": {
        "ACTIVE": 15842,
        "INACTIVE": 5,
        "INVALID": 0,
        "MALICIOUS": 0,
        "SANE": 0,
        "VALID": 0,
        "total": 15847
    },
    "percentage": {
        "ACTIVE": 99.96844828674197,
        "INACTIVE": 0.04221903233977877,
        "INVALID": 0,
        "MALICIOUS": 0,
        "SANE": 0,
        "VALID": 0,
        "total": 100.01066731908175
    }
}