{
    "counter": {
        "ACTIVE": 15270,
        "INACTIVE": 31,
        "INVALID": 0,
        "MALICIOUS": 0,
        "SANE": 0,
        "VALID": 0,
        "total": 15301
    },
    "percentage": {
        "ACTIVE": 99.79739886281942,
        "INACTIVE": 0.24073930263260077,
        "INVALID": 0,
        "MALICIOUS": 0,
        "SANE": 0,
        "VALID": 0,
        "total": 100.03813816545203
    }
}