{
    "counter": {
        "ACTIVE": 16355,
        "INACTIVE": 19,
        "INVALID": 0,
        "MALICIOUS": 0,
        "SANE": 0,
        "VALID": 0,
        "total": 16374
    },
    "percentage": {
        "ACTIVE": 99.88396237938194,
        "INACTIVE": 0.11662165479990179,
        "INVALID": 0,
        "MALICIOUS": 0,
        "SANE": 0,
        "VALID": 0,
        "total": 100.00058403418184
    }
}