{
    "counter": {
        "ACTIVE": 17033,
        "INACTIVE": 24,
        "INVALID": 0,
        "MALICIOUS": 0,
        "SANE": 0,
        "VALID": 0,
        "total": 17057
    },
    "percentage": {
        "ACTIVE": 99.85929530398077,
        "INACTIVE": 0.14070469601922964,
        "INVALID": 0.0,
        "MALICIOUS": 0.0,
        "SANE": 0.0,
        "VALID": 0.0,
        "total": 100.0
    }
}