{
    "counter": {
        "ACTIVE": 6460,
        "INACTIVE": 30,
        "INVALID": 0,
        "MALICIOUS": 0,
        "SANE": 0,
        "VALID": 0,
        "total": 6490
    },
    "percentage": {
        "ACTIVE": 99.53775038520801,
        "INACTIVE": 0.4702194357366771,
        "INVALID": 0,
        "MALICIOUS": 0,
        "SANE": 0,
        "VALID": 0,
        "total": 100.0079698209447
    }
}