{
    "counter": {
        "ACTIVE": 12257,
        "INACTIVE": 24,
        "INVALID": 0,
        "MALICIOUS": 0,
        "SANE": 0,
        "VALID": 0,
        "total": 12281
    },
    "percentage": {
        "ACTIVE": 99.80457617457861,
        "INACTIVE": 0.21407546160021407,
        "INVALID": 0,
        "MALICIOUS": 0,
        "SANE": 0,
        "VALID": 0,
        "total": 100.01865163617883
    }
}