{
    "counter": {
        "ACTIVE": 15799,
        "INACTIVE": 4,
        "INVALID": 0,
        "MALICIOUS": 0,
        "SANE": 0,
        "VALID": 0,
        "total": 15803
    },
    "percentage": {
        "ACTIVE": 99.97468835031323,
        "INACTIVE": 0.038895371450797356,
        "INVALID": 0,
        "MALICIOUS": 0,
        "SANE": 0,
        "VALID": 0,
        "total": 100.01358372176402
    }
}