{
    "counter": {
        "ACTIVE": 12698,
        "INACTIVE": 522,
        "INVALID": 0,
        "MALICIOUS": 0,
        "SANE": 0,
        "VALID": 0,
        "total": 13220
    },
    "percentage": {
        "ACTIVE": 96.05143721633888,
        "INACTIVE": 3.9656613234065183,
        "INVALID": 0,
        "MALICIOUS": 0,
        "SANE": 0,
        "VALID": 0,
        "total": 100.0170985397454
    }
}