{
    "counter": {
        "ACTIVE": 176815,
        "INACTIVE": 13,
        "INVALID": 0,
        "MALICIOUS": 0,
        "SANE": 0,
        "VALID": 0,
        "total": 176828
    },
    "percentage": {
        "ACTIVE": 99.99264822313208,
        "INACTIVE": 0.010932086514850819,
        "INVALID": 0,
        "MALICIOUS": 0,
        "SANE": 0,
        "VALID": 0,
        "total": 100.00358030964694
    }
}