{
    "counter": {
        "ACTIVE": 15277,
        "INACTIVE": 10,
        "INVALID": 0,
        "MALICIOUS": 0,
        "SANE": 0,
        "VALID": 0,
        "total": 15287
    },
    "percentage": {
        "ACTIVE": 99.93458494145352,
        "INACTIVE": 0.0686436024162548,
        "INVALID": 0,
        "MALICIOUS": 0,
        "SANE": 0,
        "VALID": 0,
        "total": 100.00322854386978
    }
}