{
    "counter": {
        "ACTIVE": 13746,
        "INACTIVE": 4,
        "INVALID": 0,
        "MALICIOUS": 0,
        "SANE": 0,
        "VALID": 0,
        "total": 13750
    },
    "percentage": {
        "ACTIVE": 99.97090909090909,
        "INACTIVE": 0.040539170973953584,
        "INVALID": 0,
        "MALICIOUS": 0,
        "SANE": 0,
        "VALID": 0,
        "total": 100.01144826188305
    }
}