{
    "counter": {
        "ACTIVE": 6026,
        "INACTIVE": 2,
        "INVALID": 0,
        "MALICIOUS": 0,
        "SANE": 0,
        "VALID": 0,
        "total": 6028
    },
    "percentage": {
        "ACTIVE": 99.96682149966821,
        "INACTIVE": 0.04448398576512456,
        "INVALID": 0,
        "MALICIOUS": 0,
        "SANE": 0,
        "VALID": 0,
        "total": 100.01130548543334
    }
}