{
    "counter": {
        "ACTIVE": 10016,
        "INACTIVE": 7,
        "INVALID": 0,
        "MALICIOUS": 0,
        "SANE": 0,
        "VALID": 0,
        "total": 10023
    },
    "percentage": {
        "ACTIVE": 99.93016063054974,
        "INACTIVE": 0.09358288770053476,
        "INVALID": 0,
        "MALICIOUS": 0,
        "SANE": 0,
        "VALID": 0,
        "total": 100.02374351825027
    }
}