{
    "counter": {
        "ACTIVE": 11518,
        "INACTIVE": 30,
        "INVALID": 0,
        "MALICIOUS": 0,
        "SANE": 0,
        "VALID": 0,
        "total": 11548
    },
    "percentage": {
        "ACTIVE": 99.74021475580187,
        "INACTIVE": 0.28935185185185186,
        "INVALID": 0,
        "MALICIOUS": 0,
        "SANE": 0,
        "VALID": 0,
        "total": 100.02956660765372
    }
}