{
    "counter": {
        "ACTIVE": 15829,
        "INACTIVE": 35,
        "INVALID": 0,
        "MALICIOUS": 0,
        "SANE": 0,
        "VALID": 0,
        "total": 15864
    },
    "percentage": {
        "ACTIVE": 99.77937468482098,
        "INACTIVE": 0.2345687286374908,
        "INVALID": 0,
        "MALICIOUS": 0,
        "SANE": 0,
        "VALID": 0,
        "total": 100.01394341345846
    }
}