{
    "counter": {
        "ACTIVE": 11263,
        "INACTIVE": 3,
        "INVALID": 0,
        "MALICIOUS": 0,
        "SANE": 0,
        "VALID": 0,
        "total": 11266
    },
    "percentage": {
        "ACTIVE": 99.97337120539677,
        "INACTIVE": 0.05466472303206997,
        "INVALID": 0,
        "MALICIOUS": 0,
        "SANE": 0,
        "VALID": 0,
        "total": 100.02803592842885
    }
}