{
    "counter": {
        "ACTIVE": 14285,
        "INACTIVE": 26,
        "INVALID": 0,
        "MALICIOUS": 0,
        "SANE": 0,
        "VALID": 0,
        "total": 14311
    },
    "percentage": {
        "ACTIVE": 99.81832157081965,
        "INACTIVE": 0.21460998761865457,
        "INVALID": 0,
        "MALICIOUS": 0,
        "SANE": 0,
        "VALID": 0,
        "total": 100.0329315584383
    }
}