{
    "counter": {
        "ACTIVE": 7848,
        "INACTIVE": 1,
        "INVALID": 0,
        "MALICIOUS": 0,
        "SANE": 0,
        "VALID": 0,
        "total": 7849
    },
    "percentage": {
        "ACTIVE": 99.98725952350618,
        "INACTIVE": 0.013766519823788546,
        "INVALID": 0,
        "MALICIOUS": 0,
        "SANE": 0,
        "VALID": 0,
        "total": 100.00102604332997
    }
}