{
    "counter": {
        "ACTIVE": 180496,
        "INACTIVE": 13,
        "INVALID": 0,
        "MALICIOUS": 0,
        "SANE": 0,
        "VALID": 0,
        "total": 180509
    },
    "percentage": {
        "ACTIVE": 99.99279814302888,
        "INACTIVE": 0.010932086514850819,
        "INVALID": 0,
        "MALICIOUS": 0,
        "SANE": 0,
        "VALID": 0,
        "total": 100.00373022954373
    }
}