{
    "counter": {
        "ACTIVE": 11545,
        "INACTIVE": 38,
        "INVALID": 0,
        "MALICIOUS": 0,
        "SANE": 0,
        "VALID": 0,
        "total": 11583
    },
    "percentage": {
        "ACTIVE": 99.67193300526634,
        "INACTIVE": 0.33269129749606025,
        "INVALID": 0,
        "MALICIOUS": 0,
        "SANE": 0,
        "VALID": 0,
        "total": 100.0046243027624
    }
}