{
    "counter": {
        "ACTIVE": 14385,
        "INACTIVE": 7,
        "INVALID": 0,
        "MALICIOUS": 0,
        "SANE": 0,
        "VALID": 0,
        "total": 14392
    },
    "percentage": {
        "ACTIVE": 99.95136186770428,
        "INACTIVE": 0.053353658536585365,
        "INVALID": 0,
        "MALICIOUS": 0,
        "SANE": 0,
        "VALID": 0,
        "total": 100.00471552624086
    }
}