{
    "counter": {
        "ACTIVE": 16143,
        "INACTIVE": 937,
        "INVALID": 0,
        "MALICIOUS": 0,
        "SANE": 0,
        "VALID": 0,
        "total": 17080
    },
    "percentage": {
        "ACTIVE": 94.51405152224824,
        "INACTIVE": 5.485948477751757,
        "INVALID": 0.0,
        "MALICIOUS": 0.0,
        "SANE": 0.0,
        "VALID": 0.0,
        "total": 100.0
    }
}