{
    "counter": {
        "ACTIVE": 14538,
        "INACTIVE": 12,
        "INVALID": 0,
        "MALICIOUS": 0,
        "SANE": 0,
        "VALID": 0,
        "total": 14550
    },
    "percentage": {
        "ACTIVE": 99.91752577319588,
        "INACTIVE": 0.08369951872776732,
        "INVALID": 0,
        "MALICIOUS": 0,
        "SANE": 0,
        "VALID": 0,
        "total": 100.00122529192365
    }
}