{
    "counter": {
        "ACTIVE": 11601,
        "INACTIVE": 6,
        "INVALID": 0,
        "MALICIOUS": 0,
        "SANE": 0,
        "VALID": 0,
        "total": 11607
    },
    "percentage": {
        "ACTIVE": 99.94830705608685,
        "INACTIVE": 0.12074864157778226,
        "INVALID": 0,
        "MALICIOUS": 0,
        "SANE": 0,
        "VALID": 0,
        "total": 100.06905569766462
    }
}