{
    "counter": {
        "ACTIVE": 17167,
        "INACTIVE": 556,
        "INVALID": 0,
        "MALICIOUS": 0,
        "SANE": 0,
        "VALID": 0,
        "total": 17723
    },
    "percentage": {
        "ACTIVE": 96.86283360604864,
        "INACTIVE": 3.14106547652675,
        "INVALID": 0,
        "MALICIOUS": 0,
        "SANE": 0,
        "VALID": 0,
        "total": 100.00389908257539
    }
}