{
    "counter": {
        "ACTIVE": 156891,
        "INACTIVE": 13,
        "INVALID": 0,
        "MALICIOUS": 0,
        "SANE": 0,
        "VALID": 0,
        "total": 156904
    },
    "percentage": {
        "ACTIVE": 99.99171467903942,
        "INACTIVE": 0.010932086514850819,
        "INVALID": 0,
        "MALICIOUS": 0,
        "SANE": 0,
        "VALID": 0,
        "total": 100.00264676555427
    }
}