{
    "counter": {
        "ACTIVE": 12264,
        "INACTIVE": 24,
        "INVALID": 0,
        "MALICIOUS": 0,
        "SANE": 0,
        "VALID": 0,
        "total": 12288
    },
    "percentage": {
        "ACTIVE": 99.8046875,
        "INACTIVE": 0.20451640391989775,
        "INVALID": 0,
        "MALICIOUS": 0,
        "SANE": 0,
        "VALID": 0,
        "total": 100.0092039039199
    }
}