{
    "counter": {
        "ACTIVE": 13729,
        "INACTIVE": 5,
        "INVALID": 0,
        "MALICIOUS": 0,
        "SANE": 0,
        "VALID": 0,
        "total": 13734
    },
    "percentage": {
        "ACTIVE": 99.96359400029125,
        "INACTIVE": 0.04221903233977877,
        "INVALID": 0,
        "MALICIOUS": 0,
        "SANE": 0,
        "VALID": 0,
        "total": 100.00581303263102
    }
}