{
    "counter": {
        "ACTIVE": 15717,
        "INACTIVE": 10,
        "INVALID": 0,
        "MALICIOUS": 0,
        "SANE": 0,
        "VALID": 0,
        "total": 15727
    },
    "percentage": {
        "ACTIVE": 99.93641508234246,
        "INACTIVE": 0.13449899125756556,
        "INVALID": 0,
        "MALICIOUS": 0,
        "SANE": 0,
        "VALID": 0,
        "total": 100.07091407360002
    }
}