{
    "counter": {
        "ACTIVE": 18888,
        "INACTIVE": 2,
        "INVALID": 0,
        "MALICIOUS": 0,
        "SANE": 0,
        "VALID": 0,
        "total": 18890
    },
    "percentage": {
        "ACTIVE": 99.98941238750662,
        "INACTIVE": 0.010587612493382742,
        "INVALID": 0.0,
        "MALICIOUS": 0.0,
        "SANE": 0.0,
        "VALID": 0.0,
        "total": 100.0
    }
}