{
    "counter": {
        "ACTIVE": 1490,
        "INACTIVE": 7,
        "INVALID": 0,
        "MALICIOUS": 0,
        "SANE": 0,
        "VALID": 0,
        "total": 1497
    },
    "percentage": {
        "ACTIVE": 99.53239812959252,
        "INACTIVE": 1.2820512820512822,
        "INVALID": 0,
        "MALICIOUS": 0,
        "SANE": 0,
        "VALID": 0,
        "total": 100.8144494116438
    }
}