{
    "counter": {
        "ACTIVE": 18905,
        "INACTIVE": 13,
        "INVALID": 0,
        "MALICIOUS": 0,
        "SANE": 0,
        "VALID": 0,
        "total": 18918
    },
    "percentage": {
        "ACTIVE": 99.93128237657258,
        "INACTIVE": 0.06871762342742362,
        "INVALID": 0.0,
        "MALICIOUS": 0.0,
        "SANE": 0.0,
        "VALID": 0.0,
        "total": 100.0
    }
}