{
    "counter": {
        "ACTIVE": 16383,
        "INACTIVE": 4,
        "INVALID": 0,
        "MALICIOUS": 0,
        "SANE": 0,
        "VALID": 0,
        "total": 16387
    },
    "percentage": {
        "ACTIVE": 99.97559040702997,
        "INACTIVE": 0.027212735560242195,
        "INVALID": 0,
        "MALICIOUS": 0,
        "SANE": 0,
        "VALID": 0,
        "total": 100.00280314259021
    }
}