{
    "counter": {
        "ACTIVE": 11367,
        "INACTIVE": 3,
        "INVALID": 0,
        "MALICIOUS": 0,
        "SANE": 0,
        "VALID": 0,
        "total": 11370
    },
    "percentage": {
        "ACTIVE": 99.9736147757256,
        "INACTIVE": 0.03546518501004847,
        "INVALID": 0,
        "MALICIOUS": 0,
        "SANE": 0,
        "VALID": 0,
        "total": 100.00907996073565
    }
}