{
    "counter": {
        "ACTIVE": 16476,
        "INACTIVE": 5,
        "INVALID": 0,
        "MALICIOUS": 0,
        "SANE": 0,
        "VALID": 0,
        "total": 16481
    },
    "percentage": {
        "ACTIVE": 99.96966203507068,
        "INACTIVE": 0.03375869286341233,
        "INVALID": 0,
        "MALICIOUS": 0,
        "SANE": 0,
        "VALID": 0,
        "total": 100.0034207279341
    }
}