{
    "counter": {
        "ACTIVE": 15427,
        "INACTIVE": 3,
        "INVALID": 0,
        "MALICIOUS": 0,
        "SANE": 0,
        "VALID": 0,
        "total": 15430
    },
    "percentage": {
        "ACTIVE": 99.98055735580039,
        "INACTIVE": 0.03944254535892716,
        "INVALID": 0,
        "MALICIOUS": 0,
        "SANE": 0,
        "VALID": 0,
        "total": 100.01999990115931
    }
}