{
    "counter": {
        "ACTIVE": 27062,
        "INACTIVE": 35,
        "INVALID": 0,
        "MALICIOUS": 0,
        "SANE": 0,
        "VALID": 0,
        "total": 27097
    },
    "percentage": {
        "ACTIVE": 99.87083440971325,
        "INACTIVE": 0.18809114359415305,
        "INVALID": 0,
        "MALICIOUS": 0,
        "SANE": 0,
        "VALID": 0,
        "total": 100.0589255533074
    }
}