{
    "counter": {
        "ACTIVE": 92284,
        "INACTIVE": 10,
        "INVALID": 0,
        "MALICIOUS": 0,
        "SANE": 0,
        "VALID": 0,
        "total": 92294
    },
    "percentage": {
        "ACTIVE": 99.98916505948382,
        "INACTIVE": 0.02183549140773413,
        "INVALID": 0,
        "MALICIOUS": 0,
        "SANE": 0,
        "VALID": 0,
        "total": 100.01100055089155
    }
}