{
    "counter": {
        "ACTIVE": 15829,
        "INACTIVE": 2,
        "INVALID": 0,
        "MALICIOUS": 0,
        "SANE": 0,
        "VALID": 0,
        "total": 15831
    },
    "percentage": {
        "ACTIVE": 99.98736655928242,
        "INACTIVE": 0.022067747986317995,
        "INVALID": 0,
        "MALICIOUS": 0,
        "SANE": 0,
        "VALID": 0,
        "total": 100.00943430726873
    }
}