{
    "counter": {
        "ACTIVE": 7342,
        "INACTIVE": 6,
        "INVALID": 0,
        "MALICIOUS": 0,
        "SANE": 0,
        "VALID": 0,
        "total": 7348
    },
    "percentage": {
        "ACTIVE": 99.91834512792596,
        "INACTIVE": 0.12074864157778226,
        "INVALID": 0,
        "MALICIOUS": 0,
        "SANE": 0,
        "VALID": 0,
        "total": 100.03909376950374
    }
}