{
    "counter": {
        "ACTIVE": 14651,
        "INACTIVE": 2,
        "INVALID": 0,
        "MALICIOUS": 0,
        "SANE": 0,
        "VALID": 0,
        "total": 14653
    },
    "percentage": {
        "ACTIVE": 99.98635091790077,
        "INACTIVE": 0.014116318464144552,
        "INVALID": 0,
        "MALICIOUS": 0,
        "SANE": 0,
        "VALID": 0,
        "total": 100.00046723636491
    }
}