{
    "counter": {
        "ACTIVE": 606,
        "INACTIVE": 1,
        "INVALID": 0,
        "MALICIOUS": 0,
        "SANE": 0,
        "VALID": 0,
        "total": 607
    },
    "percentage": {
        "ACTIVE": 99.83525535420098,
        "INACTIVE": 0.25906735751295334,
        "INVALID": 0,
        "MALICIOUS": 0,
        "SANE": 0,
        "VALID": 0,
        "total": 100.09432271171393
    }
}