{
    "counter": {
        "ACTIVE": 16838,
        "INACTIVE": 27,
        "INVALID": 0,
        "MALICIOUS": 0,
        "SANE": 0,
        "VALID": 0,
        "total": 16865
    },
    "percentage": {
        "ACTIVE": 99.83990512896531,
        "INACTIVE": 0.167649798199317,
        "INVALID": 0,
        "MALICIOUS": 0,
        "SANE": 0,
        "VALID": 0,
        "total": 100.00755492716463
    }
}