{
    "counter": {
        "ACTIVE": 17141,
        "INACTIVE": 22,
        "INVALID": 0,
        "MALICIOUS": 0,
        "SANE": 0,
        "VALID": 0,
        "total": 17163
    },
    "percentage": {
        "ACTIVE": 99.87181728136106,
        "INACTIVE": 0.1770053906187143,
        "INVALID": 0,
        "MALICIOUS": 0,
        "SANE": 0,
        "VALID": 0,
        "total": 100.04882267197978
    }
}