{
    "counter": {
        "ACTIVE": 255209,
        "INACTIVE": 14,
        "INVALID": 0,
        "MALICIOUS": 0,
        "SANE": 0,
        "VALID": 0,
        "total": 255223
    },
    "percentage": {
        "ACTIVE": 99.9945146009568,
        "INACTIVE": 0.006299212598425197,
        "INVALID": 0,
        "MALICIOUS": 0,
        "SANE": 0,
        "VALID": 0,
        "total": 100.00081381355523
    }
}