{
    "counter": {
        "ACTIVE": 15635,
        "INACTIVE": 29,
        "INVALID": 0,
        "MALICIOUS": 0,
        "SANE": 0,
        "VALID": 0,
        "total": 15664
    },
    "percentage": {
        "ACTIVE": 99.81486210418795,
        "INACTIVE": 0.19221846622920394,
        "INVALID": 0,
        "MALICIOUS": 0,
        "SANE": 0,
        "VALID": 0,
        "total": 100.00708057041716
    }
}