{
    "counter": {
        "ACTIVE": 17057,
        "INACTIVE": 22,
        "INVALID": 0,
        "MALICIOUS": 0,
        "SANE": 0,
        "VALID": 0,
        "total": 17079
    },
    "percentage": {
        "ACTIVE": 99.87118683763687,
        "INACTIVE": 0.1770053906187143,
        "INVALID": 0,
        "MALICIOUS": 0,
        "SANE": 0,
        "VALID": 0,
        "total": 100.04819222825559
    }
}