{
    "counter": {
        "ACTIVE": 275115,
        "INACTIVE": 14,
        "INVALID": 0,
        "MALICIOUS": 0,
        "SANE": 0,
        "VALID": 0,
        "total": 275129
    },
    "percentage": {
        "ACTIVE": 99.99491147788855,
        "INACTIVE": 0.006299212598425197,
        "INVALID": 0,
        "MALICIOUS": 0,
        "SANE": 0,
        "VALID": 0,
        "total": 100.00121069048697
    }
}