{
    "counter": {
        "ACTIVE": 16325,
        "INACTIVE": 7,
        "INVALID": 0,
        "MALICIOUS": 0,
        "SANE": 0,
        "VALID": 0,
        "total": 16332
    },
    "percentage": {
        "ACTIVE": 99.95713935831496,
        "INACTIVE": 0.05964045326744483,
        "INVALID": 0,
        "MALICIOUS": 0,
        "SANE": 0,
        "VALID": 0,
        "total": 100.01677981158241
    }
}