{
    "counter": {
        "ACTIVE": 9388,
        "INACTIVE": 13,
        "INVALID": 0,
        "MALICIOUS": 0,
        "SANE": 0,
        "VALID": 0,
        "total": 9401
    },
    "percentage": {
        "ACTIVE": 99.8617168386342,
        "INACTIVE": 0.1442521083000444,
        "INVALID": 0,
        "MALICIOUS": 0,
        "SANE": 0,
        "VALID": 0,
        "total": 100.00596894693425
    }
}