{
    "counter": {
        "ACTIVE": 5359,
        "INACTIVE": 18,
        "INVALID": 0,
        "MALICIOUS": 0,
        "SANE": 0,
        "VALID": 0,
        "total": 5377
    },
    "percentage": {
        "ACTIVE": 99.66524084061744,
        "INACTIVE": 0.35328753680078506,
        "INVALID": 0,
        "MALICIOUS": 0,
        "SANE": 0,
        "VALID": 0,
        "total": 100.01852837741822
    }
}