{
    "counter": {
        "ACTIVE": 9917,
        "INACTIVE": 23,
        "INVALID": 0,
        "MALICIOUS": 0,
        "SANE": 0,
        "VALID": 0,
        "total": 9940
    },
    "percentage": {
        "ACTIVE": 99.76861167002012,
        "INACTIVE": 0.2358974358974359,
        "INVALID": 0,
        "MALICIOUS": 0,
        "SANE": 0,
        "VALID": 0,
        "total": 100.00450910591756
    }
}