{
    "counter": {
        "ACTIVE": 16679,
        "INACTIVE": 983,
        "INVALID": 0,
        "MALICIOUS": 0,
        "SANE": 0,
        "VALID": 0,
        "total": 17662
    },
    "percentage": {
        "ACTIVE": 94.43437889253765,
        "INACTIVE": 5.5656211074623485,
        "INVALID": 0.0,
        "MALICIOUS": 0.0,
        "SANE": 0.0,
        "VALID": 0.0,
        "total": 100.0
    }
}