{
    "counter": {
        "ACTIVE": 14500,
        "INACTIVE": 1,
        "INVALID": 0,
        "MALICIOUS": 0,
        "SANE": 0,
        "VALID": 0,
        "total": 14501
    },
    "percentage": {
        "ACTIVE": 99.99310392386732,
        "INACTIVE": 0.013933398355858995,
        "INVALID": 0,
        "MALICIOUS": 0,
        "SANE": 0,
        "VALID": 0,
        "total": 100.00703732222318
    }
}