{
    "counter": {
        "ACTIVE": 610,
        "INACTIVE": 2,
        "INVALID": 0,
        "MALICIOUS": 0,
        "SANE": 0,
        "VALID": 0,
        "total": 612
    },
    "percentage": {
        "ACTIVE": 99.67320261437908,
        "INACTIVE": 0.4132231404958678,
        "INVALID": 0,
        "MALICIOUS": 0,
        "SANE": 0,
        "VALID": 0,
        "total": 100.08642575487495
    }
}