{
    "counter": {
        "ACTIVE": 16040,
        "INACTIVE": 15,
        "INVALID": 0,
        "MALICIOUS": 0,
        "SANE": 0,
        "VALID": 0,
        "total": 16055
    },
    "percentage": {
        "ACTIVE": 99.90657116163189,
        "INACTIVE": 0.09346959122632104,
        "INVALID": 0,
        "MALICIOUS": 0,
        "SANE": 0,
        "VALID": 0,
        "total": 100.00004075285821
    }
}