{
    "counter": {
        "ACTIVE": 16582,
        "INACTIVE": 28,
        "INVALID": 0,
        "MALICIOUS": 0,
        "SANE": 0,
        "VALID": 0,
        "total": 16610
    },
    "percentage": {
        "ACTIVE": 99.8314268512944,
        "INACTIVE": 0.19343696027633853,
        "INVALID": 0,
        "MALICIOUS": 0,
        "SANE": 0,
        "VALID": 0,
        "total": 100.02486381157074
    }
}