{
    "counter": {
        "ACTIVE": 9214,
        "INACTIVE": 22,
        "INVALID": 0,
        "MALICIOUS": 0,
        "SANE": 0,
        "VALID": 0,
        "total": 9236
    },
    "percentage": {
        "ACTIVE": 99.76180164573408,
        "INACTIVE": 0.27482823235477827,
        "INVALID": 0,
        "MALICIOUS": 0,
        "SANE": 0,
        "VALID": 0,
        "total": 100.03662987808886
    }
}