{
    "counter": {
        "ACTIVE": 11271,
        "INACTIVE": 20,
        "INVALID": 0,
        "MALICIOUS": 0,
        "SANE": 0,
        "VALID": 0,
        "total": 11291
    },
    "percentage": {
        "ACTIVE": 99.8228677707909,
        "INACTIVE": 0.18234865061998543,
        "INVALID": 0,
        "MALICIOUS": 0,
        "SANE": 0,
        "VALID": 0,
        "total": 100.00521642141088
    }
}