{
    "counter": {
        "ACTIVE": 7853,
        "INACTIVE": 2,
        "INVALID": 0,
        "MALICIOUS": 0,
        "SANE": 0,
        "VALID": 0,
        "total": 7855
    },
    "percentage": {
        "ACTIVE": 99.97453851050287,
        "INACTIVE": 0.05392289026691831,
        "INVALID": 0,
        "MALICIOUS": 0,
        "SANE": 0,
        "VALID": 0,
        "total": 100.02846140076979
    }
}