{
    "counter": {
        "ACTIVE": 14650,
        "INACTIVE": 14,
        "INVALID": 0,
        "MALICIOUS": 0,
        "SANE": 0,
        "VALID": 0,
        "total": 14664
    },
    "percentage": {
        "ACTIVE": 99.90452809601746,
        "INACTIVE": 0.10527898932170252,
        "INVALID": 0,
        "MALICIOUS": 0,
        "SANE": 0,
        "VALID": 0,
        "total": 100.00980708533916
    }
}