{
    "counter": {
        "ACTIVE": 8798,
        "INACTIVE": 1,
        "INVALID": 0,
        "MALICIOUS": 0,
        "SANE": 0,
        "VALID": 0,
        "total": 8799
    },
    "percentage": {
        "ACTIVE": 99.9886350721673,
        "INACTIVE": 0.014949917775452235,
        "INVALID": 0,
        "MALICIOUS": 0,
        "SANE": 0,
        "VALID": 0,
        "total": 100.00358498994275
    }
}