{
    "counter": {
        "ACTIVE": 16892,
        "INACTIVE": 17,
        "INVALID": 0,
        "MALICIOUS": 0,
        "SANE": 0,
        "VALID": 0,
        "total": 16909
    },
    "percentage": {
        "ACTIVE": 99.89946182506358,
        "INACTIVE": 0.10086027884900622,
        "INVALID": 0,
        "MALICIOUS": 0,
        "SANE": 0,
        "VALID": 0,
        "total": 100.0003221039126
    }
}