{
    "counter": {
        "ACTIVE": 13928,
        "INACTIVE": 6,
        "INVALID": 0,
        "MALICIOUS": 0,
        "SANE": 0,
        "VALID": 0,
        "total": 13934
    },
    "percentage": {
        "ACTIVE": 99.95693985933687,
        "INACTIVE": 0.04439511653718091,
        "INVALID": 0,
        "MALICIOUS": 0,
        "SANE": 0,
        "VALID": 0,
        "total": 100.00133497587404
    }
}