{
    "counter": {
        "ACTIVE": 53238,
        "INACTIVE": 36,
        "INVALID": 1,
        "MALICIOUS": 0,
        "SANE": 0,
        "VALID": 0,
        "total": 53275
    },
    "percentage": {
        "ACTIVE": 99.93054903801033,
        "INACTIVE": 0.1837953744830755,
        "INVALID": 0.010577533319229955,
        "MALICIOUS": 0,
        "SANE": 0,
        "VALID": 0,
        "total": 100.12492194581263
    }
}