{
    "counter": {
        "ACTIVE": 185645,
        "INACTIVE": 13,
        "INVALID": 0,
        "MALICIOUS": 0,
        "SANE": 0,
        "VALID": 0,
        "total": 185658
    },
    "percentage": {
        "ACTIVE": 99.99299787781835,
        "INACTIVE": 0.010932086514850819,
        "INVALID": 0,
        "MALICIOUS": 0,
        "SANE": 0,
        "VALID": 0,
        "total": 100.00392996433321
    }
}