{
    "counter": {
        "ACTIVE": 12017,
        "INACTIVE": 30,
        "INVALID": 0,
        "MALICIOUS": 0,
        "SANE": 0,
        "VALID": 0,
        "total": 12047
    },
    "percentage": {
        "ACTIVE": 99.75097534655931,
        "INACTIVE": 0.2529724260055654,
        "INVALID": 0,
        "MALICIOUS": 0,
        "SANE": 0,
        "VALID": 0,
        "total": 100.00394777256489
    }
}