{
    "counter": {
        "ACTIVE": 4456,
        "INACTIVE": 1,
        "INVALID": 0,
        "MALICIOUS": 0,
        "SANE": 0,
        "VALID": 0,
        "total": 4457
    },
    "percentage": {
        "ACTIVE": 99.97756338344178,
        "INACTIVE": 0.026975991367682764,
        "INVALID": 0,
        "MALICIOUS": 0,
        "SANE": 0,
        "VALID": 0,
        "total": 100.00453937480945
    }
}