{
    "counter": {
        "ACTIVE": 15274,
        "INACTIVE": 2,
        "INVALID": 0,
        "MALICIOUS": 0,
        "SANE": 0,
        "VALID": 0,
        "total": 15276
    },
    "percentage": {
        "ACTIVE": 99.98690756742603,
        "INACTIVE": 0.023258518432375856,
        "INVALID": 0,
        "MALICIOUS": 0,
        "SANE": 0,
        "VALID": 0,
        "total": 100.0101660858584
    }
}