{
    "counter": {
        "ACTIVE": 8343,
        "INACTIVE": 28,
        "INVALID": 0,
        "MALICIOUS": 0,
        "SANE": 0,
        "VALID": 0,
        "total": 8371
    },
    "percentage": {
        "ACTIVE": 99.66551188627405,
        "INACTIVE": 0.3547896604156107,
        "INVALID": 0,
        "MALICIOUS": 0,
        "SANE": 0,
        "VALID": 0,
        "total": 100.02030154668965
    }
}