{
    "counter": {
        "ACTIVE": 10114,
        "INACTIVE": 29,
        "INVALID": 0,
        "MALICIOUS": 0,
        "SANE": 0,
        "VALID": 0,
        "total": 10143
    },
    "percentage": {
        "ACTIVE": 99.71408853396431,
        "INACTIVE": 0.3113592441485935,
        "INVALID": 0,
        "MALICIOUS": 0,
        "SANE": 0,
        "VALID": 0,
        "total": 100.0254477781129
    }
}