{
    "counter": {
        "ACTIVE": 15124,
        "INACTIVE": 20,
        "INVALID": 0,
        "MALICIOUS": 0,
        "SANE": 0,
        "VALID": 0,
        "total": 15144
    },
    "percentage": {
        "ACTIVE": 99.86793449550977,
        "INACTIVE": 0.13455328310010764,
        "INVALID": 0,
        "MALICIOUS": 0,
        "SANE": 0,
        "VALID": 0,
        "total": 100.00248777860988
    }
}