{
    "counter": {
        "ACTIVE": 16972,
        "INACTIVE": 6,
        "INVALID": 0,
        "MALICIOUS": 0,
        "SANE": 0,
        "VALID": 0,
        "total": 16978
    },
    "percentage": {
        "ACTIVE": 99.96466014842737,
        "INACTIVE": 0.03713330857779428,
        "INVALID": 0,
        "MALICIOUS": 0,
        "SANE": 0,
        "VALID": 0,
        "total": 100.00179345700516
    }
}