{
    "counter": {
        "ACTIVE": 7744,
        "INACTIVE": 6,
        "INVALID": 0,
        "MALICIOUS": 0,
        "SANE": 0,
        "VALID": 0,
        "total": 7750
    },
    "percentage": {
        "ACTIVE": 99.92258064516129,
        "INACTIVE": 0.08389261744966443,
        "INVALID": 0,
        "MALICIOUS": 0,
        "SANE": 0,
        "VALID": 0,
        "total": 100.00647326261095
    }
}