{
    "counter": {
        "ACTIVE": 15935,
        "INACTIVE": 7,
        "INVALID": 0,
        "MALICIOUS": 0,
        "SANE": 0,
        "VALID": 0,
        "total": 15942
    },
    "percentage": {
        "ACTIVE": 99.95609082925606,
        "INACTIVE": 0.05328867235079172,
        "INVALID": 0,
        "MALICIOUS": 0,
        "SANE": 0,
        "VALID": 0,
        "total": 100.00937950160684
    }
}