{
    "counter": {
        "ACTIVE": 5623,
        "INACTIVE": 2,
        "INVALID": 0,
        "MALICIOUS": 0,
        "SANE": 0,
        "VALID": 0,
        "total": 5625
    },
    "percentage": {
        "ACTIVE": 99.96444444444444,
        "INACTIVE": 0.046264168401572985,
        "INVALID": 0,
        "MALICIOUS": 0,
        "SANE": 0,
        "VALID": 0,
        "total": 100.01070861284602
    }
}