{
    "counter": {
        "ACTIVE": 3421,
        "INACTIVE": 1,
        "INVALID": 0,
        "MALICIOUS": 0,
        "SANE": 0,
        "VALID": 0,
        "total": 3422
    },
    "percentage": {
        "ACTIVE": 99.97077732320281,
        "INACTIVE": 0.03635041802980734,
        "INVALID": 0,
        "MALICIOUS": 0,
        "SANE": 0,
        "VALID": 0,
        "total": 100.00712774123262
    }
}