{
    "counter": {
        "ACTIVE": 17347,
        "INACTIVE": 5,
        "INVALID": 0,
        "MALICIOUS": 0,
        "SANE": 0,
        "VALID": 0,
        "total": 17352
    },
    "percentage": {
        "ACTIVE": 99.97118487782389,
        "INACTIVE": 0.029836496001909536,
        "INVALID": 0,
        "MALICIOUS": 0,
        "SANE": 0,
        "VALID": 0,
        "total": 100.0010213738258
    }
}