{
    "counter": {
        "ACTIVE": 13649,
        "INACTIVE": 5,
        "INVALID": 0,
        "MALICIOUS": 0,
        "SANE": 0,
        "VALID": 0,
        "total": 13654
    },
    "percentage": {
        "ACTIVE": 99.96338069430203,
        "INACTIVE": 0.05283178360101437,
        "INVALID": 0,
        "MALICIOUS": 0,
        "SANE": 0,
        "VALID": 0,
        "total": 100.01621247790304
    }
}