{
    "counter": {
        "ACTIVE": 295042,
        "INACTIVE": 14,
        "INVALID": 0,
        "MALICIOUS": 0,
        "SANE": 0,
        "VALID": 0,
        "total": 295056
    },
    "percentage": {
        "ACTIVE": 99.9952551380077,
        "INACTIVE": 0.006299212598425197,
        "INVALID": 0,
        "MALICIOUS": 0,
        "SANE": 0,
        "VALID": 0,
        "total": 100.00155435060613
    }
}