{
    "counter": {
        "ACTIVE": 6781,
        "INACTIVE": 2,
        "INVALID": 0,
        "MALICIOUS": 0,
        "SANE": 0,
        "VALID": 0,
        "total": 6783
    },
    "percentage": {
        "ACTIVE": 99.97051452159812,
        "INACTIVE": 0.035568202027387516,
        "INVALID": 0,
        "MALICIOUS": 0,
        "SANE": 0,
        "VALID": 0,
        "total": 100.00608272362551
    }
}