{
    "counter": {
        "ACTIVE": 16548,
        "INACTIVE": 4,
        "INVALID": 0,
        "MALICIOUS": 0,
        "SANE": 0,
        "VALID": 0,
        "total": 16552
    },
    "percentage": {
        "ACTIVE": 99.97583373610439,
        "INACTIVE": 0.03021376236875897,
        "INVALID": 0,
        "MALICIOUS": 0,
        "SANE": 0,
        "VALID": 0,
        "total": 100.00604749847315
    }
}