{
    "counter": {
        "ACTIVE": 13855,
        "INACTIVE": 4,
        "INVALID": 0,
        "MALICIOUS": 0,
        "SANE": 0,
        "VALID": 0,
        "total": 13859
    },
    "percentage": {
        "ACTIVE": 99.97113788873656,
        "INACTIVE": 0.02981070204203309,
        "INVALID": 0,
        "MALICIOUS": 0,
        "SANE": 0,
        "VALID": 0,
        "total": 100.00094859077859
    }
}