{
    "counter": {
        "ACTIVE": 7512,
        "INACTIVE": 27,
        "INVALID": 0,
        "MALICIOUS": 0,
        "SANE": 0,
        "VALID": 0,
        "total": 7539
    },
    "percentage": {
        "ACTIVE": 99.64186231595703,
        "INACTIVE": 0.37651652489192583,
        "INVALID": 0,
        "MALICIOUS": 0,
        "SANE": 0,
        "VALID": 0,
        "total": 100.01837884084895
    }
}