{
    "counter": {
        "ACTIVE": 8455,
        "INACTIVE": 16,
        "INVALID": 0,
        "MALICIOUS": 0,
        "SANE": 0,
        "VALID": 0,
        "total": 8471
    },
    "percentage": {
        "ACTIVE": 99.81112029276355,
        "INACTIVE": 0.21066491112574062,
        "INVALID": 0,
        "MALICIOUS": 0,
        "SANE": 0,
        "VALID": 0,
        "total": 100.0217852038893
    }
}