{
    "counter": {
        "ACTIVE": 14509,
        "INACTIVE": 6,
        "INVALID": 0,
        "MALICIOUS": 0,
        "SANE": 0,
        "VALID": 0,
        "total": 14515
    },
    "percentage": {
        "ACTIVE": 99.9586634516018,
        "INACTIVE": 0.08389261744966443,
        "INVALID": 0,
        "MALICIOUS": 0,
        "SANE": 0,
        "VALID": 0,
        "total": 100.04255606905146
    }
}