{
    "counter": {
        "ACTIVE": 131826,
        "INACTIVE": 13,
        "INVALID": 0,
        "MALICIOUS": 0,
        "SANE": 0,
        "VALID": 0,
        "total": 131839
    },
    "percentage": {
        "ACTIVE": 99.9901394883153,
        "INACTIVE": 0.010932086514850819,
        "INVALID": 0,
        "MALICIOUS": 0,
        "SANE": 0,
        "VALID": 0,
        "total": 100.00107157483015
    }
}