{
    "counter": {
        "ACTIVE": 91366,
        "INACTIVE": 10,
        "INVALID": 0,
        "MALICIOUS": 0,
        "SANE": 0,
        "VALID": 0,
        "total": 91376
    },
    "percentage": {
        "ACTIVE": 99.98905620731921,
        "INACTIVE": 0.02183549140773413,
        "INVALID": 0,
        "MALICIOUS": 0,
        "SANE": 0,
        "VALID": 0,
        "total": 100.01089169872694
    }
}