{
    "counter": {
        "ACTIVE": 14238,
        "INACTIVE": 5,
        "INVALID": 0,
        "MALICIOUS": 0,
        "SANE": 0,
        "VALID": 0,
        "total": 14243
    },
    "percentage": {
        "ACTIVE": 99.96489503615811,
        "INACTIVE": 0.05283178360101437,
        "INVALID": 0,
        "MALICIOUS": 0,
        "SANE": 0,
        "VALID": 0,
        "total": 100.01772681975912
    }
}