{
    "counter": {
        "ACTIVE": 8751,
        "INACTIVE": 4,
        "INVALID": 0,
        "MALICIOUS": 0,
        "SANE": 0,
        "VALID": 0,
        "total": 8755
    },
    "percentage": {
        "ACTIVE": 99.9543118218161,
        "INACTIVE": 0.095488183337312,
        "INVALID": 0,
        "MALICIOUS": 0,
        "SANE": 0,
        "VALID": 0,
        "total": 100.04980000515341
    }
}