{
    "counter": {
        "ACTIVE": 16015,
        "INACTIVE": 46,
        "INVALID": 0,
        "MALICIOUS": 0,
        "SANE": 0,
        "VALID": 0,
        "total": 16061
    },
    "percentage": {
        "ACTIVE": 99.71359193076397,
        "INACTIVE": 0.2877337836992556,
        "INVALID": 0,
        "MALICIOUS": 0,
        "SANE": 0,
        "VALID": 0,
        "total": 100.00132571446322
    }
}