{
    "counter": {
        "ACTIVE": 16534,
        "INACTIVE": 4,
        "INVALID": 0,
        "MALICIOUS": 0,
        "SANE": 0,
        "VALID": 0,
        "total": 16538
    },
    "percentage": {
        "ACTIVE": 99.9758132785101,
        "INACTIVE": 0.02482005460412013,
        "INVALID": 0,
        "MALICIOUS": 0,
        "SANE": 0,
        "VALID": 0,
        "total": 100.00063333311422
    }
}