{
    "counter": {
        "ACTIVE": 11194,
        "INACTIVE": 5,
        "INVALID": 0,
        "MALICIOUS": 0,
        "SANE": 0,
        "VALID": 0,
        "total": 11199
    },
    "percentage": {
        "ACTIVE": 99.95535315653183,
        "INACTIVE": 0.07347538574577517,
        "INVALID": 0,
        "MALICIOUS": 0,
        "SANE": 0,
        "VALID": 0,
        "total": 100.02882854227761
    }
}