{
    "counter": {
        "ACTIVE": 15456,
        "INACTIVE": 3,
        "INVALID": 0,
        "MALICIOUS": 0,
        "SANE": 0,
        "VALID": 0,
        "total": 15459
    },
    "percentage": {
        "ACTIVE": 99.98059382883757,
        "INACTIVE": 0.08027829810008028,
        "INVALID": 0,
        "MALICIOUS": 0,
        "SANE": 0,
        "VALID": 0,
        "total": 100.06087212693765
    }
}