{
    "counter": {
        "ACTIVE": 15703,
        "INACTIVE": 42,
        "INVALID": 0,
        "MALICIOUS": 0,
        "SANE": 0,
        "VALID": 0,
        "total": 15745
    },
    "percentage": {
        "ACTIVE": 99.7332486503652,
        "INACTIVE": 0.3643935450286309,
        "INVALID": 0,
        "MALICIOUS": 0,
        "SANE": 0,
        "VALID": 0,
        "total": 100.09764219539383
    }
}