{
    "counter": {
        "ACTIVE": 6873,
        "INACTIVE": 28,
        "INVALID": 0,
        "MALICIOUS": 0,
        "SANE": 0,
        "VALID": 0,
        "total": 6901
    },
    "percentage": {
        "ACTIVE": 99.59426170120273,
        "INACTIVE": 0.41463053457722493,
        "INVALID": 0,
        "MALICIOUS": 0,
        "SANE": 0,
        "VALID": 0,
        "total": 100.00889223577995
    }
}