{
    "counter": {
        "ACTIVE": 16912,
        "INACTIVE": 7,
        "INVALID": 0,
        "MALICIOUS": 0,
        "SANE": 0,
        "VALID": 0,
        "total": 16919
    },
    "percentage": {
        "ACTIVE": 99.95862639635912,
        "INACTIVE": 0.059427795228797015,
        "INVALID": 0,
        "MALICIOUS": 0,
        "SANE": 0,
        "VALID": 0,
        "total": 100.01805419158792
    }
}