{
    "counter": {
        "ACTIVE": 13448,
        "INACTIVE": 23,
        "INVALID": 0,
        "MALICIOUS": 0,
        "SANE": 0,
        "VALID": 0,
        "total": 13471
    },
    "percentage": {
        "ACTIVE": 99.82926286096058,
        "INACTIVE": 0.21479267837131116,
        "INVALID": 0,
        "MALICIOUS": 0,
        "SANE": 0,
        "VALID": 0,
        "total": 100.0440555393319
    }
}