{
    "counter": {
        "ACTIVE": 14129,
        "INACTIVE": 4,
        "INVALID": 0,
        "MALICIOUS": 0,
        "SANE": 0,
        "VALID": 0,
        "total": 14133
    },
    "percentage": {
        "ACTIVE": 99.97169744569447,
        "INACTIVE": 0.08503401360544217,
        "INVALID": 0,
        "MALICIOUS": 0,
        "SANE": 0,
        "VALID": 0,
        "total": 100.05673145929991
    }
}