{
    "counter": {
        "ACTIVE": 14622,
        "INACTIVE": 283,
        "INVALID": 0,
        "MALICIOUS": 0,
        "SANE": 0,
        "VALID": 0,
        "total": 14905
    },
    "percentage": {
        "ACTIVE": 98.10130828581013,
        "INACTIVE": 1.926611750289332,
        "INVALID": 0,
        "MALICIOUS": 0,
        "SANE": 0,
        "VALID": 0,
        "total": 100.02792003609946
    }
}