{
    "counter": {
        "ACTIVE": 3305,
        "INACTIVE": 1,
        "INVALID": 0,
        "MALICIOUS": 0,
        "SANE": 0,
        "VALID": 0,
        "total": 3306
    },
    "percentage": {
        "ACTIVE": 99.9697519661222,
        "INACTIVE": 0.037778617302606725,
        "INVALID": 0,
        "MALICIOUS": 0,
        "SANE": 0,
        "VALID": 0,
        "total": 100.00753058342481
    }
}