{
    "counter": {
        "ACTIVE": 15773,
        "INACTIVE": 5,
        "INVALID": 0,
        "MALICIOUS": 0,
        "SANE": 0,
        "VALID": 0,
        "total": 15778
    },
    "percentage": {
        "ACTIVE": 99.96831030548866,
        "INACTIVE": 0.03375869286341233,
        "INVALID": 0,
        "MALICIOUS": 0,
        "SANE": 0,
        "VALID": 0,
        "total": 100.00206899835207
    }
}