{
    "counter": {
        "ACTIVE": 15806,
        "INACTIVE": 14,
        "INVALID": 0,
        "MALICIOUS": 0,
        "SANE": 0,
        "VALID": 0,
        "total": 15820
    },
    "percentage": {
        "ACTIVE": 99.91150442477876,
        "INACTIVE": 0.09942475676443434,
        "INVALID": 0,
        "MALICIOUS": 0,
        "SANE": 0,
        "VALID": 0,
        "total": 100.01092918154319
    }
}