{
    "counter": {
        "ACTIVE": 11523,
        "INACTIVE": 2,
        "INVALID": 0,
        "MALICIOUS": 0,
        "SANE": 0,
        "VALID": 0,
        "total": 11525
    },
    "percentage": {
        "ACTIVE": 99.9826464208243,
        "INACTIVE": 0.023258518432375856,
        "INVALID": 0,
        "MALICIOUS": 0,
        "SANE": 0,
        "VALID": 0,
        "total": 100.00590493925667
    }
}