{
    "counter": {
        "ACTIVE": 5704,
        "INACTIVE": 2,
        "INVALID": 0,
        "MALICIOUS": 0,
        "SANE": 0,
        "VALID": 0,
        "total": 5706
    },
    "percentage": {
        "ACTIVE": 99.96494917630564,
        "INACTIVE": 0.0423728813559322,
        "INVALID": 0,
        "MALICIOUS": 0,
        "SANE": 0,
        "VALID": 0,
        "total": 100.00732205766157
    }
}