{
    "counter": {
        "ACTIVE": 15704,
        "INACTIVE": 18,
        "INVALID": 0,
        "MALICIOUS": 0,
        "SANE": 0,
        "VALID": 0,
        "total": 15722
    },
    "percentage": {
        "ACTIVE": 99.88551074926855,
        "INACTIVE": 0.1601993592025632,
        "INVALID": 0,
        "MALICIOUS": 0,
        "SANE": 0,
        "VALID": 0,
        "total": 100.04571010847111
    }
}