{
    "counter": {
        "ACTIVE": 16493,
        "INACTIVE": 1,
        "INVALID": 0,
        "MALICIOUS": 0,
        "SANE": 0,
        "VALID": 0,
        "total": 16494
    },
    "percentage": {
        "ACTIVE": 99.99393718928096,
        "INACTIVE": 0.03469812630117974,
        "INVALID": 0,
        "MALICIOUS": 0,
        "SANE": 0,
        "VALID": 0,
        "total": 100.02863531558214
    }
}