{
    "counter": {
        "ACTIVE": 12424,
        "INACTIVE": 7,
        "INVALID": 0,
        "MALICIOUS": 0,
        "SANE": 0,
        "VALID": 0,
        "total": 12431
    },
    "percentage": {
        "ACTIVE": 99.94368916418631,
        "INACTIVE": 0.06162514305836781,
        "INVALID": 0,
        "MALICIOUS": 0,
        "SANE": 0,
        "VALID": 0,
        "total": 100.00531430724467
    }
}