{
    "counter": {
        "ACTIVE": 126861,
        "INACTIVE": 36,
        "INVALID": 1,
        "MALICIOUS": 0,
        "SANE": 0,
        "VALID": 0,
        "total": 126898
    },
    "percentage": {
        "ACTIVE": 99.9708427240776,
        "INACTIVE": 0.1837953744830755,
        "INVALID": 0.010577533319229955,
        "MALICIOUS": 0,
        "SANE": 0,
        "VALID": 0,
        "total": 100.1652156318799
    }
}