{
    "counter": {
        "ACTIVE": 69904,
        "INACTIVE": 36,
        "INVALID": 1,
        "MALICIOUS": 0,
        "SANE": 0,
        "VALID": 0,
        "total": 69941
    },
    "percentage": {
        "ACTIVE": 99.94709826854063,
        "INACTIVE": 0.1837953744830755,
        "INVALID": 0.010577533319229955,
        "MALICIOUS": 0,
        "SANE": 0,
        "VALID": 0,
        "total": 100.14147117634293
    }
}