{
    "counter": {
        "ACTIVE": 14122,
        "INACTIVE": 5,
        "INVALID": 0,
        "MALICIOUS": 0,
        "SANE": 0,
        "VALID": 0,
        "total": 14127
    },
    "percentage": {
        "ACTIVE": 99.96460678134069,
        "INACTIVE": 0.05041847332862761,
        "INVALID": 0,
        "MALICIOUS": 0,
        "SANE": 0,
        "VALID": 0,
        "total": 100.01502525466933
    }
}