{
    "counter": {
        "ACTIVE": 2356,
        "INACTIVE": 7,
        "INVALID": 0,
        "MALICIOUS": 0,
        "SANE": 0,
        "VALID": 0,
        "total": 2363
    },
    "percentage": {
        "ACTIVE": 99.70376639864578,
        "INACTIVE": 0.3287928604978863,
        "INVALID": 0,
        "MALICIOUS": 0,
        "SANE": 0,
        "VALID": 0,
        "total": 100.03255925914367
    }
}