{
    "counter": {
        "ACTIVE": 11523,
        "INACTIVE": 727,
        "INVALID": 0,
        "MALICIOUS": 0,
        "SANE": 0,
        "VALID": 0,
        "total": 12250
    },
    "percentage": {
        "ACTIVE": 94.06530612244897,
        "INACTIVE": 5.9346938775510205,
        "INVALID": 0.0,
        "MALICIOUS": 0.0,
        "SANE": 0.0,
        "VALID": 0.0,
        "total": 100.0
    }
}