{
    "counter": {
        "ACTIVE": 15785,
        "INACTIVE": 4,
        "INVALID": 0,
        "MALICIOUS": 0,
        "SANE": 0,
        "VALID": 0,
        "total": 15789
    },
    "percentage": {
        "ACTIVE": 99.97466590664386,
        "INACTIVE": 0.038895371450797356,
        "INVALID": 0,
        "MALICIOUS": 0,
        "SANE": 0,
        "VALID": 0,
        "total": 100.01356127809466
    }
}