{
    "counter": {
        "ACTIVE": 9148,
        "INACTIVE": 9,
        "INVALID": 0,
        "MALICIOUS": 0,
        "SANE": 0,
        "VALID": 0,
        "total": 9157
    },
    "percentage": {
        "ACTIVE": 99.90171453532817,
        "INACTIVE": 0.12134286099501146,
        "INVALID": 0,
        "MALICIOUS": 0,
        "SANE": 0,
        "VALID": 0,
        "total": 100.02305739632318
    }
}