{
    "counter": {
        "ACTIVE": 16019,
        "INACTIVE": 5,
        "INVALID": 0,
        "MALICIOUS": 0,
        "SANE": 0,
        "VALID": 0,
        "total": 16024
    },
    "percentage": {
        "ACTIVE": 99.96879680479282,
        "INACTIVE": 0.03126367785906334,
        "INVALID": 0,
        "MALICIOUS": 0,
        "SANE": 0,
        "VALID": 0,
        "total": 100.00006048265188
    }
}