{
    "counter": {
        "ACTIVE": 3767,
        "INACTIVE": 8,
        "INVALID": 0,
        "MALICIOUS": 0,
        "SANE": 0,
        "VALID": 0,
        "total": 3775
    },
    "percentage": {
        "ACTIVE": 99.78807947019868,
        "INACTIVE": 0.3429061294470639,
        "INVALID": 0,
        "MALICIOUS": 0,
        "SANE": 0,
        "VALID": 0,
        "total": 100.13098559964574
    }
}