{
    "counter": {
        "ACTIVE": 15783,
        "INACTIVE": 4,
        "INVALID": 0,
        "MALICIOUS": 0,
        "SANE": 0,
        "VALID": 0,
        "total": 15787
    },
    "percentage": {
        "ACTIVE": 99.97466269715589,
        "INACTIVE": 0.038895371450797356,
        "INVALID": 0,
        "MALICIOUS": 0,
        "SANE": 0,
        "VALID": 0,
        "total": 100.01355806860668
    }
}