{
    "counter": {
        "ACTIVE": 12199,
        "INACTIVE": 7,
        "INVALID": 0,
        "MALICIOUS": 0,
        "SANE": 0,
        "VALID": 0,
        "total": 12206
    },
    "percentage": {
        "ACTIVE": 99.94265115516959,
        "INACTIVE": 0.0661625708884688,
        "INVALID": 0,
        "MALICIOUS": 0,
        "SANE": 0,
        "VALID": 0,
        "total": 100.00881372605805
    }
}