{
    "counter": {
        "ACTIVE": 13158,
        "INACTIVE": 3,
        "INVALID": 0,
        "MALICIOUS": 0,
        "SANE": 0,
        "VALID": 0,
        "total": 13161
    },
    "percentage": {
        "ACTIVE": 99.97720537953043,
        "INACTIVE": 0.023921537357467507,
        "INVALID": 0,
        "MALICIOUS": 0,
        "SANE": 0,
        "VALID": 0,
        "total": 100.0011269168879
    }
}