{
    "counter": {
        "ACTIVE": 13437,
        "INACTIVE": 4,
        "INVALID": 0,
        "MALICIOUS": 0,
        "SANE": 0,
        "VALID": 0,
        "total": 13441
    },
    "percentage": {
        "ACTIVE": 99.97024030950078,
        "INACTIVE": 0.0324254215304799,
        "INVALID": 0,
        "MALICIOUS": 0,
        "SANE": 0,
        "VALID": 0,
        "total": 100.00266573103126
    }
}