{
    "counter": {
        "ACTIVE": 11505,
        "INACTIVE": 2,
        "INVALID": 0,
        "MALICIOUS": 0,
        "SANE": 0,
        "VALID": 0,
        "total": 11507
    },
    "percentage": {
        "ACTIVE": 99.98261927522378,
        "INACTIVE": 0.019751135690302193,
        "INVALID": 0,
        "MALICIOUS": 0,
        "SANE": 0,
        "VALID": 0,
        "total": 100.00237041091408
    }
}