{
    "counter": {
        "ACTIVE": 5363,
        "INACTIVE": 12,
        "INVALID": 0,
        "MALICIOUS": 0,
        "SANE": 0,
        "VALID": 0,
        "total": 5375
    },
    "percentage": {
        "ACTIVE": 99.77674418604651,
        "INACTIVE": 0.22988505747126436,
        "INVALID": 0,
        "MALICIOUS": 0,
        "SANE": 0,
        "VALID": 0,
        "total": 100.00662924351778
    }
}