{
    "counter": {
        "ACTIVE": 16603,
        "INACTIVE": 547,
        "INVALID": 0,
        "MALICIOUS": 0,
        "SANE": 0,
        "VALID": 0,
        "total": 17150
    },
    "percentage": {
        "ACTIVE": 96.81049562682216,
        "INACTIVE": 3.2299970475346913,
        "INVALID": 0,
        "MALICIOUS": 0,
        "SANE": 0,
        "VALID": 0,
        "total": 100.04049267435686
    }
}