{
    "counter": {
        "ACTIVE": 15377,
        "INACTIVE": 6,
        "INVALID": 0,
        "MALICIOUS": 0,
        "SANE": 0,
        "VALID": 0,
        "total": 15383
    },
    "percentage": {
        "ACTIVE": 99.96099590456998,
        "INACTIVE": 0.04439511653718091,
        "INVALID": 0,
        "MALICIOUS": 0,
        "SANE": 0,
        "VALID": 0,
        "total": 100.00539102110716
    }
}