{
    "counter": {
        "ACTIVE": 14749,
        "INACTIVE": 33,
        "INVALID": 0,
        "MALICIOUS": 0,
        "SANE": 0,
        "VALID": 0,
        "total": 14782
    },
    "percentage": {
        "ACTIVE": 99.77675551346232,
        "INACTIVE": 0.2232746955345061,
        "INVALID": 0,
        "MALICIOUS": 0,
        "SANE": 0,
        "VALID": 0,
        "total": 100.00003020899682
    }
}