{
    "counter": {
        "ACTIVE": 8113,
        "INACTIVE": 35,
        "INVALID": 0,
        "MALICIOUS": 0,
        "SANE": 0,
        "VALID": 0,
        "total": 8148
    },
    "percentage": {
        "ACTIVE": 99.5704467353952,
        "INACTIVE": 0.4518461141234185,
        "INVALID": 0,
        "MALICIOUS": 0,
        "SANE": 0,
        "VALID": 0,
        "total": 100.0222928495186
    }
}