{
    "counter": {
        "ACTIVE": 9926,
        "INACTIVE": 78,
        "INVALID": 0,
        "MALICIOUS": 0,
        "SANE": 0,
        "VALID": 0,
        "total": 10004
    },
    "percentage": {
        "ACTIVE": 99.2203118752499,
        "INACTIVE": 0.8184679958027282,
        "INVALID": 0,
        "MALICIOUS": 0,
        "SANE": 0,
        "VALID": 0,
        "total": 100.03877987105264
    }
}