{
    "counter": {
        "ACTIVE": 15811,
        "INACTIVE": 26,
        "INVALID": 0,
        "MALICIOUS": 0,
        "SANE": 0,
        "VALID": 0,
        "total": 15837
    },
    "percentage": {
        "ACTIVE": 99.83582749258066,
        "INACTIVE": 0.1674933968949301,
        "INVALID": 0,
        "MALICIOUS": 0,
        "SANE": 0,
        "VALID": 0,
        "total": 100.00332088947559
    }
}