{
    "counter": {
        "ACTIVE": 12619,
        "INACTIVE": 25,
        "INVALID": 0,
        "MALICIOUS": 0,
        "SANE": 0,
        "VALID": 0,
        "total": 12644
    },
    "percentage": {
        "ACTIVE": 99.80227776020247,
        "INACTIVE": 0.20032051282051283,
        "INVALID": 0,
        "MALICIOUS": 0,
        "SANE": 0,
        "VALID": 0,
        "total": 100.00259827302298
    }
}