{
    "counter": {
        "ACTIVE": 12137,
        "INACTIVE": 8,
        "INVALID": 0,
        "MALICIOUS": 0,
        "SANE": 0,
        "VALID": 0,
        "total": 12145
    },
    "percentage": {
        "ACTIVE": 99.93412927130507,
        "INACTIVE": 0.09068238494672409,
        "INVALID": 0,
        "MALICIOUS": 0,
        "SANE": 0,
        "VALID": 0,
        "total": 100.02481165625179
    }
}