{
    "counter": {
        "ACTIVE": 17286,
        "INACTIVE": 22,
        "INVALID": 0,
        "MALICIOUS": 0,
        "SANE": 0,
        "VALID": 0,
        "total": 17308
    },
    "percentage": {
        "ACTIVE": 99.87289114860181,
        "INACTIVE": 0.1770053906187143,
        "INVALID": 0,
        "MALICIOUS": 0,
        "SANE": 0,
        "VALID": 0,
        "total": 100.04989653922053
    }
}