{
    "counter": {
        "ACTIVE": 6489,
        "INACTIVE": 6,
        "INVALID": 0,
        "MALICIOUS": 0,
        "SANE": 0,
        "VALID": 0,
        "total": 6495
    },
    "percentage": {
        "ACTIVE": 99.90762124711317,
        "INACTIVE": 0.11208668036614983,
        "INVALID": 0,
        "MALICIOUS": 0,
        "SANE": 0,
        "VALID": 0,
        "total": 100.01970792747932
    }
}