{
    "counter": {
        "ACTIVE": 16326,
        "INACTIVE": 4,
        "INVALID": 0,
        "MALICIOUS": 0,
        "SANE": 0,
        "VALID": 0,
        "total": 16330
    },
    "percentage": {
        "ACTIVE": 99.9755052051439,
        "INACTIVE": 0.08503401360544217,
        "INVALID": 0,
        "MALICIOUS": 0,
        "SANE": 0,
        "VALID": 0,
        "total": 100.06053921874934
    }
}