{
    "counter": {
        "ACTIVE": 14183,
        "INACTIVE": 7,
        "INVALID": 0,
        "MALICIOUS": 0,
        "SANE": 0,
        "VALID": 0,
        "total": 14190
    },
    "percentage": {
        "ACTIVE": 99.9506694855532,
        "INACTIVE": 0.06070592316364582,
        "INVALID": 0,
        "MALICIOUS": 0,
        "SANE": 0,
        "VALID": 0,
        "total": 100.01137540871686
    }
}