{
    "counter": {
        "ACTIVE": 15945,
        "INACTIVE": 7,
        "INVALID": 0,
        "MALICIOUS": 0,
        "SANE": 0,
        "VALID": 0,
        "total": 15952
    },
    "percentage": {
        "ACTIVE": 99.9561183550652,
        "INACTIVE": 0.06070592316364582,
        "INVALID": 0,
        "MALICIOUS": 0,
        "SANE": 0,
        "VALID": 0,
        "total": 100.01682427822885
    }
}