{
    "counter": {
        "ACTIVE": 1132,
        "INACTIVE": 4,
        "INVALID": 0,
        "MALICIOUS": 0,
        "SANE": 0,
        "VALID": 0,
        "total": 1136
    },
    "percentage": {
        "ACTIVE": 99.64788732394366,
        "INACTIVE": 0.7905138339920948,
        "INVALID": 0,
        "MALICIOUS": 0,
        "SANE": 0,
        "VALID": 0,
        "total": 100.43840115793576
    }
}