{
    "counter": {
        "ACTIVE": 13032,
        "INACTIVE": 24,
        "INVALID": 0,
        "MALICIOUS": 0,
        "SANE": 0,
        "VALID": 0,
        "total": 13056
    },
    "percentage": {
        "ACTIVE": 99.81617647058823,
        "INACTIVE": 0.19936866589134408,
        "INVALID": 0,
        "MALICIOUS": 0,
        "SANE": 0,
        "VALID": 0,
        "total": 100.01554513647957
    }
}