{
    "counter": {
        "ACTIVE": 15748,
        "INACTIVE": 36,
        "INVALID": 0,
        "MALICIOUS": 0,
        "SANE": 0,
        "VALID": 0,
        "total": 15784
    },
    "percentage": {
        "ACTIVE": 99.77192093258996,
        "INACTIVE": 0.33222591362126247,
        "INVALID": 0,
        "MALICIOUS": 0,
        "SANE": 0,
        "VALID": 0,
        "total": 100.10414684621122
    }
}