{
    "counter": {
        "ACTIVE": 15197,
        "INACTIVE": 10,
        "INVALID": 0,
        "MALICIOUS": 0,
        "SANE": 0,
        "VALID": 0,
        "total": 15207
    },
    "percentage": {
        "ACTIVE": 99.93424081015321,
        "INACTIVE": 0.06809669731018046,
        "INVALID": 0,
        "MALICIOUS": 0,
        "SANE": 0,
        "VALID": 0,
        "total": 100.0023375074634
    }
}