{
    "counter": {
        "ACTIVE": 15215,
        "INACTIVE": 15,
        "INVALID": 0,
        "MALICIOUS": 0,
        "SANE": 0,
        "VALID": 0,
        "total": 15230
    },
    "percentage": {
        "ACTIVE": 99.90151017728168,
        "INACTIVE": 0.12573344509639564,
        "INVALID": 0,
        "MALICIOUS": 0,
        "SANE": 0,
        "VALID": 0,
        "total": 100.02724362237808
    }
}