{
    "counter": {
        "ACTIVE": 12525,
        "INACTIVE": 31,
        "INVALID": 0,
        "MALICIOUS": 0,
        "SANE": 0,
        "VALID": 0,
        "total": 12556
    },
    "percentage": {
        "ACTIVE": 99.75310608474037,
        "INACTIVE": 0.2553542009884679,
        "INVALID": 0,
        "MALICIOUS": 0,
        "SANE": 0,
        "VALID": 0,
        "total": 100.00846028572883
    }
}