{
    "counter": {
        "ACTIVE": 10674,
        "INACTIVE": 28,
        "INVALID": 0,
        "MALICIOUS": 0,
        "SANE": 0,
        "VALID": 0,
        "total": 10702
    },
    "percentage": {
        "ACTIVE": 99.73836666043731,
        "INACTIVE": 0.36330608537693004,
        "INVALID": 0,
        "MALICIOUS": 0,
        "SANE": 0,
        "VALID": 0,
        "total": 100.10167274581424
    }
}