{
    "counter": {
        "ACTIVE": 18860,
        "INACTIVE": 1,
        "INVALID": 0,
        "MALICIOUS": 0,
        "SANE": 0,
        "VALID": 0,
        "total": 18861
    },
    "percentage": {
        "ACTIVE": 99.99469805418589,
        "INACTIVE": 0.00530194581411378,
        "INVALID": 0.0,
        "MALICIOUS": 0.0,
        "SANE": 0.0,
        "VALID": 0.0,
        "total": 100.0
    }
}