{
    "counter": {
        "ACTIVE": 14115,
        "INACTIVE": 22,
        "INVALID": 0,
        "MALICIOUS": 0,
        "SANE": 0,
        "VALID": 0,
        "total": 14137
    },
    "percentage": {
        "ACTIVE": 99.84437999575582,
        "INACTIVE": 0.1770053906187143,
        "INVALID": 0,
        "MALICIOUS": 0,
        "SANE": 0,
        "VALID": 0,
        "total": 100.02138538637453
    }
}