{
    "counter": {
        "ACTIVE": 16372,
        "INACTIVE": 15,
        "INVALID": 0,
        "MALICIOUS": 0,
        "SANE": 0,
        "VALID": 0,
        "total": 16387
    },
    "percentage": {
        "ACTIVE": 99.90846402636237,
        "INACTIVE": 0.11337868480725624,
        "INVALID": 0,
        "MALICIOUS": 0,
        "SANE": 0,
        "VALID": 0,
        "total": 100.02184271116963
    }
}