{
    "counter": {
        "ACTIVE": 16220,
        "INACTIVE": 942,
        "INVALID": 0,
        "MALICIOUS": 0,
        "SANE": 0,
        "VALID": 0,
        "total": 17162
    },
    "percentage": {
        "ACTIVE": 94.51112923901643,
        "INACTIVE": 5.488870760983568,
        "INVALID": 0.0,
        "MALICIOUS": 0.0,
        "SANE": 0.0,
        "VALID": 0.0,
        "total": 100.0
    }
}