{
    "counter": {
        "ACTIVE": 12165,
        "INACTIVE": 3,
        "INVALID": 0,
        "MALICIOUS": 0,
        "SANE": 0,
        "VALID": 0,
        "total": 12168
    },
    "percentage": {
        "ACTIVE": 99.97534516765286,
        "INACTIVE": 0.04013914905004014,
        "INVALID": 0,
        "MALICIOUS": 0,
        "SANE": 0,
        "VALID": 0,
        "total": 100.0154843167029
    }
}