{
    "counter": {
        "ACTIVE": 11567,
        "INACTIVE": 11,
        "INVALID": 0,
        "MALICIOUS": 0,
        "SANE": 0,
        "VALID": 0,
        "total": 11578
    },
    "percentage": {
        "ACTIVE": 99.90499222663672,
        "INACTIVE": 0.10551558752997602,
        "INVALID": 0,
        "MALICIOUS": 0,
        "SANE": 0,
        "VALID": 0,
        "total": 100.0105078141667
    }
}