{
    "counter": {
        "ACTIVE": 8584,
        "INACTIVE": 1,
        "INVALID": 0,
        "MALICIOUS": 0,
        "SANE": 0,
        "VALID": 0,
        "total": 8585
    },
    "percentage": {
        "ACTIVE": 99.98835177635411,
        "INACTIVE": 0.018702075930428278,
        "INVALID": 0,
        "MALICIOUS": 0,
        "SANE": 0,
        "VALID": 0,
        "total": 100.00705385228454
    }
}