{
    "counter": {
        "ACTIVE": 13803,
        "INACTIVE": 6,
        "INVALID": 0,
        "MALICIOUS": 0,
        "SANE": 0,
        "VALID": 0,
        "total": 13809
    },
    "percentage": {
        "ACTIVE": 99.95655007603737,
        "INACTIVE": 0.04637501932292472,
        "INVALID": 0,
        "MALICIOUS": 0,
        "SANE": 0,
        "VALID": 0,
        "total": 100.0029250953603
    }
}