{
    "counter": {
        "ACTIVE": 12419,
        "INACTIVE": 36,
        "INVALID": 0,
        "MALICIOUS": 0,
        "SANE": 0,
        "VALID": 0,
        "total": 12455
    },
    "percentage": {
        "ACTIVE": 99.71095945403452,
        "INACTIVE": 0.31061259706643657,
        "INVALID": 0,
        "MALICIOUS": 0,
        "SANE": 0,
        "VALID": 0,
        "total": 100.02157205110096
    }
}