{
    "counter": {
        "ACTIVE": 10858,
        "INACTIVE": 8,
        "INVALID": 0,
        "MALICIOUS": 0,
        "SANE": 0,
        "VALID": 0,
        "total": 10866
    },
    "percentage": {
        "ACTIVE": 99.92637585127922,
        "INACTIVE": 0.09068238494672409,
        "INVALID": 0,
        "MALICIOUS": 0,
        "SANE": 0,
        "VALID": 0,
        "total": 100.01705823622594
    }
}