{
    "counter": {
        "ACTIVE": 16654,
        "INACTIVE": 970,
        "INVALID": 0,
        "MALICIOUS": 0,
        "SANE": 0,
        "VALID": 0,
        "total": 17624
    },
    "percentage": {
        "ACTIVE": 94.49614162505674,
        "INACTIVE": 5.503858374943259,
        "INVALID": 0.0,
        "MALICIOUS": 0.0,
        "SANE": 0.0,
        "VALID": 0.0,
        "total": 100.0
    }
}