{
    "counter": {
        "ACTIVE": 15990,
        "INACTIVE": 37,
        "INVALID": 0,
        "MALICIOUS": 0,
        "SANE": 0,
        "VALID": 0,
        "total": 16027
    },
    "percentage": {
        "ACTIVE": 99.76913957696388,
        "INACTIVE": 0.285010013865352,
        "INVALID": 0,
        "MALICIOUS": 0,
        "SANE": 0,
        "VALID": 0,
        "total": 100.05414959082923
    }
}