{
    "counter": {
        "ACTIVE": 17414,
        "INACTIVE": 27,
        "INVALID": 1,
        "MALICIOUS": 0,
        "SANE": 0,
        "VALID": 0,
        "total": 17442
    },
    "percentage": {
        "ACTIVE": 99.83946795092307,
        "INACTIVE": 0.15504766280004595,
        "INVALID": 0.0057405281285878304,
        "MALICIOUS": 0,
        "SANE": 0,
        "VALID": 0,
        "total": 100.0002561418517
    }
}