{
    "counter": {
        "ACTIVE": 9226,
        "INACTIVE": 35,
        "INVALID": 0,
        "MALICIOUS": 0,
        "SANE": 0,
        "VALID": 0,
        "total": 9261
    },
    "percentage": {
        "ACTIVE": 99.62207105064248,
        "INACTIVE": 0.44343088812872167,
        "INVALID": 0,
        "MALICIOUS": 0,
        "SANE": 0,
        "VALID": 0,
        "total": 100.06550193877119
    }
}