{
    "counter": {
        "ACTIVE": 16136,
        "INACTIVE": 2,
        "INVALID": 0,
        "MALICIOUS": 0,
        "SANE": 0,
        "VALID": 0,
        "total": 16138
    },
    "percentage": {
        "ACTIVE": 99.98760689056884,
        "INACTIVE": 0.012411567580985479,
        "INVALID": 0,
        "MALICIOUS": 0,
        "SANE": 0,
        "VALID": 0,
        "total": 100.00001845814982
    }
}