{
    "counter": {
        "ACTIVE": 15830,
        "INACTIVE": 7,
        "INVALID": 0,
        "MALICIOUS": 0,
        "SANE": 0,
        "VALID": 0,
        "total": 15837
    },
    "percentage": {
        "ACTIVE": 99.95579970954095,
        "INACTIVE": 0.04742868758045938,
        "INVALID": 0,
        "MALICIOUS": 0,
        "SANE": 0,
        "VALID": 0,
        "total": 100.00322839712142
    }
}