{
    "counter": {
        "ACTIVE": 12394,
        "INACTIVE": 8,
        "INVALID": 0,
        "MALICIOUS": 0,
        "SANE": 0,
        "VALID": 0,
        "total": 12402
    },
    "percentage": {
        "ACTIVE": 99.93549427511692,
        "INACTIVE": 0.10007505629221916,
        "INVALID": 0,
        "MALICIOUS": 0,
        "SANE": 0,
        "VALID": 0,
        "total": 100.03556933140914
    }
}