{
    "counter": {
        "ACTIVE": 18867,
        "INACTIVE": 2,
        "INVALID": 0,
        "MALICIOUS": 0,
        "SANE": 0,
        "VALID": 0,
        "total": 18869
    },
    "percentage": {
        "ACTIVE": 99.98940060416557,
        "INACTIVE": 0.010599395834437437,
        "INVALID": 0.0,
        "MALICIOUS": 0.0,
        "SANE": 0.0,
        "VALID": 0.0,
        "total": 100.0
    }
}