{
    "counter": {
        "ACTIVE": 13592,
        "INACTIVE": 3,
        "INVALID": 0,
        "MALICIOUS": 0,
        "SANE": 0,
        "VALID": 0,
        "total": 13595
    },
    "percentage": {
        "ACTIVE": 99.97793306362634,
        "INACTIVE": 0.023921537357467507,
        "INVALID": 0,
        "MALICIOUS": 0,
        "SANE": 0,
        "VALID": 0,
        "total": 100.0018546009838
    }
}