{
    "counter": {
        "ACTIVE": 9532,
        "INACTIVE": 11,
        "INVALID": 0,
        "MALICIOUS": 0,
        "SANE": 0,
        "VALID": 0,
        "total": 9543
    },
    "percentage": {
        "ACTIVE": 99.88473226448706,
        "INACTIVE": 0.11526773551294142,
        "INVALID": 0.0,
        "MALICIOUS": 0.0,
        "SANE": 0.0,
        "VALID": 0.0,
        "total": 100.0
    }
}