{
    "counter": {
        "ACTIVE": 14119,
        "INACTIVE": 2,
        "INVALID": 0,
        "MALICIOUS": 0,
        "SANE": 0,
        "VALID": 0,
        "total": 14121
    },
    "percentage": {
        "ACTIVE": 99.98583669711776,
        "INACTIVE": 0.04096681687832855,
        "INVALID": 0,
        "MALICIOUS": 0,
        "SANE": 0,
        "VALID": 0,
        "total": 100.02680351399609
    }
}