{
    "counter": {
        "ACTIVE": 251030,
        "INACTIVE": 14,
        "INVALID": 0,
        "MALICIOUS": 0,
        "SANE": 0,
        "VALID": 0,
        "total": 251044
    },
    "percentage": {
        "ACTIVE": 99.99442328834786,
        "INACTIVE": 0.006299212598425197,
        "INVALID": 0,
        "MALICIOUS": 0,
        "SANE": 0,
        "VALID": 0,
        "total": 100.00072250094628
    }
}