{
    "counter": {
        "ACTIVE": 12050,
        "INACTIVE": 27,
        "INVALID": 0,
        "MALICIOUS": 0,
        "SANE": 0,
        "VALID": 0,
        "total": 12077
    },
    "percentage": {
        "ACTIVE": 99.7764345450029,
        "INACTIVE": 0.25800286669851885,
        "INVALID": 0,
        "MALICIOUS": 0,
        "SANE": 0,
        "VALID": 0,
        "total": 100.03443741170142
    }
}