{
    "counter": {
        "ACTIVE": 11940,
        "INACTIVE": 5,
        "INVALID": 0,
        "MALICIOUS": 0,
        "SANE": 0,
        "VALID": 0,
        "total": 11945
    },
    "percentage": {
        "ACTIVE": 99.95814148179154,
        "INACTIVE": 0.05041847332862761,
        "INVALID": 0,
        "MALICIOUS": 0,
        "SANE": 0,
        "VALID": 0,
        "total": 100.00855995512018
    }
}