{
    "counter": {
        "ACTIVE": 12519,
        "INACTIVE": 4,
        "INVALID": 0,
        "MALICIOUS": 0,
        "SANE": 0,
        "VALID": 0,
        "total": 12523
    },
    "percentage": {
        "ACTIVE": 99.96805877185977,
        "INACTIVE": 0.040539170973953584,
        "INVALID": 0,
        "MALICIOUS": 0,
        "SANE": 0,
        "VALID": 0,
        "total": 100.00859794283373
    }
}