{
    "counter": {
        "ACTIVE": 7250,
        "INACTIVE": 47,
        "INVALID": 0,
        "MALICIOUS": 0,
        "SANE": 0,
        "VALID": 0,
        "total": 7297
    },
    "percentage": {
        "ACTIVE": 99.35589968480197,
        "INACTIVE": 0.6526871267879462,
        "INVALID": 0,
        "MALICIOUS": 0,
        "SANE": 0,
        "VALID": 0,
        "total": 100.00858681158992
    }
}