{
    "counter": {
        "ACTIVE": 14473,
        "INACTIVE": 42,
        "INVALID": 0,
        "MALICIOUS": 0,
        "SANE": 0,
        "VALID": 0,
        "total": 14515
    },
    "percentage": {
        "ACTIVE": 99.71064416121254,
        "INACTIVE": 0.3643935450286309,
        "INVALID": 0,
        "MALICIOUS": 0,
        "SANE": 0,
        "VALID": 0,
        "total": 100.07503770624118
    }
}