{
    "counter": {
        "ACTIVE": 15608,
        "INACTIVE": 6,
        "INVALID": 0,
        "MALICIOUS": 0,
        "SANE": 0,
        "VALID": 0,
        "total": 15614
    },
    "percentage": {
        "ACTIVE": 99.96157294735494,
        "INACTIVE": 0.08389261744966443,
        "INVALID": 0,
        "MALICIOUS": 0,
        "SANE": 0,
        "VALID": 0,
        "total": 100.0454655648046
    }
}