{
    "counter": {
        "ACTIVE": 6637,
        "INACTIVE": 2,
        "INVALID": 0,
        "MALICIOUS": 0,
        "SANE": 0,
        "VALID": 0,
        "total": 6639
    },
    "percentage": {
        "ACTIVE": 99.96987498117187,
        "INACTIVE": 0.03471017007983339,
        "INVALID": 0,
        "MALICIOUS": 0,
        "SANE": 0,
        "VALID": 0,
        "total": 100.0045851512517
    }
}