{
    "counter": {
        "ACTIVE": 9297,
        "INACTIVE": 2,
        "INVALID": 0,
        "MALICIOUS": 0,
        "SANE": 0,
        "VALID": 0,
        "total": 9299
    },
    "percentage": {
        "ACTIVE": 99.97849231100118,
        "INACTIVE": 0.03471017007983339,
        "INVALID": 0,
        "MALICIOUS": 0,
        "SANE": 0,
        "VALID": 0,
        "total": 100.01320248108101
    }
}