{
    "counter": {
        "ACTIVE": 41571,
        "INACTIVE": 6,
        "INVALID": 0,
        "MALICIOUS": 0,
        "SANE": 0,
        "VALID": 0,
        "total": 41577
    },
    "percentage": {
        "ACTIVE": 99.98556894436828,
        "INACTIVE": 0.0205761316872428,
        "INVALID": 0,
        "MALICIOUS": 0,
        "SANE": 0,
        "VALID": 0,
        "total": 100.00614507605553
    }
}