{
    "counter": {
        "ACTIVE": 14274,
        "INACTIVE": 24,
        "INVALID": 0,
        "MALICIOUS": 0,
        "SANE": 0,
        "VALID": 0,
        "total": 14298
    },
    "percentage": {
        "ACTIVE": 99.83214435585397,
        "INACTIVE": 0.21407546160021407,
        "INVALID": 0,
        "MALICIOUS": 0,
        "SANE": 0,
        "VALID": 0,
        "total": 100.04621981745419
    }
}