{
    "counter": {
        "ACTIVE": 17042,
        "INACTIVE": 555,
        "INVALID": 0,
        "MALICIOUS": 0,
        "SANE": 0,
        "VALID": 0,
        "total": 17597
    },
    "percentage": {
        "ACTIVE": 96.84605330454055,
        "INACTIVE": 3.162032816773017,
        "INVALID": 0,
        "MALICIOUS": 0,
        "SANE": 0,
        "VALID": 0,
        "total": 100.00808612131357
    }
}