{
    "counter": {
        "ACTIVE": 10060,
        "INACTIVE": 4,
        "INVALID": 0,
        "MALICIOUS": 0,
        "SANE": 0,
        "VALID": 0,
        "total": 10064
    },
    "percentage": {
        "ACTIVE": 99.96025437201908,
        "INACTIVE": 0.040724903278354714,
        "INVALID": 0,
        "MALICIOUS": 0,
        "SANE": 0,
        "VALID": 0,
        "total": 100.00097927529744
    }
}