{
    "counter": {
        "ACTIVE": 2993,
        "INACTIVE": 2,
        "INVALID": 0,
        "MALICIOUS": 0,
        "SANE": 0,
        "VALID": 0,
        "total": 2995
    },
    "percentage": {
        "ACTIVE": 99.93322203672788,
        "INACTIVE": 0.11771630370806356,
        "INVALID": 0,
        "MALICIOUS": 0,
        "SANE": 0,
        "VALID": 0,
        "total": 100.05093834043595
    }
}