{
    "counter": {
        "ACTIVE": 16716,
        "INACTIVE": 990,
        "INVALID": 0,
        "MALICIOUS": 0,
        "SANE": 0,
        "VALID": 0,
        "total": 17706
    },
    "percentage": {
        "ACTIVE": 94.4086750254151,
        "INACTIVE": 5.591324974584887,
        "INVALID": 0.0,
        "MALICIOUS": 0.0,
        "SANE": 0.0,
        "VALID": 0.0,
        "total": 100.0
    }
}