{
    "counter": {
        "ACTIVE": 9631,
        "INACTIVE": 21,
        "INVALID": 0,
        "MALICIOUS": 0,
        "SANE": 0,
        "VALID": 0,
        "total": 9652
    },
    "percentage": {
        "ACTIVE": 99.78242851222545,
        "INACTIVE": 0.2347417840375587,
        "INVALID": 0,
        "MALICIOUS": 0,
        "SANE": 0,
        "VALID": 0,
        "total": 100.017170296263
    }
}