{
    "counter": {
        "ACTIVE": 6796,
        "INACTIVE": 18,
        "INVALID": 0,
        "MALICIOUS": 0,
        "SANE": 0,
        "VALID": 0,
        "total": 6814
    },
    "percentage": {
        "ACTIVE": 99.73583798062812,
        "INACTIVE": 0.276327909118821,
        "INVALID": 0,
        "MALICIOUS": 0,
        "SANE": 0,
        "VALID": 0,
        "total": 100.01216588974694
    }
}