{
    "counter": {
        "ACTIVE": 15201,
        "INACTIVE": 7,
        "INVALID": 0,
        "MALICIOUS": 0,
        "SANE": 0,
        "VALID": 0,
        "total": 15208
    },
    "percentage": {
        "ACTIVE": 99.95397159389795,
        "INACTIVE": 0.06162514305836781,
        "INVALID": 0,
        "MALICIOUS": 0,
        "SANE": 0,
        "VALID": 0,
        "total": 100.01559673695631
    }
}