{
    "counter": {
        "ACTIVE": 17209,
        "INACTIVE": 11,
        "INVALID": 0,
        "MALICIOUS": 0,
        "SANE": 0,
        "VALID": 0,
        "total": 17220
    },
    "percentage": {
        "ACTIVE": 99.93612078977932,
        "INACTIVE": 0.06387921022067364,
        "INVALID": 0.0,
        "MALICIOUS": 0.0,
        "SANE": 0.0,
        "VALID": 0.0,
        "total": 100.0
    }
}