{
    "counter": {
        "ACTIVE": 2988,
        "INACTIVE": 6,
        "INVALID": 0,
        "MALICIOUS": 0,
        "SANE": 0,
        "VALID": 0,
        "total": 2994
    },
    "percentage": {
        "ACTIVE": 99.79959919839679,
        "INACTIVE": 0.20236087689713322,
        "INVALID": 0,
        "MALICIOUS": 0,
        "SANE": 0,
        "VALID": 0,
        "total": 100.00196007529392
    }
}