{
    "counter": {
        "ACTIVE": 13836,
        "INACTIVE": 5,
        "INVALID": 0,
        "MALICIOUS": 0,
        "SANE": 0,
        "VALID": 0,
        "total": 13841
    },
    "percentage": {
        "ACTIVE": 99.96387544252583,
        "INACTIVE": 0.04423604352826683,
        "INVALID": 0,
        "MALICIOUS": 0,
        "SANE": 0,
        "VALID": 0,
        "total": 100.0081114860541
    }
}