{
    "counter": {
        "ACTIVE": 14959,
        "INACTIVE": 6,
        "INVALID": 0,
        "MALICIOUS": 0,
        "SANE": 0,
        "VALID": 0,
        "total": 14965
    },
    "percentage": {
        "ACTIVE": 99.95990644837956,
        "INACTIVE": 0.040499493756328046,
        "INVALID": 0,
        "MALICIOUS": 0,
        "SANE": 0,
        "VALID": 0,
        "total": 100.00040594213588
    }
}