{
    "counter": {
        "ACTIVE": 12096,
        "INACTIVE": 18,
        "INVALID": 0,
        "MALICIOUS": 0,
        "SANE": 0,
        "VALID": 0,
        "total": 12114
    },
    "percentage": {
        "ACTIVE": 99.85141158989599,
        "INACTIVE": 0.1492908683752177,
        "INVALID": 0,
        "MALICIOUS": 0,
        "SANE": 0,
        "VALID": 0,
        "total": 100.0007024582712
    }
}