{
    "counter": {
        "ACTIVE": 18836,
        "INACTIVE": 2,
        "INVALID": 0,
        "MALICIOUS": 0,
        "SANE": 0,
        "VALID": 0,
        "total": 18838
    },
    "percentage": {
        "ACTIVE": 99.98938316169445,
        "INACTIVE": 0.010616838305552606,
        "INVALID": 0.0,
        "MALICIOUS": 0.0,
        "SANE": 0.0,
        "VALID": 0.0,
        "total": 100.0
    }
}