{
    "counter": {
        "ACTIVE": 16182,
        "INACTIVE": 3,
        "INVALID": 0,
        "MALICIOUS": 0,
        "SANE": 0,
        "VALID": 0,
        "total": 16185
    },
    "percentage": {
        "ACTIVE": 99.98146431881372,
        "INACTIVE": 0.019214756933324792,
        "INVALID": 0,
        "MALICIOUS": 0,
        "SANE": 0,
        "VALID": 0,
        "total": 100.00067907574704
    }
}