{
    "counter": {
        "ACTIVE": 15416,
        "INACTIVE": 44,
        "INVALID": 0,
        "MALICIOUS": 0,
        "SANE": 0,
        "VALID": 0,
        "total": 15460
    },
    "percentage": {
        "ACTIVE": 99.71539456662354,
        "INACTIVE": 0.28543626337982486,
        "INVALID": 0,
        "MALICIOUS": 0,
        "SANE": 0,
        "VALID": 0,
        "total": 100.00083083000337
    }
}