{
    "counter": {
        "ACTIVE": 14763,
        "INACTIVE": 3,
        "INVALID": 0,
        "MALICIOUS": 0,
        "SANE": 0,
        "VALID": 0,
        "total": 14766
    },
    "percentage": {
        "ACTIVE": 99.97968305566843,
        "INACTIVE": 0.03944254535892716,
        "INVALID": 0,
        "MALICIOUS": 0,
        "SANE": 0,
        "VALID": 0,
        "total": 100.01912560102735
    }
}