{
    "counter": {
        "ACTIVE": 15956,
        "INACTIVE": 37,
        "INVALID": 0,
        "MALICIOUS": 0,
        "SANE": 0,
        "VALID": 0,
        "total": 15993
    },
    "percentage": {
        "ACTIVE": 99.76864878384293,
        "INACTIVE": 0.2333795887473193,
        "INVALID": 0,
        "MALICIOUS": 0,
        "SANE": 0,
        "VALID": 0,
        "total": 100.00202837259026
    }
}