{
    "counter": {
        "ACTIVE": 14636,
        "INACTIVE": 4,
        "INVALID": 0,
        "MALICIOUS": 0,
        "SANE": 0,
        "VALID": 0,
        "total": 14640
    },
    "percentage": {
        "ACTIVE": 99.97267759562841,
        "INACTIVE": 0.06608293408227325,
        "INVALID": 0,
        "MALICIOUS": 0,
        "SANE": 0,
        "VALID": 0,
        "total": 100.03876052971069
    }
}