{
    "counter": {
        "ACTIVE": 16721,
        "INACTIVE": 5,
        "INVALID": 0,
        "MALICIOUS": 0,
        "SANE": 0,
        "VALID": 0,
        "total": 16726
    },
    "percentage": {
        "ACTIVE": 99.97010642114074,
        "INACTIVE": 0.03375869286341233,
        "INVALID": 0,
        "MALICIOUS": 0,
        "SANE": 0,
        "VALID": 0,
        "total": 100.00386511400416
    }
}