{
    "counter": {
        "ACTIVE": 2064,
        "INACTIVE": 2,
        "INVALID": 0,
        "MALICIOUS": 0,
        "SANE": 0,
        "VALID": 0,
        "total": 2066
    },
    "percentage": {
        "ACTIVE": 99.90319457889642,
        "INACTIVE": 0.1179245283018868,
        "INVALID": 0,
        "MALICIOUS": 0,
        "SANE": 0,
        "VALID": 0,
        "total": 100.0211191071983
    }
}