{
    "counter": {
        "ACTIVE": 15174,
        "INACTIVE": 15,
        "INVALID": 0,
        "MALICIOUS": 0,
        "SANE": 0,
        "VALID": 0,
        "total": 15189
    },
    "percentage": {
        "ACTIVE": 99.90124432154849,
        "INACTIVE": 0.12573344509639564,
        "INVALID": 0,
        "MALICIOUS": 0,
        "SANE": 0,
        "VALID": 0,
        "total": 100.02697776664489
    }
}