{
    "counter": {
        "ACTIVE": 138078,
        "INACTIVE": 36,
        "INVALID": 1,
        "MALICIOUS": 0,
        "SANE": 0,
        "VALID": 0,
        "total": 138115
    },
    "percentage": {
        "ACTIVE": 99.97321073018861,
        "INACTIVE": 0.1837953744830755,
        "INVALID": 0.010577533319229955,
        "MALICIOUS": 0,
        "SANE": 0,
        "VALID": 0,
        "total": 100.16758363799092
    }
}