{
    "counter": {
        "ACTIVE": 34983,
        "INACTIVE": 6,
        "INVALID": 0,
        "MALICIOUS": 0,
        "SANE": 0,
        "VALID": 0,
        "total": 34989
    },
    "percentage": {
        "ACTIVE": 99.98285175340821,
        "INACTIVE": 0.0205761316872428,
        "INVALID": 0,
        "MALICIOUS": 0,
        "SANE": 0,
        "VALID": 0,
        "total": 100.00342788509546
    }
}