{
    "counter": {
        "ACTIVE": 11445,
        "INACTIVE": 35,
        "INVALID": 0,
        "MALICIOUS": 0,
        "SANE": 0,
        "VALID": 0,
        "total": 11480
    },
    "percentage": {
        "ACTIVE": 99.6951219512195,
        "INACTIVE": 0.44343088812872167,
        "INVALID": 0,
        "MALICIOUS": 0,
        "SANE": 0,
        "VALID": 0,
        "total": 100.13855283934822
    }
}