{
    "counter": {
        "ACTIVE": 223562,
        "INACTIVE": 14,
        "INVALID": 0,
        "MALICIOUS": 0,
        "SANE": 0,
        "VALID": 0,
        "total": 223576
    },
    "percentage": {
        "ACTIVE": 99.99373814720721,
        "INACTIVE": 0.006299212598425197,
        "INVALID": 0,
        "MALICIOUS": 0,
        "SANE": 0,
        "VALID": 0,
        "total": 100.00003735980563
    }
}