{
    "counter": {
        "ACTIVE": 27790,
        "INACTIVE": 3,
        "INVALID": 0,
        "MALICIOUS": 0,
        "SANE": 0,
        "VALID": 0,
        "total": 27793
    },
    "percentage": {
        "ACTIVE": 99.9892059151585,
        "INACTIVE": 0.02059732234809475,
        "INVALID": 0,
        "MALICIOUS": 0,
        "SANE": 0,
        "VALID": 0,
        "total": 100.00980323750659
    }
}