{
    "counter": {
        "ACTIVE": 15892,
        "INACTIVE": 37,
        "INVALID": 0,
        "MALICIOUS": 0,
        "SANE": 0,
        "VALID": 0,
        "total": 15929
    },
    "percentage": {
        "ACTIVE": 99.76771925419047,
        "INACTIVE": 0.285010013865352,
        "INVALID": 0,
        "MALICIOUS": 0,
        "SANE": 0,
        "VALID": 0,
        "total": 100.05272926805581
    }
}