{
    "counter": {
        "ACTIVE": 14516,
        "INACTIVE": 3,
        "INVALID": 0,
        "MALICIOUS": 0,
        "SANE": 0,
        "VALID": 0,
        "total": 14519
    },
    "percentage": {
        "ACTIVE": 99.9793374199325,
        "INACTIVE": 0.05185825410544512,
        "INVALID": 0,
        "MALICIOUS": 0,
        "SANE": 0,
        "VALID": 0,
        "total": 100.03119567403795
    }
}