{
    "counter": {
        "ACTIVE": 10004,
        "INACTIVE": 11,
        "INVALID": 0,
        "MALICIOUS": 0,
        "SANE": 0,
        "VALID": 0,
        "total": 10015
    },
    "percentage": {
        "ACTIVE": 99.89016475287069,
        "INACTIVE": 0.1469017094017094,
        "INVALID": 0,
        "MALICIOUS": 0,
        "SANE": 0,
        "VALID": 0,
        "total": 100.03706646227239
    }
}