{
    "counter": {
        "ACTIVE": 294187,
        "INACTIVE": 14,
        "INVALID": 0,
        "MALICIOUS": 0,
        "SANE": 0,
        "VALID": 0,
        "total": 294201
    },
    "percentage": {
        "ACTIVE": 99.99524134860181,
        "INACTIVE": 0.006299212598425197,
        "INVALID": 0,
        "MALICIOUS": 0,
        "SANE": 0,
        "VALID": 0,
        "total": 100.00154056120023
    }
}