{
    "counter": {
        "ACTIVE": 5409,
        "INACTIVE": 12,
        "INVALID": 0,
        "MALICIOUS": 0,
        "SANE": 0,
        "VALID": 0,
        "total": 5421
    },
    "percentage": {
        "ACTIVE": 99.77863862755949,
        "INACTIVE": 0.2661343978709248,
        "INVALID": 0,
        "MALICIOUS": 0,
        "SANE": 0,
        "VALID": 0,
        "total": 100.04477302543042
    }
}