{
    "counter": {
        "ACTIVE": 12627,
        "INACTIVE": 5,
        "INVALID": 0,
        "MALICIOUS": 0,
        "SANE": 0,
        "VALID": 0,
        "total": 12632
    },
    "percentage": {
        "ACTIVE": 99.96041798606713,
        "INACTIVE": 0.05041847332862761,
        "INVALID": 0,
        "MALICIOUS": 0,
        "SANE": 0,
        "VALID": 0,
        "total": 100.01083645939576
    }
}