{
    "counter": {
        "ACTIVE": 4194,
        "INACTIVE": 1,
        "INVALID": 0,
        "MALICIOUS": 0,
        "SANE": 0,
        "VALID": 0,
        "total": 4195
    },
    "percentage": {
        "ACTIVE": 99.9761620977354,
        "INACTIVE": 0.03772161448509996,
        "INVALID": 0,
        "MALICIOUS": 0,
        "SANE": 0,
        "VALID": 0,
        "total": 100.01388371222049
    }
}