{
    "counter": {
        "ACTIVE": 15654,
        "INACTIVE": 8,
        "INVALID": 0,
        "MALICIOUS": 0,
        "SANE": 0,
        "VALID": 0,
        "total": 15662
    },
    "percentage": {
        "ACTIVE": 99.94892095517814,
        "INACTIVE": 0.06608293408227325,
        "INVALID": 0,
        "MALICIOUS": 0,
        "SANE": 0,
        "VALID": 0,
        "total": 100.01500388926041
    }
}