{
    "counter": {
        "ACTIVE": 13441,
        "INACTIVE": 30,
        "INVALID": 0,
        "MALICIOUS": 0,
        "SANE": 0,
        "VALID": 0,
        "total": 13471
    },
    "percentage": {
        "ACTIVE": 99.77729938386163,
        "INACTIVE": 0.24923153609703413,
        "INVALID": 0,
        "MALICIOUS": 0,
        "SANE": 0,
        "VALID": 0,
        "total": 100.02653091995866
    }
}