{
    "counter": {
        "ACTIVE": 16153,
        "INACTIVE": 15,
        "INVALID": 0,
        "MALICIOUS": 0,
        "SANE": 0,
        "VALID": 0,
        "total": 16168
    },
    "percentage": {
        "ACTIVE": 99.90722414646214,
        "INACTIVE": 0.09345212136315495,
        "INVALID": 0,
        "MALICIOUS": 0,
        "SANE": 0,
        "VALID": 0,
        "total": 100.0006762678253
    }
}