{
    "counter": {
        "ACTIVE": 15496,
        "INACTIVE": 3,
        "INVALID": 0,
        "MALICIOUS": 0,
        "SANE": 0,
        "VALID": 0,
        "total": 15499
    },
    "percentage": {
        "ACTIVE": 99.98064391251049,
        "INACTIVE": 0.020344500203445002,
        "INVALID": 0,
        "MALICIOUS": 0,
        "SANE": 0,
        "VALID": 0,
        "total": 100.00098841271394
    }
}