{
    "counter": {
        "ACTIVE": 16018,
        "INACTIVE": 4,
        "INVALID": 0,
        "MALICIOUS": 0,
        "SANE": 0,
        "VALID": 0,
        "total": 16022
    },
    "percentage": {
        "ACTIVE": 99.97503432779928,
        "INACTIVE": 0.02615233736515201,
        "INVALID": 0,
        "MALICIOUS": 0,
        "SANE": 0,
        "VALID": 0,
        "total": 100.00118666516443
    }
}