{
    "counter": {
        "ACTIVE": 15658,
        "INACTIVE": 5,
        "INVALID": 0,
        "MALICIOUS": 0,
        "SANE": 0,
        "VALID": 0,
        "total": 15663
    },
    "percentage": {
        "ACTIVE": 99.96807763519122,
        "INACTIVE": 0.04475875033569063,
        "INVALID": 0,
        "MALICIOUS": 0,
        "SANE": 0,
        "VALID": 0,
        "total": 100.01283638552691
    }
}