{
    "counter": {
        "ACTIVE": 16951,
        "INACTIVE": 33,
        "INVALID": 0,
        "MALICIOUS": 0,
        "SANE": 0,
        "VALID": 0,
        "total": 16984
    },
    "percentage": {
        "ACTIVE": 99.80569948186529,
        "INACTIVE": 0.19433484482657087,
        "INVALID": 0,
        "MALICIOUS": 0,
        "SANE": 0,
        "VALID": 0,
        "total": 100.00003432669186
    }
}