{
    "counter": {
        "ACTIVE": 15484,
        "INACTIVE": 5,
        "INVALID": 0,
        "MALICIOUS": 0,
        "SANE": 0,
        "VALID": 0,
        "total": 15489
    },
    "percentage": {
        "ACTIVE": 99.96771902640583,
        "INACTIVE": 0.05283178360101437,
        "INVALID": 0,
        "MALICIOUS": 0,
        "SANE": 0,
        "VALID": 0,
        "total": 100.02055081000684
    }
}