{
    "counter": {
        "ACTIVE": 12113,
        "INACTIVE": 41,
        "INVALID": 0,
        "MALICIOUS": 0,
        "SANE": 0,
        "VALID": 0,
        "total": 12154
    },
    "percentage": {
        "ACTIVE": 99.66266249794306,
        "INACTIVE": 0.33895502645502645,
        "INVALID": 0,
        "MALICIOUS": 0,
        "SANE": 0,
        "VALID": 0,
        "total": 100.00161752439809
    }
}