{
    "counter": {
        "ACTIVE": 15936,
        "INACTIVE": 47,
        "INVALID": 0,
        "MALICIOUS": 0,
        "SANE": 0,
        "VALID": 0,
        "total": 15983
    },
    "percentage": {
        "ACTIVE": 99.70593755865607,
        "INACTIVE": 0.35522636233088956,
        "INVALID": 0,
        "MALICIOUS": 0,
        "SANE": 0,
        "VALID": 0,
        "total": 100.06116392098697
    }
}