{
    "counter": {
        "ACTIVE": 14737,
        "INACTIVE": 42,
        "INVALID": 0,
        "MALICIOUS": 0,
        "SANE": 0,
        "VALID": 0,
        "total": 14779
    },
    "percentage": {
        "ACTIVE": 99.71581297787401,
        "INACTIVE": 0.3643935450286309,
        "INVALID": 0,
        "MALICIOUS": 0,
        "SANE": 0,
        "VALID": 0,
        "total": 100.08020652290264
    }
}