{
    "counter": {
        "ACTIVE": 187997,
        "INACTIVE": 13,
        "INVALID": 0,
        "MALICIOUS": 0,
        "SANE": 0,
        "VALID": 0,
        "total": 188010
    },
    "percentage": {
        "ACTIVE": 99.99308547417691,
        "INACTIVE": 0.010932086514850819,
        "INVALID": 0,
        "MALICIOUS": 0,
        "SANE": 0,
        "VALID": 0,
        "total": 100.00401756069176
    }
}