{
    "counter": {
        "ACTIVE": 15161,
        "INACTIVE": 6,
        "INVALID": 0,
        "MALICIOUS": 0,
        "SANE": 0,
        "VALID": 0,
        "total": 15167
    },
    "percentage": {
        "ACTIVE": 99.96044042988066,
        "INACTIVE": 0.041379310344827586,
        "INVALID": 0,
        "MALICIOUS": 0,
        "SANE": 0,
        "VALID": 0,
        "total": 100.00181974022549
    }
}