{
    "counter": {
        "ACTIVE": 172353,
        "INACTIVE": 13,
        "INVALID": 0,
        "MALICIOUS": 0,
        "SANE": 0,
        "VALID": 0,
        "total": 172366
    },
    "percentage": {
        "ACTIVE": 99.99245790933247,
        "INACTIVE": 0.010932086514850819,
        "INVALID": 0,
        "MALICIOUS": 0,
        "SANE": 0,
        "VALID": 0,
        "total": 100.00338999584733
    }
}