{
    "counter": {
        "ACTIVE": 16526,
        "INACTIVE": 15,
        "INVALID": 0,
        "MALICIOUS": 0,
        "SANE": 0,
        "VALID": 0,
        "total": 16541
    },
    "percentage": {
        "ACTIVE": 99.9093162444834,
        "INACTIVE": 0.11337868480725624,
        "INVALID": 0,
        "MALICIOUS": 0,
        "SANE": 0,
        "VALID": 0,
        "total": 100.02269492929067
    }
}