{
    "counter": {
        "ACTIVE": 18882,
        "INACTIVE": 14,
        "INVALID": 0,
        "MALICIOUS": 0,
        "SANE": 0,
        "VALID": 0,
        "total": 18896
    },
    "percentage": {
        "ACTIVE": 99.92591024555462,
        "INACTIVE": 0.07408975444538526,
        "INVALID": 0.0,
        "MALICIOUS": 0.0,
        "SANE": 0.0,
        "VALID": 0.0,
        "total": 100.0
    }
}