{
    "counter": {
        "ACTIVE": 16842,
        "INACTIVE": 7,
        "INVALID": 0,
        "MALICIOUS": 0,
        "SANE": 0,
        "VALID": 0,
        "total": 16849
    },
    "percentage": {
        "ACTIVE": 99.95845450768591,
        "INACTIVE": 0.059427795228797015,
        "INVALID": 0,
        "MALICIOUS": 0,
        "SANE": 0,
        "VALID": 0,
        "total": 100.01788230291471
    }
}