{
    "counter": {
        "ACTIVE": 16103,
        "INACTIVE": 5,
        "INVALID": 0,
        "MALICIOUS": 0,
        "SANE": 0,
        "VALID": 0,
        "total": 16108
    },
    "percentage": {
        "ACTIVE": 99.96895952321827,
        "INACTIVE": 0.031079065141720538,
        "INVALID": 0,
        "MALICIOUS": 0,
        "SANE": 0,
        "VALID": 0,
        "total": 100.00003858836
    }
}