{
    "counter": {
        "ACTIVE": 15251,
        "INACTIVE": 6,
        "INVALID": 0,
        "MALICIOUS": 0,
        "SANE": 0,
        "VALID": 0,
        "total": 15257
    },
    "percentage": {
        "ACTIVE": 99.96067378908042,
        "INACTIVE": 0.048967599771484537,
        "INVALID": 0,
        "MALICIOUS": 0,
        "SANE": 0,
        "VALID": 0,
        "total": 100.0096413888519
    }
}