{
    "counter": {
        "ACTIVE": 291204,
        "INACTIVE": 14,
        "INVALID": 0,
        "MALICIOUS": 0,
        "SANE": 0,
        "VALID": 0,
        "total": 291218
    },
    "percentage": {
        "ACTIVE": 99.99519260485272,
        "INACTIVE": 0.006299212598425197,
        "INVALID": 0,
        "MALICIOUS": 0,
        "SANE": 0,
        "VALID": 0,
        "total": 100.00149181745114
    }
}