{
    "counter": {
        "ACTIVE": 243181,
        "INACTIVE": 14,
        "INVALID": 0,
        "MALICIOUS": 0,
        "SANE": 0,
        "VALID": 0,
        "total": 243195
    },
    "percentage": {
        "ACTIVE": 99.99424330269947,
        "INACTIVE": 0.006299212598425197,
        "INVALID": 0,
        "MALICIOUS": 0,
        "SANE": 0,
        "VALID": 0,
        "total": 100.0005425152979
    }
}