{
    "counter": {
        "ACTIVE": 14832,
        "INACTIVE": 4,
        "INVALID": 0,
        "MALICIOUS": 0,
        "SANE": 0,
        "VALID": 0,
        "total": 14836
    },
    "percentage": {
        "ACTIVE": 99.97303855486653,
        "INACTIVE": 0.4048582995951417,
        "INVALID": 0,
        "MALICIOUS": 0,
        "SANE": 0,
        "VALID": 0,
        "total": 100.37789685446168
    }
}