{
    "counter": {
        "ACTIVE": 4858,
        "INACTIVE": 9,
        "INVALID": 0,
        "MALICIOUS": 0,
        "SANE": 0,
        "VALID": 0,
        "total": 4867
    },
    "percentage": {
        "ACTIVE": 99.81508115882474,
        "INACTIVE": 0.18575851393188855,
        "INVALID": 0,
        "MALICIOUS": 0,
        "SANE": 0,
        "VALID": 0,
        "total": 100.00083967275663
    }
}