{
    "counter": {
        "ACTIVE": 7519,
        "INACTIVE": 19,
        "INVALID": 0,
        "MALICIOUS": 0,
        "SANE": 0,
        "VALID": 0,
        "total": 7538
    },
    "percentage": {
        "ACTIVE": 99.74794375165827,
        "INACTIVE": 0.2647345687613209,
        "INVALID": 0,
        "MALICIOUS": 0,
        "SANE": 0,
        "VALID": 0,
        "total": 100.0126783204196
    }
}