{
    "counter": {
        "ACTIVE": 18863,
        "INACTIVE": 2,
        "INVALID": 0,
        "MALICIOUS": 0,
        "SANE": 0,
        "VALID": 0,
        "total": 18865
    },
    "percentage": {
        "ACTIVE": 99.9893983567453,
        "INACTIVE": 0.010601643254704479,
        "INVALID": 0.0,
        "MALICIOUS": 0.0,
        "SANE": 0.0,
        "VALID": 0.0,
        "total": 100.0
    }
}