{
    "counter": {
        "ACTIVE": 16718,
        "INACTIVE": 15,
        "INVALID": 0,
        "MALICIOUS": 0,
        "SANE": 0,
        "VALID": 0,
        "total": 16733
    },
    "percentage": {
        "ACTIVE": 99.91035678001553,
        "INACTIVE": 0.09531071292413268,
        "INVALID": 0,
        "MALICIOUS": 0,
        "SANE": 0,
        "VALID": 0,
        "total": 100.00566749293966
    }
}