{
    "counter": {
        "ACTIVE": 15829,
        "INACTIVE": 7,
        "INVALID": 0,
        "MALICIOUS": 0,
        "SANE": 0,
        "VALID": 0,
        "total": 15836
    },
    "percentage": {
        "ACTIVE": 99.95579691841374,
        "INACTIVE": 0.04742868758045938,
        "INVALID": 0,
        "MALICIOUS": 0,
        "SANE": 0,
        "VALID": 0,
        "total": 100.0032256059942
    }
}