{
    "counter": {
        "ACTIVE": 13072,
        "INACTIVE": 31,
        "INVALID": 0,
        "MALICIOUS": 0,
        "SANE": 0,
        "VALID": 0,
        "total": 13103
    },
    "percentage": {
        "ACTIVE": 99.76341295886438,
        "INACTIVE": 0.24073930263260077,
        "INVALID": 0,
        "MALICIOUS": 0,
        "SANE": 0,
        "VALID": 0,
        "total": 100.00415226149698
    }
}