{
    "counter": {
        "ACTIVE": 15111,
        "INACTIVE": 2,
        "INVALID": 0,
        "MALICIOUS": 0,
        "SANE": 0,
        "VALID": 0,
        "total": 15113
    },
    "percentage": {
        "ACTIVE": 99.98676636008734,
        "INACTIVE": 0.01646090534979424,
        "INVALID": 0,
        "MALICIOUS": 0,
        "SANE": 0,
        "VALID": 0,
        "total": 100.00322726543713
    }
}