{
    "counter": {
        "ACTIVE": 59632,
        "INACTIVE": 6,
        "INVALID": 0,
        "MALICIOUS": 0,
        "SANE": 0,
        "VALID": 0,
        "total": 59638
    },
    "percentage": {
        "ACTIVE": 99.98993930044603,
        "INACTIVE": 0.02765359266258008,
        "INVALID": 0,
        "MALICIOUS": 0,
        "SANE": 0,
        "VALID": 0,
        "total": 100.0175928931086
    }
}