{
    "counter": {
        "ACTIVE": 14548,
        "INACTIVE": 10,
        "INVALID": 0,
        "MALICIOUS": 0,
        "SANE": 0,
        "VALID": 0,
        "total": 14558
    },
    "percentage": {
        "ACTIVE": 99.93130924577552,
        "INACTIVE": 0.08822232024702249,
        "INVALID": 0,
        "MALICIOUS": 0,
        "SANE": 0,
        "VALID": 0,
        "total": 100.01953156602255
    }
}