{
    "counter": {
        "ACTIVE": 15150,
        "INACTIVE": 3,
        "INVALID": 0,
        "MALICIOUS": 0,
        "SANE": 0,
        "VALID": 0,
        "total": 15153
    },
    "percentage": {
        "ACTIVE": 99.98020194020987,
        "INACTIVE": 0.02041510717931269,
        "INVALID": 0,
        "MALICIOUS": 0,
        "SANE": 0,
        "VALID": 0,
        "total": 100.00061704738918
    }
}