{
    "counter": {
        "ACTIVE": 18859,
        "INACTIVE": 5,
        "INVALID": 0,
        "MALICIOUS": 0,
        "SANE": 0,
        "VALID": 0,
        "total": 18864
    },
    "percentage": {
        "ACTIVE": 99.97349448685327,
        "INACTIVE": 0.026505513146734522,
        "INVALID": 0.0,
        "MALICIOUS": 0.0,
        "SANE": 0.0,
        "VALID": 0.0,
        "total": 100.0
    }
}