{
    "counter": {
        "ACTIVE": 10122,
        "INACTIVE": 8,
        "INVALID": 0,
        "MALICIOUS": 0,
        "SANE": 0,
        "VALID": 0,
        "total": 10130
    },
    "percentage": {
        "ACTIVE": 99.92102665350444,
        "INACTIVE": 0.09219776420421805,
        "INVALID": 0,
        "MALICIOUS": 0,
        "SANE": 0,
        "VALID": 0,
        "total": 100.01322441770866
    }
}