{
    "counter": {
        "ACTIVE": 16104,
        "INACTIVE": 941,
        "INVALID": 0,
        "MALICIOUS": 0,
        "SANE": 0,
        "VALID": 0,
        "total": 17045
    },
    "percentage": {
        "ACTIVE": 94.47931944851862,
        "INACTIVE": 5.520680551481373,
        "INVALID": 0.0,
        "MALICIOUS": 0.0,
        "SANE": 0.0,
        "VALID": 0.0,
        "total": 100.0
    }
}