{
    "counter": {
        "ACTIVE": 11582,
        "INACTIVE": 7,
        "INVALID": 0,
        "MALICIOUS": 0,
        "SANE": 0,
        "VALID": 0,
        "total": 11589
    },
    "percentage": {
        "ACTIVE": 99.93959789455518,
        "INACTIVE": 0.06077971694017539,
        "INVALID": 0,
        "MALICIOUS": 0,
        "SANE": 0,
        "VALID": 0,
        "total": 100.00037761149535
    }
}