{
    "counter": {
        "ACTIVE": 15136,
        "INACTIVE": 37,
        "INVALID": 0,
        "MALICIOUS": 0,
        "SANE": 0,
        "VALID": 0,
        "total": 15173
    },
    "percentage": {
        "ACTIVE": 99.75614578527647,
        "INACTIVE": 0.2457492029755579,
        "INVALID": 0,
        "MALICIOUS": 0,
        "SANE": 0,
        "VALID": 0,
        "total": 100.00189498825203
    }
}