{
    "counter": {
        "ACTIVE": 15903,
        "INACTIVE": 10,
        "INVALID": 0,
        "MALICIOUS": 0,
        "SANE": 0,
        "VALID": 0,
        "total": 15913
    },
    "percentage": {
        "ACTIVE": 99.93715829824671,
        "INACTIVE": 0.0628456510809452,
        "INVALID": 0,
        "MALICIOUS": 0,
        "SANE": 0,
        "VALID": 0,
        "total": 100.00000394932766
    }
}