{
    "counter": {
        "ACTIVE": 5359,
        "INACTIVE": 15,
        "INVALID": 0,
        "MALICIOUS": 0,
        "SANE": 0,
        "VALID": 0,
        "total": 5374
    },
    "percentage": {
        "ACTIVE": 99.72087830294008,
        "INACTIVE": 0.27958993476234856,
        "INVALID": 0,
        "MALICIOUS": 0,
        "SANE": 0,
        "VALID": 0,
        "total": 100.00046823770242
    }
}