{
    "counter": {
        "ACTIVE": 18872,
        "INACTIVE": 1,
        "INVALID": 0,
        "MALICIOUS": 0,
        "SANE": 0,
        "VALID": 0,
        "total": 18873
    },
    "percentage": {
        "ACTIVE": 99.99470142531659,
        "INACTIVE": 0.005298574683410163,
        "INVALID": 0.0,
        "MALICIOUS": 0.0,
        "SANE": 0.0,
        "VALID": 0.0,
        "total": 100.0
    }
}