{
    "counter": {
        "ACTIVE": 11314,
        "INACTIVE": 3,
        "INVALID": 0,
        "MALICIOUS": 0,
        "SANE": 0,
        "VALID": 0,
        "total": 11317
    },
    "percentage": {
        "ACTIVE": 99.97349120791729,
        "INACTIVE": 0.05185825410544512,
        "INVALID": 0,
        "MALICIOUS": 0,
        "SANE": 0,
        "VALID": 0,
        "total": 100.02534946202273
    }
}