{
    "counter": {
        "ACTIVE": 15938,
        "INACTIVE": 4,
        "INVALID": 0,
        "MALICIOUS": 0,
        "SANE": 0,
        "VALID": 0,
        "total": 15942
    },
    "percentage": {
        "ACTIVE": 99.97490904528917,
        "INACTIVE": 0.027859033291544783,
        "INVALID": 0,
        "MALICIOUS": 0,
        "SANE": 0,
        "VALID": 0,
        "total": 100.00276807858071
    }
}