{
    "counter": {
        "ACTIVE": 16904,
        "INACTIVE": 36,
        "INVALID": 0,
        "MALICIOUS": 0,
        "SANE": 0,
        "VALID": 0,
        "total": 16940
    },
    "percentage": {
        "ACTIVE": 99.7874852420307,
        "INACTIVE": 0.26191342306293197,
        "INVALID": 0,
        "MALICIOUS": 0,
        "SANE": 0,
        "VALID": 0,
        "total": 100.04939866509363
    }
}