{
    "counter": {
        "ACTIVE": 62590,
        "INACTIVE": 10,
        "INVALID": 0,
        "MALICIOUS": 0,
        "SANE": 0,
        "VALID": 0,
        "total": 62600
    },
    "percentage": {
        "ACTIVE": 99.98402555910543,
        "INACTIVE": 0.02183549140773413,
        "INVALID": 0,
        "MALICIOUS": 0,
        "SANE": 0,
        "VALID": 0,
        "total": 100.00586105051316
    }
}