{
    "counter": {
        "ACTIVE": 10383,
        "INACTIVE": 3,
        "INVALID": 0,
        "MALICIOUS": 0,
        "SANE": 0,
        "VALID": 0,
        "total": 10386
    },
    "percentage": {
        "ACTIVE": 99.97111496244945,
        "INACTIVE": 0.041379310344827586,
        "INVALID": 0,
        "MALICIOUS": 0,
        "SANE": 0,
        "VALID": 0,
        "total": 100.01249427279427
    }
}