{
    "counter": {
        "ACTIVE": 17302,
        "INACTIVE": 996,
        "INVALID": 0,
        "MALICIOUS": 0,
        "SANE": 0,
        "VALID": 0,
        "total": 18298
    },
    "percentage": {
        "ACTIVE": 94.55678216198491,
        "INACTIVE": 5.443217838015084,
        "INVALID": 0.0,
        "MALICIOUS": 0.0,
        "SANE": 0.0,
        "VALID": 0.0,
        "total": 100.0
    }
}