{
    "counter": {
        "ACTIVE": 5777,
        "INACTIVE": 1,
        "INVALID": 0,
        "MALICIOUS": 0,
        "SANE": 0,
        "VALID": 0,
        "total": 5778
    },
    "percentage": {
        "ACTIVE": 99.98269297334718,
        "INACTIVE": 0.02627430373095113,
        "INVALID": 0,
        "MALICIOUS": 0,
        "SANE": 0,
        "VALID": 0,
        "total": 100.00896727707814
    }
}