{
    "counter": {
        "ACTIVE": 281157,
        "INACTIVE": 14,
        "INVALID": 0,
        "MALICIOUS": 0,
        "SANE": 0,
        "VALID": 0,
        "total": 281171
    },
    "percentage": {
        "ACTIVE": 99.9950208236269,
        "INACTIVE": 0.006299212598425197,
        "INVALID": 0,
        "MALICIOUS": 0,
        "SANE": 0,
        "VALID": 0,
        "total": 100.00132003622532
    }
}