{
    "counter": {
        "ACTIVE": 15066,
        "INACTIVE": 5,
        "INVALID": 0,
        "MALICIOUS": 0,
        "SANE": 0,
        "VALID": 0,
        "total": 15071
    },
    "percentage": {
        "ACTIVE": 99.9668237011479,
        "INACTIVE": 0.03332222592469177,
        "INVALID": 0,
        "MALICIOUS": 0,
        "SANE": 0,
        "VALID": 0,
        "total": 100.0001459270726
    }
}