{
    "counter": {
        "ACTIVE": 295863,
        "INACTIVE": 14,
        "INVALID": 0,
        "MALICIOUS": 0,
        "SANE": 0,
        "VALID": 0,
        "total": 295877
    },
    "percentage": {
        "ACTIVE": 99.99526830405878,
        "INACTIVE": 0.006299212598425197,
        "INVALID": 0,
        "MALICIOUS": 0,
        "SANE": 0,
        "VALID": 0,
        "total": 100.0015675166572
    }
}