{
    "counter": {
        "ACTIVE": 9004,
        "INACTIVE": 76,
        "INVALID": 0,
        "MALICIOUS": 0,
        "SANE": 0,
        "VALID": 0,
        "total": 9080
    },
    "percentage": {
        "ACTIVE": 99.16299559471365,
        "INACTIVE": 0.9083303454045656,
        "INVALID": 0,
        "MALICIOUS": 0,
        "SANE": 0,
        "VALID": 0,
        "total": 100.07132594011821
    }
}