{
    "counter": {
        "ACTIVE": 13849,
        "INACTIVE": 7,
        "INVALID": 0,
        "MALICIOUS": 0,
        "SANE": 0,
        "VALID": 0,
        "total": 13856
    },
    "percentage": {
        "ACTIVE": 99.94948036951502,
        "INACTIVE": 0.053353658536585365,
        "INVALID": 0,
        "MALICIOUS": 0,
        "SANE": 0,
        "VALID": 0,
        "total": 100.0028340280516
    }
}