{
    "counter": {
        "ACTIVE": 15417,
        "INACTIVE": 36,
        "INVALID": 0,
        "MALICIOUS": 0,
        "SANE": 0,
        "VALID": 0,
        "total": 15453
    },
    "percentage": {
        "ACTIVE": 99.76703552708211,
        "INACTIVE": 0.24151348450288473,
        "INVALID": 0,
        "MALICIOUS": 0,
        "SANE": 0,
        "VALID": 0,
        "total": 100.008549011585
    }
}