{
    "counter": {
        "ACTIVE": 17173,
        "INACTIVE": 25,
        "INVALID": 0,
        "MALICIOUS": 0,
        "SANE": 0,
        "VALID": 0,
        "total": 17198
    },
    "percentage": {
        "ACTIVE": 99.85463425979765,
        "INACTIVE": 0.1453657402023491,
        "INVALID": 0.0,
        "MALICIOUS": 0.0,
        "SANE": 0.0,
        "VALID": 0.0,
        "total": 100.0
    }
}