{
    "counter": {
        "ACTIVE": 16108,
        "INACTIVE": 941,
        "INVALID": 0,
        "MALICIOUS": 0,
        "SANE": 0,
        "VALID": 0,
        "total": 17049
    },
    "percentage": {
        "ACTIVE": 94.48061469880932,
        "INACTIVE": 5.5193853011906855,
        "INVALID": 0.0,
        "MALICIOUS": 0.0,
        "SANE": 0.0,
        "VALID": 0.0,
        "total": 100.0
    }
}