{
    "counter": {
        "ACTIVE": 14065,
        "INACTIVE": 6,
        "INVALID": 0,
        "MALICIOUS": 0,
        "SANE": 0,
        "VALID": 0,
        "total": 14071
    },
    "percentage": {
        "ACTIVE": 99.95735910738398,
        "INACTIVE": 0.04637501932292472,
        "INVALID": 0,
        "MALICIOUS": 0,
        "SANE": 0,
        "VALID": 0,
        "total": 100.0037341267069
    }
}