{
    "counter": {
        "ACTIVE": 11080,
        "INACTIVE": 299,
        "INVALID": 0,
        "MALICIOUS": 0,
        "SANE": 0,
        "VALID": 0,
        "total": 11379
    },
    "percentage": {
        "ACTIVE": 97.37235257931277,
        "INACTIVE": 2.634825519915404,
        "INVALID": 0,
        "MALICIOUS": 0,
        "SANE": 0,
        "VALID": 0,
        "total": 100.00717809922818
    }
}