{
    "counter": {
        "ACTIVE": 170745,
        "INACTIVE": 13,
        "INVALID": 0,
        "MALICIOUS": 0,
        "SANE": 0,
        "VALID": 0,
        "total": 170758
    },
    "percentage": {
        "ACTIVE": 99.99238688670516,
        "INACTIVE": 0.010932086514850819,
        "INVALID": 0,
        "MALICIOUS": 0,
        "SANE": 0,
        "VALID": 0,
        "total": 100.00331897322002
    }
}