{
    "counter": {
        "ACTIVE": 13334,
        "INACTIVE": 3,
        "INVALID": 0,
        "MALICIOUS": 0,
        "SANE": 0,
        "VALID": 0,
        "total": 13337
    },
    "percentage": {
        "ACTIVE": 99.9775061857989,
        "INACTIVE": 0.08027829810008028,
        "INVALID": 0,
        "MALICIOUS": 0,
        "SANE": 0,
        "VALID": 0,
        "total": 100.05778448389898
    }
}