{
    "counter": {
        "ACTIVE": 16437,
        "INACTIVE": 36,
        "INVALID": 0,
        "MALICIOUS": 0,
        "SANE": 0,
        "VALID": 0,
        "total": 16473
    },
    "percentage": {
        "ACTIVE": 99.78146057184483,
        "INACTIVE": 0.26191342306293197,
        "INVALID": 0,
        "MALICIOUS": 0,
        "SANE": 0,
        "VALID": 0,
        "total": 100.04337399490777
    }
}