{
    "counter": {
        "ACTIVE": 14901,
        "INACTIVE": 6,
        "INVALID": 0,
        "MALICIOUS": 0,
        "SANE": 0,
        "VALID": 0,
        "total": 14907
    },
    "percentage": {
        "ACTIVE": 99.95975045280741,
        "INACTIVE": 0.08389261744966443,
        "INVALID": 0,
        "MALICIOUS": 0,
        "SANE": 0,
        "VALID": 0,
        "total": 100.04364307025708
    }
}