{
    "counter": {
        "ACTIVE": 18921,
        "INACTIVE": 2,
        "INVALID": 0,
        "MALICIOUS": 0,
        "SANE": 0,
        "VALID": 0,
        "total": 18923
    },
    "percentage": {
        "ACTIVE": 99.98943085134492,
        "INACTIVE": 0.010569148655075834,
        "INVALID": 0.0,
        "MALICIOUS": 0.0,
        "SANE": 0.0,
        "VALID": 0.0,
        "total": 100.0
    }
}