{
    "counter": {
        "ACTIVE": 37163,
        "INACTIVE": 9,
        "INVALID": 0,
        "MALICIOUS": 0,
        "SANE": 0,
        "VALID": 0,
        "total": 37172
    },
    "percentage": {
        "ACTIVE": 99.97578822769827,
        "INACTIVE": 0.03349959056055982,
        "INVALID": 0,
        "MALICIOUS": 0,
        "SANE": 0,
        "VALID": 0,
        "total": 100.00928781825884
    }
}