{
    "counter": {
        "ACTIVE": 9750,
        "INACTIVE": 23,
        "INVALID": 0,
        "MALICIOUS": 0,
        "SANE": 0,
        "VALID": 0,
        "total": 9773
    },
    "percentage": {
        "ACTIVE": 99.76465773048194,
        "INACTIVE": 0.2745940783190067,
        "INVALID": 0,
        "MALICIOUS": 0,
        "SANE": 0,
        "VALID": 0,
        "total": 100.03925180880096
    }
}