{
    "counter": {
        "ACTIVE": 10455,
        "INACTIVE": 18,
        "INVALID": 0,
        "MALICIOUS": 0,
        "SANE": 0,
        "VALID": 0,
        "total": 10473
    },
    "percentage": {
        "ACTIVE": 99.8281294757949,
        "INACTIVE": 0.2003338898163606,
        "INVALID": 0,
        "MALICIOUS": 0,
        "SANE": 0,
        "VALID": 0,
        "total": 100.02846336561126
    }
}