{
    "counter": {
        "ACTIVE": 9888,
        "INACTIVE": 3,
        "INVALID": 0,
        "MALICIOUS": 0,
        "SANE": 0,
        "VALID": 0,
        "total": 9891
    },
    "percentage": {
        "ACTIVE": 99.96966939642098,
        "INACTIVE": 0.032471046650070355,
        "INVALID": 0,
        "MALICIOUS": 0,
        "SANE": 0,
        "VALID": 0,
        "total": 100.00214044307106
    }
}