{
    "counter": {
        "ACTIVE": 18849,
        "INACTIVE": 2,
        "INVALID": 0,
        "MALICIOUS": 0,
        "SANE": 0,
        "VALID": 0,
        "total": 18851
    },
    "percentage": {
        "ACTIVE": 99.98939048326349,
        "INACTIVE": 0.010609516736512652,
        "INVALID": 0.0,
        "MALICIOUS": 0.0,
        "SANE": 0.0,
        "VALID": 0.0,
        "total": 100.0
    }
}