{
    "counter": {
        "ACTIVE": 14686,
        "INACTIVE": 405,
        "INVALID": 0,
        "MALICIOUS": 0,
        "SANE": 0,
        "VALID": 0,
        "total": 15091
    },
    "percentage": {
        "ACTIVE": 97.31628122722152,
        "INACTIVE": 2.685142213087582,
        "INVALID": 0,
        "MALICIOUS": 0,
        "SANE": 0,
        "VALID": 0,
        "total": 100.00142344030911
    }
}