{
    "counter": {
        "ACTIVE": 250803,
        "INACTIVE": 14,
        "INVALID": 0,
        "MALICIOUS": 0,
        "SANE": 0,
        "VALID": 0,
        "total": 250817
    },
    "percentage": {
        "ACTIVE": 99.9944182411878,
        "INACTIVE": 0.006299212598425197,
        "INVALID": 0,
        "MALICIOUS": 0,
        "SANE": 0,
        "VALID": 0,
        "total": 100.00071745378622
    }
}