{
    "counter": {
        "ACTIVE": 9550,
        "INACTIVE": 14,
        "INVALID": 0,
        "MALICIOUS": 0,
        "SANE": 0,
        "VALID": 0,
        "total": 9564
    },
    "percentage": {
        "ACTIVE": 99.85361773316603,
        "INACTIVE": 0.1469970600587988,
        "INVALID": 0,
        "MALICIOUS": 0,
        "SANE": 0,
        "VALID": 0,
        "total": 100.00061479322483
    }
}