{
    "counter": {
        "ACTIVE": 15401,
        "INACTIVE": 7,
        "INVALID": 0,
        "MALICIOUS": 0,
        "SANE": 0,
        "VALID": 0,
        "total": 15408
    },
    "percentage": {
        "ACTIVE": 99.95456905503634,
        "INACTIVE": 0.04565316637318203,
        "INVALID": 0,
        "MALICIOUS": 0,
        "SANE": 0,
        "VALID": 0,
        "total": 100.00022222140953
    }
}