{
    "counter": {
        "ACTIVE": 12437,
        "INACTIVE": 2,
        "INVALID": 0,
        "MALICIOUS": 0,
        "SANE": 0,
        "VALID": 0,
        "total": 12439
    },
    "percentage": {
        "ACTIVE": 99.98392153710105,
        "INACTIVE": 0.04096681687832855,
        "INVALID": 0,
        "MALICIOUS": 0,
        "SANE": 0,
        "VALID": 0,
        "total": 100.02488835397938
    }
}