{
    "counter": {
        "ACTIVE": 3643,
        "INACTIVE": 4,
        "INVALID": 0,
        "MALICIOUS": 0,
        "SANE": 0,
        "VALID": 0,
        "total": 3647
    },
    "percentage": {
        "ACTIVE": 99.890320811626,
        "INACTIVE": 0.11908306043465317,
        "INVALID": 0,
        "MALICIOUS": 0,
        "SANE": 0,
        "VALID": 0,
        "total": 100.00940387206064
    }
}