{
    "counter": {
        "ACTIVE": 16665,
        "INACTIVE": 10,
        "INVALID": 0,
        "MALICIOUS": 0,
        "SANE": 0,
        "VALID": 0,
        "total": 16675
    },
    "percentage": {
        "ACTIVE": 99.9400299850075,
        "INACTIVE": 0.06097932800780535,
        "INVALID": 0,
        "MALICIOUS": 0,
        "SANE": 0,
        "VALID": 0,
        "total": 100.0010093130153
    }
}