{
    "counter": {
        "ACTIVE": 7951,
        "INACTIVE": 3,
        "INVALID": 0,
        "MALICIOUS": 0,
        "SANE": 0,
        "VALID": 0,
        "total": 7954
    },
    "percentage": {
        "ACTIVE": 99.96228312798591,
        "INACTIVE": 0.044111160123511246,
        "INVALID": 0,
        "MALICIOUS": 0,
        "SANE": 0,
        "VALID": 0,
        "total": 100.00639428810942
    }
}