{
    "counter": {
        "ACTIVE": 11277,
        "INACTIVE": 5,
        "INVALID": 0,
        "MALICIOUS": 0,
        "SANE": 0,
        "VALID": 0,
        "total": 11282
    },
    "percentage": {
        "ACTIVE": 99.95568161673462,
        "INACTIVE": 0.05041847332862761,
        "INVALID": 0,
        "MALICIOUS": 0,
        "SANE": 0,
        "VALID": 0,
        "total": 100.00610009006326
    }
}