{
    "counter": {
        "ACTIVE": 9185,
        "INACTIVE": 3,
        "INVALID": 0,
        "MALICIOUS": 0,
        "SANE": 0,
        "VALID": 0,
        "total": 9188
    },
    "percentage": {
        "ACTIVE": 99.96734871571616,
        "INACTIVE": 0.042583392476934,
        "INVALID": 0,
        "MALICIOUS": 0,
        "SANE": 0,
        "VALID": 0,
        "total": 100.00993210819308
    }
}