{
    "counter": {
        "ACTIVE": 14837,
        "INACTIVE": 8,
        "INVALID": 0,
        "MALICIOUS": 0,
        "SANE": 0,
        "VALID": 0,
        "total": 14845
    },
    "percentage": {
        "ACTIVE": 99.94610980127989,
        "INACTIVE": 0.06216006216006216,
        "INVALID": 0,
        "MALICIOUS": 0,
        "SANE": 0,
        "VALID": 0,
        "total": 100.00826986343995
    }
}