{
    "counter": {
        "ACTIVE": 204365,
        "INACTIVE": 13,
        "INVALID": 0,
        "MALICIOUS": 0,
        "SANE": 0,
        "VALID": 0,
        "total": 204378
    },
    "percentage": {
        "ACTIVE": 99.99363923709988,
        "INACTIVE": 0.010932086514850819,
        "INVALID": 0,
        "MALICIOUS": 0,
        "SANE": 0,
        "VALID": 0,
        "total": 100.00457132361474
    }
}