{
    "counter": {
        "ACTIVE": 13734,
        "INACTIVE": 7,
        "INVALID": 0,
        "MALICIOUS": 0,
        "SANE": 0,
        "VALID": 0,
        "total": 13741
    },
    "percentage": {
        "ACTIVE": 99.9490575649516,
        "INACTIVE": 0.05328867235079172,
        "INVALID": 0,
        "MALICIOUS": 0,
        "SANE": 0,
        "VALID": 0,
        "total": 100.00234623730239
    }
}