{
    "counter": {
        "ACTIVE": 15909,
        "INACTIVE": 4,
        "INVALID": 0,
        "MALICIOUS": 0,
        "SANE": 0,
        "VALID": 0,
        "total": 15913
    },
    "percentage": {
        "ACTIVE": 99.97486331929869,
        "INACTIVE": 0.03339455668725998,
        "INVALID": 0,
        "MALICIOUS": 0,
        "SANE": 0,
        "VALID": 0,
        "total": 100.00825787598595
    }
}