{
    "counter": {
        "ACTIVE": 11633,
        "INACTIVE": 4,
        "INVALID": 0,
        "MALICIOUS": 0,
        "SANE": 0,
        "VALID": 0,
        "total": 11637
    },
    "percentage": {
        "ACTIVE": 99.96562687978002,
        "INACTIVE": 0.06608293408227325,
        "INVALID": 0,
        "MALICIOUS": 0,
        "SANE": 0,
        "VALID": 0,
        "total": 100.03170981386229
    }
}