{
    "counter": {
        "ACTIVE": 245581,
        "INACTIVE": 14,
        "INVALID": 0,
        "MALICIOUS": 0,
        "SANE": 0,
        "VALID": 0,
        "total": 245595
    },
    "percentage": {
        "ACTIVE": 99.99429955821576,
        "INACTIVE": 0.006299212598425197,
        "INVALID": 0,
        "MALICIOUS": 0,
        "SANE": 0,
        "VALID": 0,
        "total": 100.00059877081418
    }
}