{
    "counter": {
        "ACTIVE": 15846,
        "INACTIVE": 7,
        "INVALID": 0,
        "MALICIOUS": 0,
        "SANE": 0,
        "VALID": 0,
        "total": 15853
    },
    "percentage": {
        "ACTIVE": 99.95584431968713,
        "INACTIVE": 0.0477196809598473,
        "INVALID": 0,
        "MALICIOUS": 0,
        "SANE": 0,
        "VALID": 0,
        "total": 100.00356400064697
    }
}