{
    "counter": {
        "ACTIVE": 16425,
        "INACTIVE": 24,
        "INVALID": 0,
        "MALICIOUS": 0,
        "SANE": 0,
        "VALID": 0,
        "total": 16449
    },
    "percentage": {
        "ACTIVE": 99.8540944738282,
        "INACTIVE": 0.14590552617180375,
        "INVALID": 0.0,
        "MALICIOUS": 0.0,
        "SANE": 0.0,
        "VALID": 0.0,
        "total": 100.0
    }
}