{
    "counter": {
        "ACTIVE": 8217,
        "INACTIVE": 19,
        "INVALID": 0,
        "MALICIOUS": 0,
        "SANE": 0,
        "VALID": 0,
        "total": 8236
    },
    "percentage": {
        "ACTIVE": 99.76930548810103,
        "INACTIVE": 0.2405976953273395,
        "INVALID": 0,
        "MALICIOUS": 0,
        "SANE": 0,
        "VALID": 0,
        "total": 100.00990318342836
    }
}