{
    "counter": {
        "ACTIVE": 14994,
        "INACTIVE": 6,
        "INVALID": 0,
        "MALICIOUS": 0,
        "SANE": 0,
        "VALID": 0,
        "total": 15000
    },
    "percentage": {
        "ACTIVE": 99.96,
        "INACTIVE": 0.041379310344827586,
        "INVALID": 0,
        "MALICIOUS": 0,
        "SANE": 0,
        "VALID": 0,
        "total": 100.00137931034482
    }
}