{
    "counter": {
        "ACTIVE": 16391,
        "INACTIVE": 35,
        "INVALID": 0,
        "MALICIOUS": 0,
        "SANE": 0,
        "VALID": 0,
        "total": 16426
    },
    "percentage": {
        "ACTIVE": 99.78692317058322,
        "INACTIVE": 0.2178649237472767,
        "INVALID": 0,
        "MALICIOUS": 0,
        "SANE": 0,
        "VALID": 0,
        "total": 100.0047880943305
    }
}