{
    "counter": {
        "ACTIVE": 8432,
        "INACTIVE": 2,
        "INVALID": 0,
        "MALICIOUS": 0,
        "SANE": 0,
        "VALID": 0,
        "total": 8434
    },
    "percentage": {
        "ACTIVE": 99.97628645956841,
        "INACTIVE": 0.04964010920824026,
        "INVALID": 0,
        "MALICIOUS": 0,
        "SANE": 0,
        "VALID": 0,
        "total": 100.02592656877665
    }
}