{
    "counter": {
        "ACTIVE": 15163,
        "INACTIVE": 30,
        "INVALID": 0,
        "MALICIOUS": 0,
        "SANE": 0,
        "VALID": 0,
        "total": 15193
    },
    "percentage": {
        "ACTIVE": 99.8025406437175,
        "INACTIVE": 0.2098489087856743,
        "INVALID": 0,
        "MALICIOUS": 0,
        "SANE": 0,
        "VALID": 0,
        "total": 100.01238955250318
    }
}