{
    "counter": {
        "ACTIVE": 18906,
        "INACTIVE": 2,
        "INVALID": 0,
        "MALICIOUS": 0,
        "SANE": 0,
        "VALID": 0,
        "total": 18908
    },
    "percentage": {
        "ACTIVE": 99.98942246668076,
        "INACTIVE": 0.010577533319229955,
        "INVALID": 0.0,
        "MALICIOUS": 0.0,
        "SANE": 0.0,
        "VALID": 0.0,
        "total": 100.0
    }
}