{
    "counter": {
        "ACTIVE": 13632,
        "INACTIVE": 3,
        "INVALID": 0,
        "MALICIOUS": 0,
        "SANE": 0,
        "VALID": 0,
        "total": 13635
    },
    "percentage": {
        "ACTIVE": 99.97799779977998,
        "INACTIVE": 0.08027829810008028,
        "INVALID": 0,
        "MALICIOUS": 0,
        "SANE": 0,
        "VALID": 0,
        "total": 100.05827609788007
    }
}