{
    "counter": {
        "ACTIVE": 30551,
        "INACTIVE": 6,
        "INVALID": 0,
        "MALICIOUS": 0,
        "SANE": 0,
        "VALID": 0,
        "total": 30557
    },
    "percentage": {
        "ACTIVE": 99.98036456458422,
        "INACTIVE": 0.02765359266258008,
        "INVALID": 0,
        "MALICIOUS": 0,
        "SANE": 0,
        "VALID": 0,
        "total": 100.0080181572468
    }
}