{
    "counter": {
        "ACTIVE": 15274,
        "INACTIVE": 4,
        "INVALID": 0,
        "MALICIOUS": 0,
        "SANE": 0,
        "VALID": 0,
        "total": 15278
    },
    "percentage": {
        "ACTIVE": 99.9738185626391,
        "INACTIVE": 0.02659397646433083,
        "INVALID": 0,
        "MALICIOUS": 0,
        "SANE": 0,
        "VALID": 0,
        "total": 100.00041253910342
    }
}