{
    "counter": {
        "ACTIVE": 57308,
        "INACTIVE": 36,
        "INVALID": 1,
        "MALICIOUS": 0,
        "SANE": 0,
        "VALID": 0,
        "total": 57345
    },
    "percentage": {
        "ACTIVE": 99.93547824570581,
        "INACTIVE": 0.1837953744830755,
        "INVALID": 0.010577533319229955,
        "MALICIOUS": 0,
        "SANE": 0,
        "VALID": 0,
        "total": 100.12985115350811
    }
}