{
    "counter": {
        "ACTIVE": 8013,
        "INACTIVE": 17,
        "INVALID": 0,
        "MALICIOUS": 0,
        "SANE": 0,
        "VALID": 0,
        "total": 8030
    },
    "percentage": {
        "ACTIVE": 99.78829389788294,
        "INACTIVE": 0.23876404494382023,
        "INVALID": 0,
        "MALICIOUS": 0,
        "SANE": 0,
        "VALID": 0,
        "total": 100.02705794282676
    }
}