{
    "counter": {
        "ACTIVE": 17202,
        "INACTIVE": 11,
        "INVALID": 0,
        "MALICIOUS": 0,
        "SANE": 0,
        "VALID": 0,
        "total": 17213
    },
    "percentage": {
        "ACTIVE": 99.93609481206065,
        "INACTIVE": 0.06390518793934817,
        "INVALID": 0.0,
        "MALICIOUS": 0.0,
        "SANE": 0.0,
        "VALID": 0.0,
        "total": 100.0
    }
}