{
    "counter": {
        "ACTIVE": 7452,
        "INACTIVE": 17,
        "INVALID": 0,
        "MALICIOUS": 0,
        "SANE": 0,
        "VALID": 0,
        "total": 7469
    },
    "percentage": {
        "ACTIVE": 99.77239255589771,
        "INACTIVE": 0.23876404494382023,
        "INVALID": 0,
        "MALICIOUS": 0,
        "SANE": 0,
        "VALID": 0,
        "total": 100.01115660084153
    }
}