{
    "counter": {
        "ACTIVE": 15514,
        "INACTIVE": 6,
        "INVALID": 0,
        "MALICIOUS": 0,
        "SANE": 0,
        "VALID": 0,
        "total": 15520
    },
    "percentage": {
        "ACTIVE": 99.96134020618557,
        "INACTIVE": 0.04010159069643096,
        "INVALID": 0,
        "MALICIOUS": 0,
        "SANE": 0,
        "VALID": 0,
        "total": 100.001441796882
    }
}