{
    "counter": {
        "ACTIVE": 18929,
        "INACTIVE": 3,
        "INVALID": 0,
        "MALICIOUS": 0,
        "SANE": 0,
        "VALID": 0,
        "total": 18932
    },
    "percentage": {
        "ACTIVE": 99.98415381364885,
        "INACTIVE": 0.015846186351151488,
        "INVALID": 0.0,
        "MALICIOUS": 0.0,
        "SANE": 0.0,
        "VALID": 0.0,
        "total": 100.0
    }
}