{
    "counter": {
        "ACTIVE": 94119,
        "INACTIVE": 10,
        "INVALID": 0,
        "MALICIOUS": 0,
        "SANE": 0,
        "VALID": 0,
        "total": 94129
    },
    "percentage": {
        "ACTIVE": 99.98937628148605,
        "INACTIVE": 0.02183549140773413,
        "INVALID": 0,
        "MALICIOUS": 0,
        "SANE": 0,
        "VALID": 0,
        "total": 100.01121177289377
    }
}