{
    "counter": {
        "ACTIVE": 101091,
        "INACTIVE": 36,
        "INVALID": 1,
        "MALICIOUS": 0,
        "SANE": 0,
        "VALID": 0,
        "total": 101128
    },
    "percentage": {
        "ACTIVE": 99.96341270469108,
        "INACTIVE": 0.1837953744830755,
        "INVALID": 0.010577533319229955,
        "MALICIOUS": 0,
        "SANE": 0,
        "VALID": 0,
        "total": 100.15778561249338
    }
}