{
    "counter": {
        "ACTIVE": 16924,
        "INACTIVE": 552,
        "INVALID": 0,
        "MALICIOUS": 0,
        "SANE": 0,
        "VALID": 0,
        "total": 17476
    },
    "percentage": {
        "ACTIVE": 96.84138246738384,
        "INACTIVE": 3.2081831919097987,
        "INVALID": 0,
        "MALICIOUS": 0,
        "SANE": 0,
        "VALID": 0,
        "total": 100.04956565929363
    }
}