{
    "counter": {
        "ACTIVE": 12503,
        "INACTIVE": 5,
        "INVALID": 0,
        "MALICIOUS": 0,
        "SANE": 0,
        "VALID": 0,
        "total": 12508
    },
    "percentage": {
        "ACTIVE": 99.96002558362648,
        "INACTIVE": 0.04423604352826683,
        "INVALID": 0,
        "MALICIOUS": 0,
        "SANE": 0,
        "VALID": 0,
        "total": 100.00426162715475
    }
}