{
    "counter": {
        "ACTIVE": 10266,
        "INACTIVE": 12,
        "INVALID": 0,
        "MALICIOUS": 0,
        "SANE": 0,
        "VALID": 0,
        "total": 10278
    },
    "percentage": {
        "ACTIVE": 99.88324576765908,
        "INACTIVE": 0.1266357112705783,
        "INVALID": 0,
        "MALICIOUS": 0,
        "SANE": 0,
        "VALID": 0,
        "total": 100.00988147892966
    }
}