{
    "counter": {
        "ACTIVE": 10455,
        "INACTIVE": 2,
        "INVALID": 0,
        "MALICIOUS": 0,
        "SANE": 0,
        "VALID": 0,
        "total": 10457
    },
    "percentage": {
        "ACTIVE": 99.9808740556565,
        "INACTIVE": 0.054570259208731244,
        "INVALID": 0,
        "MALICIOUS": 0,
        "SANE": 0,
        "VALID": 0,
        "total": 100.03544431486523
    }
}