{
    "counter": {
        "ACTIVE": 14457,
        "INACTIVE": 6,
        "INVALID": 0,
        "MALICIOUS": 0,
        "SANE": 0,
        "VALID": 0,
        "total": 14463
    },
    "percentage": {
        "ACTIVE": 99.95851483094793,
        "INACTIVE": 0.04148516905206389,
        "INVALID": 0.0,
        "MALICIOUS": 0.0,
        "SANE": 0.0,
        "VALID": 0.0,
        "total": 100.0
    }
}