{
    "counter": {
        "ACTIVE": 15151,
        "INACTIVE": 36,
        "INVALID": 0,
        "MALICIOUS": 0,
        "SANE": 0,
        "VALID": 0,
        "total": 15187
    },
    "percentage": {
        "ACTIVE": 99.76295515901758,
        "INACTIVE": 0.26191342306293197,
        "INVALID": 0,
        "MALICIOUS": 0,
        "SANE": 0,
        "VALID": 0,
        "total": 100.02486858208052
    }
}