{
    "counter": {
        "ACTIVE": 10317,
        "INACTIVE": 3,
        "INVALID": 0,
        "MALICIOUS": 0,
        "SANE": 0,
        "VALID": 0,
        "total": 10320
    },
    "percentage": {
        "ACTIVE": 99.97093023255815,
        "INACTIVE": 0.03944254535892716,
        "INVALID": 0,
        "MALICIOUS": 0,
        "SANE": 0,
        "VALID": 0,
        "total": 100.01037277791707
    }
}