{
    "counter": {
        "ACTIVE": 18890,
        "INACTIVE": 4,
        "INVALID": 0,
        "MALICIOUS": 0,
        "SANE": 0,
        "VALID": 0,
        "total": 18894
    },
    "percentage": {
        "ACTIVE": 99.97882925796549,
        "INACTIVE": 0.02117074203450831,
        "INVALID": 0.0,
        "MALICIOUS": 0.0,
        "SANE": 0.0,
        "VALID": 0.0,
        "total": 100.0
    }
}