{
    "counter": {
        "ACTIVE": 5887,
        "INACTIVE": 22,
        "INVALID": 0,
        "MALICIOUS": 0,
        "SANE": 0,
        "VALID": 0,
        "total": 5909
    },
    "percentage": {
        "ACTIVE": 99.62768657979353,
        "INACTIVE": 0.37262872628726285,
        "INVALID": 0,
        "MALICIOUS": 0,
        "SANE": 0,
        "VALID": 0,
        "total": 100.0003153060808
    }
}