{
    "counter": {
        "ACTIVE": 12831,
        "INACTIVE": 29,
        "INVALID": 0,
        "MALICIOUS": 0,
        "SANE": 0,
        "VALID": 0,
        "total": 12860
    },
    "percentage": {
        "ACTIVE": 99.77449455676516,
        "INACTIVE": 0.22941223004509137,
        "INVALID": 0,
        "MALICIOUS": 0,
        "SANE": 0,
        "VALID": 0,
        "total": 100.00390678681025
    }
}