{
    "counter": {
        "ACTIVE": 87446,
        "INACTIVE": 10,
        "INVALID": 0,
        "MALICIOUS": 0,
        "SANE": 0,
        "VALID": 0,
        "total": 87456
    },
    "percentage": {
        "ACTIVE": 99.98856567874131,
        "INACTIVE": 0.02183549140773413,
        "INVALID": 0,
        "MALICIOUS": 0,
        "SANE": 0,
        "VALID": 0,
        "total": 100.01040117014904
    }
}