{
    "counter": {
        "ACTIVE": 15125,
        "INACTIVE": 26,
        "INVALID": 0,
        "MALICIOUS": 0,
        "SANE": 0,
        "VALID": 0,
        "total": 15151
    },
    "percentage": {
        "ACTIVE": 99.82839416540162,
        "INACTIVE": 0.18696965338702717,
        "INVALID": 0,
        "MALICIOUS": 0,
        "SANE": 0,
        "VALID": 0,
        "total": 100.01536381878864
    }
}