{
    "counter": {
        "ACTIVE": 16176,
        "INACTIVE": 6,
        "INVALID": 0,
        "MALICIOUS": 0,
        "SANE": 0,
        "VALID": 0,
        "total": 16182
    },
    "percentage": {
        "ACTIVE": 99.96292176492399,
        "INACTIVE": 0.037311112493004166,
        "INVALID": 0,
        "MALICIOUS": 0,
        "SANE": 0,
        "VALID": 0,
        "total": 100.00023287741699
    }
}