{
    "counter": {
        "ACTIVE": 13601,
        "INACTIVE": 8,
        "INVALID": 0,
        "MALICIOUS": 0,
        "SANE": 0,
        "VALID": 0,
        "total": 13609
    },
    "percentage": {
        "ACTIVE": 99.94121537218018,
        "INACTIVE": 0.06608293408227325,
        "INVALID": 0,
        "MALICIOUS": 0,
        "SANE": 0,
        "VALID": 0,
        "total": 100.00729830626246
    }
}