{
    "counter": {
        "ACTIVE": 149475,
        "INACTIVE": 13,
        "INVALID": 0,
        "MALICIOUS": 0,
        "SANE": 0,
        "VALID": 0,
        "total": 149488
    },
    "percentage": {
        "ACTIVE": 99.99130364979129,
        "INACTIVE": 0.010932086514850819,
        "INVALID": 0,
        "MALICIOUS": 0,
        "SANE": 0,
        "VALID": 0,
        "total": 100.00223573630615
    }
}