{
    "counter": {
        "ACTIVE": 16436,
        "INACTIVE": 30,
        "INVALID": 0,
        "MALICIOUS": 0,
        "SANE": 0,
        "VALID": 0,
        "total": 16466
    },
    "percentage": {
        "ACTIVE": 99.81780638892263,
        "INACTIVE": 0.18230432668935342,
        "INVALID": 0,
        "MALICIOUS": 0,
        "SANE": 0,
        "VALID": 0,
        "total": 100.00011071561198
    }
}