{
    "counter": {
        "ACTIVE": 16438,
        "INACTIVE": 27,
        "INVALID": 0,
        "MALICIOUS": 0,
        "SANE": 0,
        "VALID": 0,
        "total": 16465
    },
    "percentage": {
        "ACTIVE": 99.83601579107197,
        "INACTIVE": 0.16668724533893073,
        "INVALID": 0,
        "MALICIOUS": 0,
        "SANE": 0,
        "VALID": 0,
        "total": 100.0027030364109
    }
}