{
    "counter": {
        "ACTIVE": 9516,
        "INACTIVE": 3,
        "INVALID": 0,
        "MALICIOUS": 0,
        "SANE": 0,
        "VALID": 0,
        "total": 9519
    },
    "percentage": {
        "ACTIVE": 99.96848408446266,
        "INACTIVE": 0.04013914905004014,
        "INVALID": 0,
        "MALICIOUS": 0,
        "SANE": 0,
        "VALID": 0,
        "total": 100.0086232335127
    }
}