{
    "counter": {
        "ACTIVE": 55564,
        "INACTIVE": 4,
        "INVALID": 0,
        "MALICIOUS": 0,
        "SANE": 0,
        "VALID": 0,
        "total": 55568
    },
    "percentage": {
        "ACTIVE": 99.99280161243881,
        "INACTIVE": 0.013466199838405602,
        "INVALID": 0,
        "MALICIOUS": 0,
        "SANE": 0,
        "VALID": 0,
        "total": 100.00626781227722
    }
}