{
    "counter": {
        "ACTIVE": 18837,
        "INACTIVE": 8,
        "INVALID": 0,
        "MALICIOUS": 0,
        "SANE": 0,
        "VALID": 0,
        "total": 18845
    },
    "percentage": {
        "ACTIVE": 99.95754842133192,
        "INACTIVE": 0.04245157866808172,
        "INVALID": 0.0,
        "MALICIOUS": 0.0,
        "SANE": 0.0,
        "VALID": 0.0,
        "total": 100.0
    }
}