{
    "counter": {
        "ACTIVE": 5337,
        "INACTIVE": 2,
        "INVALID": 0,
        "MALICIOUS": 0,
        "SANE": 0,
        "VALID": 0,
        "total": 5339
    },
    "percentage": {
        "ACTIVE": 99.96253980146095,
        "INACTIVE": 0.054570259208731244,
        "INVALID": 0,
        "MALICIOUS": 0,
        "SANE": 0,
        "VALID": 0,
        "total": 100.01711006066968
    }
}