{
    "counter": {
        "ACTIVE": 15278,
        "INACTIVE": 10,
        "INVALID": 0,
        "MALICIOUS": 0,
        "SANE": 0,
        "VALID": 0,
        "total": 15288
    },
    "percentage": {
        "ACTIVE": 99.93458922030351,
        "INACTIVE": 0.0686436024162548,
        "INVALID": 0,
        "MALICIOUS": 0,
        "SANE": 0,
        "VALID": 0,
        "total": 100.00323282271977
    }
}