{
    "counter": {
        "ACTIVE": 9520,
        "INACTIVE": 6,
        "INVALID": 0,
        "MALICIOUS": 0,
        "SANE": 0,
        "VALID": 0,
        "total": 9526
    },
    "percentage": {
        "ACTIVE": 99.93701448666806,
        "INACTIVE": 0.12074864157778226,
        "INVALID": 0,
        "MALICIOUS": 0,
        "SANE": 0,
        "VALID": 0,
        "total": 100.05776312824584
    }
}