{
    "counter": {
        "ACTIVE": 5910,
        "INACTIVE": 2,
        "INVALID": 0,
        "MALICIOUS": 0,
        "SANE": 0,
        "VALID": 0,
        "total": 5912
    },
    "percentage": {
        "ACTIVE": 99.9661705006766,
        "INACTIVE": 0.04190236748376283,
        "INVALID": 0,
        "MALICIOUS": 0,
        "SANE": 0,
        "VALID": 0,
        "total": 100.00807286816035
    }
}