{
    "counter": {
        "ACTIVE": 15531,
        "INACTIVE": 42,
        "INVALID": 0,
        "MALICIOUS": 0,
        "SANE": 0,
        "VALID": 0,
        "total": 15573
    },
    "percentage": {
        "ACTIVE": 99.7303024465421,
        "INACTIVE": 0.2821063944116067,
        "INVALID": 0,
        "MALICIOUS": 0,
        "SANE": 0,
        "VALID": 0,
        "total": 100.01240884095371
    }
}