{
    "counter": {
        "ACTIVE": 9693,
        "INACTIVE": 1,
        "INVALID": 0,
        "MALICIOUS": 0,
        "SANE": 0,
        "VALID": 0,
        "total": 9694
    },
    "percentage": {
        "ACTIVE": 99.98968434082938,
        "INACTIVE": 0.014949917775452235,
        "INVALID": 0,
        "MALICIOUS": 0,
        "SANE": 0,
        "VALID": 0,
        "total": 100.00463425860484
    }
}