{
    "counter": {
        "ACTIVE": 16127,
        "INACTIVE": 24,
        "INVALID": 0,
        "MALICIOUS": 0,
        "SANE": 0,
        "VALID": 0,
        "total": 16151
    },
    "percentage": {
        "ACTIVE": 99.8514023899449,
        "INACTIVE": 0.14859761005510494,
        "INVALID": 0.0,
        "MALICIOUS": 0.0,
        "SANE": 0.0,
        "VALID": 0.0,
        "total": 100.0
    }
}