{
    "counter": {
        "ACTIVE": 5549,
        "INACTIVE": 2,
        "INVALID": 0,
        "MALICIOUS": 0,
        "SANE": 0,
        "VALID": 0,
        "total": 5551
    },
    "percentage": {
        "ACTIVE": 99.96397045577373,
        "INACTIVE": 0.12360939431396786,
        "INVALID": 0,
        "MALICIOUS": 0,
        "SANE": 0,
        "VALID": 0,
        "total": 100.0875798500877
    }
}