{
    "counter": {
        "ACTIVE": 16917,
        "INACTIVE": 4,
        "INVALID": 0,
        "MALICIOUS": 0,
        "SANE": 0,
        "VALID": 0,
        "total": 16921
    },
    "percentage": {
        "ACTIVE": 99.97636073518113,
        "INACTIVE": 0.02482005460412013,
        "INVALID": 0,
        "MALICIOUS": 0,
        "SANE": 0,
        "VALID": 0,
        "total": 100.00118078978525
    }
}