{
    "counter": {
        "ACTIVE": 15005,
        "INACTIVE": 36,
        "INVALID": 0,
        "MALICIOUS": 0,
        "SANE": 0,
        "VALID": 0,
        "total": 15041
    },
    "percentage": {
        "ACTIVE": 99.76065421182102,
        "INACTIVE": 0.33222591362126247,
        "INVALID": 0,
        "MALICIOUS": 0,
        "SANE": 0,
        "VALID": 0,
        "total": 100.09288012544228
    }
}