{
    "counter": {
        "ACTIVE": 6376,
        "INACTIVE": 22,
        "INVALID": 0,
        "MALICIOUS": 0,
        "SANE": 0,
        "VALID": 0,
        "total": 6398
    },
    "percentage": {
        "ACTIVE": 99.65614254454518,
        "INACTIVE": 0.35859820700896494,
        "INVALID": 0,
        "MALICIOUS": 0,
        "SANE": 0,
        "VALID": 0,
        "total": 100.01474075155414
    }
}