{
    "counter": {
        "ACTIVE": 14756,
        "INACTIVE": 28,
        "INVALID": 0,
        "MALICIOUS": 0,
        "SANE": 0,
        "VALID": 0,
        "total": 14784
    },
    "percentage": {
        "ACTIVE": 99.81060606060606,
        "INACTIVE": 0.1924001924001924,
        "INVALID": 0,
        "MALICIOUS": 0,
        "SANE": 0,
        "VALID": 0,
        "total": 100.00300625300625
    }
}