{
    "counter": {
        "ACTIVE": 14368,
        "INACTIVE": 3,
        "INVALID": 0,
        "MALICIOUS": 0,
        "SANE": 0,
        "VALID": 0,
        "total": 14371
    },
    "percentage": {
        "ACTIVE": 99.97912462598288,
        "INACTIVE": 0.03944254535892716,
        "INVALID": 0,
        "MALICIOUS": 0,
        "SANE": 0,
        "VALID": 0,
        "total": 100.0185671713418
    }
}