{
    "counter": {
        "ACTIVE": 163448,
        "INACTIVE": 13,
        "INVALID": 0,
        "MALICIOUS": 0,
        "SANE": 0,
        "VALID": 0,
        "total": 163461
    },
    "percentage": {
        "ACTIVE": 99.99204703262552,
        "INACTIVE": 0.010932086514850819,
        "INVALID": 0,
        "MALICIOUS": 0,
        "SANE": 0,
        "VALID": 0,
        "total": 100.00297911914038
    }
}