{
    "counter": {
        "ACTIVE": 17146,
        "INACTIVE": 996,
        "INVALID": 0,
        "MALICIOUS": 0,
        "SANE": 0,
        "VALID": 0,
        "total": 18142
    },
    "percentage": {
        "ACTIVE": 94.50997684929996,
        "INACTIVE": 5.490023150700033,
        "INVALID": 0.0,
        "MALICIOUS": 0.0,
        "SANE": 0.0,
        "VALID": 0.0,
        "total": 100.0
    }
}