{
    "counter": {
        "ACTIVE": 18930,
        "INACTIVE": 2,
        "INVALID": 0,
        "MALICIOUS": 0,
        "SANE": 0,
        "VALID": 0,
        "total": 18932
    },
    "percentage": {
        "ACTIVE": 99.98943587576589,
        "INACTIVE": 0.010564124234100993,
        "INVALID": 0.0,
        "MALICIOUS": 0.0,
        "SANE": 0.0,
        "VALID": 0.0,
        "total": 100.0
    }
}