{
    "counter": {
        "ACTIVE": 15681,
        "INACTIVE": 35,
        "INVALID": 0,
        "MALICIOUS": 0,
        "SANE": 0,
        "VALID": 0,
        "total": 15716
    },
    "percentage": {
        "ACTIVE": 99.77729702214305,
        "INACTIVE": 0.2345687286374908,
        "INVALID": 0,
        "MALICIOUS": 0,
        "SANE": 0,
        "VALID": 0,
        "total": 100.01186575078053
    }
}