{
    "counter": {
        "ACTIVE": 177201,
        "INACTIVE": 13,
        "INVALID": 0,
        "MALICIOUS": 0,
        "SANE": 0,
        "VALID": 0,
        "total": 177214
    },
    "percentage": {
        "ACTIVE": 99.99266423645987,
        "INACTIVE": 0.010932086514850819,
        "INVALID": 0,
        "MALICIOUS": 0,
        "SANE": 0,
        "VALID": 0,
        "total": 100.00359632297473
    }
}