{
    "counter": {
        "ACTIVE": 11605,
        "INACTIVE": 50,
        "INVALID": 0,
        "MALICIOUS": 0,
        "SANE": 0,
        "VALID": 0,
        "total": 11655
    },
    "percentage": {
        "ACTIVE": 99.57099957099958,
        "INACTIVE": 0.43070031871823583,
        "INVALID": 0,
        "MALICIOUS": 0,
        "SANE": 0,
        "VALID": 0,
        "total": 100.00169988971781
    }
}