{
    "counter": {
        "ACTIVE": 16535,
        "INACTIVE": 6,
        "INVALID": 0,
        "MALICIOUS": 0,
        "SANE": 0,
        "VALID": 0,
        "total": 16541
    },
    "percentage": {
        "ACTIVE": 99.96372649779336,
        "INACTIVE": 0.03713330857779428,
        "INVALID": 0,
        "MALICIOUS": 0,
        "SANE": 0,
        "VALID": 0,
        "total": 100.00085980637115
    }
}