{
    "counter": {
        "ACTIVE": 18834,
        "INACTIVE": 900,
        "INVALID": 0,
        "MALICIOUS": 0,
        "SANE": 0,
        "VALID": 0,
        "total": 19734
    },
    "percentage": {
        "ACTIVE": 95.43934326543022,
        "INACTIVE": 4.560656734569778,
        "INVALID": 0.0,
        "MALICIOUS": 0.0,
        "SANE": 0.0,
        "VALID": 0.0,
        "total": 100.0
    }
}