{
    "counter": {
        "ACTIVE": 13240,
        "INACTIVE": 22,
        "INVALID": 0,
        "MALICIOUS": 0,
        "SANE": 0,
        "VALID": 0,
        "total": 13262
    },
    "percentage": {
        "ACTIVE": 99.83411250188509,
        "INACTIVE": 0.1770053906187143,
        "INVALID": 0,
        "MALICIOUS": 0,
        "SANE": 0,
        "VALID": 0,
        "total": 100.0111178925038
    }
}