{
    "counter": {
        "ACTIVE": 218897,
        "INACTIVE": 13,
        "INVALID": 0,
        "MALICIOUS": 0,
        "SANE": 0,
        "VALID": 0,
        "total": 218910
    },
    "percentage": {
        "ACTIVE": 99.99406148645562,
        "INACTIVE": 0.010932086514850819,
        "INVALID": 0,
        "MALICIOUS": 0,
        "SANE": 0,
        "VALID": 0,
        "total": 100.00499357297048
    }
}