{
    "counter": {
        "ACTIVE": 14722,
        "INACTIVE": 36,
        "INVALID": 0,
        "MALICIOUS": 0,
        "SANE": 0,
        "VALID": 0,
        "total": 14758
    },
    "percentage": {
        "ACTIVE": 99.75606450738583,
        "INACTIVE": 0.2481902792140641,
        "INVALID": 0,
        "MALICIOUS": 0,
        "SANE": 0,
        "VALID": 0,
        "total": 100.00425478659989
    }
}