{
    "counter": {
        "ACTIVE": 10207,
        "INACTIVE": 28,
        "INVALID": 0,
        "MALICIOUS": 0,
        "SANE": 0,
        "VALID": 0,
        "total": 10235
    },
    "percentage": {
        "ACTIVE": 99.72642892037128,
        "INACTIVE": 0.35718841688990943,
        "INVALID": 0,
        "MALICIOUS": 0,
        "SANE": 0,
        "VALID": 0,
        "total": 100.08361733726119
    }
}