{
    "counter": {
        "ACTIVE": 50438,
        "INACTIVE": 6,
        "INVALID": 0,
        "MALICIOUS": 0,
        "SANE": 0,
        "VALID": 0,
        "total": 50444
    },
    "percentage": {
        "ACTIVE": 99.98810562207596,
        "INACTIVE": 0.02765359266258008,
        "INVALID": 0,
        "MALICIOUS": 0,
        "SANE": 0,
        "VALID": 0,
        "total": 100.01575921473854
    }
}