{
    "counter": {
        "ACTIVE": 11205,
        "INACTIVE": 5,
        "INVALID": 0,
        "MALICIOUS": 0,
        "SANE": 0,
        "VALID": 0,
        "total": 11210
    },
    "percentage": {
        "ACTIVE": 99.95539696699376,
        "INACTIVE": 0.046563605885639785,
        "INVALID": 0,
        "MALICIOUS": 0,
        "SANE": 0,
        "VALID": 0,
        "total": 100.0019605728794
    }
}