{
    "counter": {
        "ACTIVE": 11125,
        "INACTIVE": 14,
        "INVALID": 0,
        "MALICIOUS": 0,
        "SANE": 0,
        "VALID": 0,
        "total": 11139
    },
    "percentage": {
        "ACTIVE": 99.87431546817488,
        "INACTIVE": 0.1469970600587988,
        "INVALID": 0,
        "MALICIOUS": 0,
        "SANE": 0,
        "VALID": 0,
        "total": 100.02131252823368
    }
}