{
    "counter": {
        "ACTIVE": 14695,
        "INACTIVE": 13,
        "INVALID": 0,
        "MALICIOUS": 0,
        "SANE": 0,
        "VALID": 0,
        "total": 14708
    },
    "percentage": {
        "ACTIVE": 99.9116127277672,
        "INACTIVE": 0.08839328211055959,
        "INVALID": 0,
        "MALICIOUS": 0,
        "SANE": 0,
        "VALID": 0,
        "total": 100.00000600987777
    }
}