{
    "counter": {
        "ACTIVE": 3090,
        "INACTIVE": 4,
        "INVALID": 0,
        "MALICIOUS": 0,
        "SANE": 0,
        "VALID": 0,
        "total": 3094
    },
    "percentage": {
        "ACTIVE": 99.87071751777634,
        "INACTIVE": 0.13262599469496023,
        "INVALID": 0,
        "MALICIOUS": 0,
        "SANE": 0,
        "VALID": 0,
        "total": 100.0033435124713
    }
}