{
    "counter": {
        "ACTIVE": 12254,
        "INACTIVE": 30,
        "INVALID": 0,
        "MALICIOUS": 0,
        "SANE": 0,
        "VALID": 0,
        "total": 12284
    },
    "percentage": {
        "ACTIVE": 99.7557798762618,
        "INACTIVE": 0.2556237218813906,
        "INVALID": 0,
        "MALICIOUS": 0,
        "SANE": 0,
        "VALID": 0,
        "total": 100.01140359814319
    }
}