{
    "counter": {
        "ACTIVE": 15530,
        "INACTIVE": 5,
        "INVALID": 0,
        "MALICIOUS": 0,
        "SANE": 0,
        "VALID": 0,
        "total": 15535
    },
    "percentage": {
        "ACTIVE": 99.96781461216608,
        "INACTIVE": 0.04221903233977877,
        "INVALID": 0,
        "MALICIOUS": 0,
        "SANE": 0,
        "VALID": 0,
        "total": 100.01003364450585
    }
}