{
    "counter": {
        "ACTIVE": 12228,
        "INACTIVE": 3,
        "INVALID": 0,
        "MALICIOUS": 0,
        "SANE": 0,
        "VALID": 0,
        "total": 12231
    },
    "percentage": {
        "ACTIVE": 99.97547216090263,
        "INACTIVE": 0.050454086781029264,
        "INVALID": 0,
        "MALICIOUS": 0,
        "SANE": 0,
        "VALID": 0,
        "total": 100.02592624768366
    }
}