{
    "counter": {
        "ACTIVE": 29639,
        "INACTIVE": 9,
        "INVALID": 0,
        "MALICIOUS": 0,
        "SANE": 0,
        "VALID": 0,
        "total": 29648
    },
    "percentage": {
        "ACTIVE": 99.96964382083108,
        "INACTIVE": 0.03349959056055982,
        "INVALID": 0,
        "MALICIOUS": 0,
        "SANE": 0,
        "VALID": 0,
        "total": 100.00314341139165
    }
}