{
    "counter": {
        "ACTIVE": 8865,
        "INACTIVE": 20,
        "INVALID": 0,
        "MALICIOUS": 0,
        "SANE": 0,
        "VALID": 0,
        "total": 8885
    },
    "percentage": {
        "ACTIVE": 99.77490151941474,
        "INACTIVE": 0.241196333815726,
        "INVALID": 0,
        "MALICIOUS": 0,
        "SANE": 0,
        "VALID": 0,
        "total": 100.01609785323046
    }
}