{
    "counter": {
        "ACTIVE": 17307,
        "INACTIVE": 996,
        "INVALID": 0,
        "MALICIOUS": 0,
        "SANE": 0,
        "VALID": 0,
        "total": 18303
    },
    "percentage": {
        "ACTIVE": 94.55826913620717,
        "INACTIVE": 5.441730863792821,
        "INVALID": 0.0,
        "MALICIOUS": 0.0,
        "SANE": 0.0,
        "VALID": 0.0,
        "total": 100.0
    }
}