{
    "counter": {
        "ACTIVE": 9594,
        "INACTIVE": 283,
        "INVALID": 0,
        "MALICIOUS": 0,
        "SANE": 0,
        "VALID": 0,
        "total": 9877
    },
    "percentage": {
        "ACTIVE": 97.13475751746482,
        "INACTIVE": 2.9250645994832043,
        "INVALID": 0,
        "MALICIOUS": 0,
        "SANE": 0,
        "VALID": 0,
        "total": 100.05982211694803
    }
}