{
    "counter": {
        "ACTIVE": 16254,
        "INACTIVE": 35,
        "INVALID": 0,
        "MALICIOUS": 0,
        "SANE": 0,
        "VALID": 0,
        "total": 16289
    },
    "percentage": {
        "ACTIVE": 99.78513107004727,
        "INACTIVE": 0.2178649237472767,
        "INVALID": 0,
        "MALICIOUS": 0,
        "SANE": 0,
        "VALID": 0,
        "total": 100.00299599379454
    }
}