{
    "counter": {
        "ACTIVE": 132277,
        "INACTIVE": 13,
        "INVALID": 0,
        "MALICIOUS": 0,
        "SANE": 0,
        "VALID": 0,
        "total": 132290
    },
    "percentage": {
        "ACTIVE": 99.99017310454305,
        "INACTIVE": 0.010932086514850819,
        "INVALID": 0,
        "MALICIOUS": 0,
        "SANE": 0,
        "VALID": 0,
        "total": 100.0011051910579
    }
}