{
    "counter": {
        "ACTIVE": 10644,
        "INACTIVE": 23,
        "INVALID": 0,
        "MALICIOUS": 0,
        "SANE": 0,
        "VALID": 0,
        "total": 10667
    },
    "percentage": {
        "ACTIVE": 99.78438173807069,
        "INACTIVE": 0.21769995267392334,
        "INVALID": 0,
        "MALICIOUS": 0,
        "SANE": 0,
        "VALID": 0,
        "total": 100.00208169074462
    }
}