{
    "counter": {
        "ACTIVE": 16588,
        "INACTIVE": 24,
        "INVALID": 0,
        "MALICIOUS": 0,
        "SANE": 0,
        "VALID": 0,
        "total": 16612
    },
    "percentage": {
        "ACTIVE": 99.85552612569226,
        "INACTIVE": 0.14447387430772934,
        "INVALID": 0.0,
        "MALICIOUS": 0.0,
        "SANE": 0.0,
        "VALID": 0.0,
        "total": 100.0
    }
}