{
    "counter": {
        "ACTIVE": 12992,
        "INACTIVE": 25,
        "INVALID": 0,
        "MALICIOUS": 0,
        "SANE": 0,
        "VALID": 0,
        "total": 13017
    },
    "percentage": {
        "ACTIVE": 99.80794345855419,
        "INACTIVE": 0.2019875575664539,
        "INVALID": 0,
        "MALICIOUS": 0,
        "SANE": 0,
        "VALID": 0,
        "total": 100.00993101612065
    }
}