{
    "counter": {
        "ACTIVE": 3887,
        "INACTIVE": 1,
        "INVALID": 0,
        "MALICIOUS": 0,
        "SANE": 0,
        "VALID": 0,
        "total": 3888
    },
    "percentage": {
        "ACTIVE": 99.97427983539094,
        "INACTIVE": 0.03387533875338753,
        "INVALID": 0,
        "MALICIOUS": 0,
        "SANE": 0,
        "VALID": 0,
        "total": 100.00815517414433
    }
}