{
    "counter": {
        "ACTIVE": 271904,
        "INACTIVE": 14,
        "INVALID": 0,
        "MALICIOUS": 0,
        "SANE": 0,
        "VALID": 0,
        "total": 271918
    },
    "percentage": {
        "ACTIVE": 99.99485138902169,
        "INACTIVE": 0.006299212598425197,
        "INVALID": 0,
        "MALICIOUS": 0,
        "SANE": 0,
        "VALID": 0,
        "total": 100.00115060162011
    }
}