{
    "counter": {
        "ACTIVE": 16728,
        "INACTIVE": 36,
        "INVALID": 0,
        "MALICIOUS": 0,
        "SANE": 0,
        "VALID": 0,
        "total": 16764
    },
    "percentage": {
        "ACTIVE": 99.78525411596277,
        "INACTIVE": 0.21867217396586283,
        "INVALID": 0,
        "MALICIOUS": 0,
        "SANE": 0,
        "VALID": 0,
        "total": 100.00392628992863
    }
}