{
    "counter": {
        "ACTIVE": 13854,
        "INACTIVE": 6,
        "INVALID": 0,
        "MALICIOUS": 0,
        "SANE": 0,
        "VALID": 0,
        "total": 13860
    },
    "percentage": {
        "ACTIVE": 99.95670995670996,
        "INACTIVE": 0.08389261744966443,
        "INVALID": 0,
        "MALICIOUS": 0,
        "SANE": 0,
        "VALID": 0,
        "total": 100.04060257415962
    }
}