{
    "counter": {
        "ACTIVE": 5387,
        "INACTIVE": 144,
        "INVALID": 0,
        "MALICIOUS": 0,
        "SANE": 0,
        "VALID": 0,
        "total": 5531
    },
    "percentage": {
        "ACTIVE": 97.39649249683602,
        "INACTIVE": 2.647545504688362,
        "INVALID": 0,
        "MALICIOUS": 0,
        "SANE": 0,
        "VALID": 0,
        "total": 100.04403800152438
    }
}