{
    "counter": {
        "ACTIVE": 2017,
        "INACTIVE": 1,
        "INVALID": 0,
        "MALICIOUS": 0,
        "SANE": 0,
        "VALID": 0,
        "total": 2018
    },
    "percentage": {
        "ACTIVE": 99.95044598612488,
        "INACTIVE": 0.05107252298263534,
        "INVALID": 0,
        "MALICIOUS": 0,
        "SANE": 0,
        "VALID": 0,
        "total": 100.00151850910751
    }
}