{
    "counter": {
        "ACTIVE": 13788,
        "INACTIVE": 27,
        "INVALID": 0,
        "MALICIOUS": 0,
        "SANE": 0,
        "VALID": 0,
        "total": 13815
    },
    "percentage": {
        "ACTIVE": 99.80456026058631,
        "INACTIVE": 0.21087160262417995,
        "INVALID": 0,
        "MALICIOUS": 0,
        "SANE": 0,
        "VALID": 0,
        "total": 100.0154318632105
    }
}