{
    "counter": {
        "ACTIVE": 12791,
        "INACTIVE": 4,
        "INVALID": 0,
        "MALICIOUS": 0,
        "SANE": 0,
        "VALID": 0,
        "total": 12795
    },
    "percentage": {
        "ACTIVE": 99.96873778819851,
        "INACTIVE": 0.04607764082478977,
        "INVALID": 0,
        "MALICIOUS": 0,
        "SANE": 0,
        "VALID": 0,
        "total": 100.0148154290233
    }
}