{
    "counter": {
        "ACTIVE": 11545,
        "INACTIVE": 6,
        "INVALID": 0,
        "MALICIOUS": 0,
        "SANE": 0,
        "VALID": 0,
        "total": 11551
    },
    "percentage": {
        "ACTIVE": 99.94805644532941,
        "INACTIVE": 0.06113715100876299,
        "INVALID": 0,
        "MALICIOUS": 0,
        "SANE": 0,
        "VALID": 0,
        "total": 100.00919359633818
    }
}