{
    "counter": {
        "ACTIVE": 14615,
        "INACTIVE": 7,
        "INVALID": 0,
        "MALICIOUS": 0,
        "SANE": 0,
        "VALID": 0,
        "total": 14622
    },
    "percentage": {
        "ACTIVE": 99.95212693202025,
        "INACTIVE": 0.06498932318262,
        "INVALID": 0,
        "MALICIOUS": 0,
        "SANE": 0,
        "VALID": 0,
        "total": 100.01711625520286
    }
}