{
    "counter": {
        "ACTIVE": 14787,
        "INACTIVE": 12,
        "INVALID": 0,
        "MALICIOUS": 0,
        "SANE": 0,
        "VALID": 0,
        "total": 14799
    },
    "percentage": {
        "ACTIVE": 99.9189134400973,
        "INACTIVE": 0.0826787928896238,
        "INVALID": 0,
        "MALICIOUS": 0,
        "SANE": 0,
        "VALID": 0,
        "total": 100.00159223298692
    }
}