{
    "counter": {
        "ACTIVE": 10257,
        "INACTIVE": 4,
        "INVALID": 0,
        "MALICIOUS": 0,
        "SANE": 0,
        "VALID": 0,
        "total": 10261
    },
    "percentage": {
        "ACTIVE": 99.9610174446935,
        "INACTIVE": 0.05856515373352855,
        "INVALID": 0,
        "MALICIOUS": 0,
        "SANE": 0,
        "VALID": 0,
        "total": 100.01958259842702
    }
}