{
    "counter": {
        "ACTIVE": 4575,
        "INACTIVE": 1,
        "INVALID": 0,
        "MALICIOUS": 0,
        "SANE": 0,
        "VALID": 0,
        "total": 4576
    },
    "percentage": {
        "ACTIVE": 99.97814685314685,
        "INACTIVE": 0.028595939376608523,
        "INVALID": 0,
        "MALICIOUS": 0,
        "SANE": 0,
        "VALID": 0,
        "total": 100.00674279252347
    }
}