{
    "counter": {
        "ACTIVE": 13388,
        "INACTIVE": 2,
        "INVALID": 0,
        "MALICIOUS": 0,
        "SANE": 0,
        "VALID": 0,
        "total": 13390
    },
    "percentage": {
        "ACTIVE": 99.9850634802091,
        "INACTIVE": 0.023258518432375856,
        "INVALID": 0,
        "MALICIOUS": 0,
        "SANE": 0,
        "VALID": 0,
        "total": 100.00832199864148
    }
}