{
    "counter": {
        "ACTIVE": 1844,
        "INACTIVE": 1,
        "INVALID": 0,
        "MALICIOUS": 0,
        "SANE": 0,
        "VALID": 0,
        "total": 1845
    },
    "percentage": {
        "ACTIVE": 99.94579945799458,
        "INACTIVE": 0.07380073800738007,
        "INVALID": 0,
        "MALICIOUS": 0,
        "SANE": 0,
        "VALID": 0,
        "total": 100.01960019600196
    }
}