{
    "counter": {
        "ACTIVE": 47827,
        "INACTIVE": 6,
        "INVALID": 0,
        "MALICIOUS": 0,
        "SANE": 0,
        "VALID": 0,
        "total": 47833
    },
    "percentage": {
        "ACTIVE": 99.9874563585809,
        "INACTIVE": 0.02765359266258008,
        "INVALID": 0,
        "MALICIOUS": 0,
        "SANE": 0,
        "VALID": 0,
        "total": 100.01510995124347
    }
}