{
    "counter": {
        "ACTIVE": 12301,
        "INACTIVE": 3,
        "INVALID": 0,
        "MALICIOUS": 0,
        "SANE": 0,
        "VALID": 0,
        "total": 12304
    },
    "percentage": {
        "ACTIVE": 99.9756176853056,
        "INACTIVE": 0.02536568867844762,
        "INVALID": 0,
        "MALICIOUS": 0,
        "SANE": 0,
        "VALID": 0,
        "total": 100.00098337398404
    }
}