{
    "counter": {
        "ACTIVE": 15657,
        "INACTIVE": 7,
        "INVALID": 0,
        "MALICIOUS": 0,
        "SANE": 0,
        "VALID": 0,
        "total": 15664
    },
    "percentage": {
        "ACTIVE": 99.95531154239019,
        "INACTIVE": 0.05964045326744483,
        "INVALID": 0,
        "MALICIOUS": 0,
        "SANE": 0,
        "VALID": 0,
        "total": 100.01495199565764
    }
}