{
    "counter": {
        "ACTIVE": 14913,
        "INACTIVE": 1,
        "INVALID": 0,
        "MALICIOUS": 0,
        "SANE": 0,
        "VALID": 0,
        "total": 14914
    },
    "percentage": {
        "ACTIVE": 99.99329489070672,
        "INACTIVE": 0.007995522507395858,
        "INVALID": 0,
        "MALICIOUS": 0,
        "SANE": 0,
        "VALID": 0,
        "total": 100.00129041321412
    }
}