{
    "counter": {
        "ACTIVE": 43629,
        "INACTIVE": 6,
        "INVALID": 0,
        "MALICIOUS": 0,
        "SANE": 0,
        "VALID": 0,
        "total": 43635
    },
    "percentage": {
        "ACTIVE": 99.98624957029907,
        "INACTIVE": 0.02765359266258008,
        "INVALID": 0,
        "MALICIOUS": 0,
        "SANE": 0,
        "VALID": 0,
        "total": 100.01390316296164
    }
}