{
    "counter": {
        "ACTIVE": 16135,
        "INACTIVE": 83,
        "INVALID": 0,
        "MALICIOUS": 0,
        "SANE": 0,
        "VALID": 0,
        "total": 16218
    },
    "percentage": {
        "ACTIVE": 99.48822296214082,
        "INACTIVE": 0.5134232339477917,
        "INVALID": 0,
        "MALICIOUS": 0,
        "SANE": 0,
        "VALID": 0,
        "total": 100.00164619608861
    }
}