{
    "counter": {
        "ACTIVE": 12764,
        "INACTIVE": 23,
        "INVALID": 0,
        "MALICIOUS": 0,
        "SANE": 0,
        "VALID": 0,
        "total": 12787
    },
    "percentage": {
        "ACTIVE": 99.82012981934777,
        "INACTIVE": 0.18086026578595582,
        "INVALID": 0,
        "MALICIOUS": 0,
        "SANE": 0,
        "VALID": 0,
        "total": 100.00099008513372
    }
}