{
    "counter": {
        "ACTIVE": 17097,
        "INACTIVE": 22,
        "INVALID": 0,
        "MALICIOUS": 0,
        "SANE": 0,
        "VALID": 0,
        "total": 17119
    },
    "percentage": {
        "ACTIVE": 99.87148782055027,
        "INACTIVE": 0.1770053906187143,
        "INVALID": 0,
        "MALICIOUS": 0,
        "SANE": 0,
        "VALID": 0,
        "total": 100.04849321116899
    }
}