{
    "counter": {
        "ACTIVE": 14550,
        "INACTIVE": 4,
        "INVALID": 0,
        "MALICIOUS": 0,
        "SANE": 0,
        "VALID": 0,
        "total": 14554
    },
    "percentage": {
        "ACTIVE": 99.97251614676378,
        "INACTIVE": 0.037965072133637055,
        "INVALID": 0,
        "MALICIOUS": 0,
        "SANE": 0,
        "VALID": 0,
        "total": 100.01048121889741
    }
}