{
    "counter": {
        "ACTIVE": 10596,
        "INACTIVE": 3,
        "INVALID": 0,
        "MALICIOUS": 0,
        "SANE": 0,
        "VALID": 0,
        "total": 10599
    },
    "percentage": {
        "ACTIVE": 99.97169544296632,
        "INACTIVE": 0.044111160123511246,
        "INVALID": 0,
        "MALICIOUS": 0,
        "SANE": 0,
        "VALID": 0,
        "total": 100.01580660308983
    }
}