{
    "counter": {
        "ACTIVE": 16808,
        "INACTIVE": 24,
        "INVALID": 0,
        "MALICIOUS": 0,
        "SANE": 0,
        "VALID": 0,
        "total": 16832
    },
    "percentage": {
        "ACTIVE": 99.8574144486692,
        "INACTIVE": 0.14258555133079848,
        "INVALID": 0.0,
        "MALICIOUS": 0.0,
        "SANE": 0.0,
        "VALID": 0.0,
        "total": 100.0
    }
}