{
    "counter": {
        "ACTIVE": 3825,
        "INACTIVE": 13,
        "INVALID": 0,
        "MALICIOUS": 0,
        "SANE": 0,
        "VALID": 0,
        "total": 3838
    },
    "percentage": {
        "ACTIVE": 99.66128191766545,
        "INACTIVE": 0.35278154681139756,
        "INVALID": 0,
        "MALICIOUS": 0,
        "SANE": 0,
        "VALID": 0,
        "total": 100.01406346447685
    }
}