{
    "counter": {
        "ACTIVE": 5436,
        "INACTIVE": 2,
        "INVALID": 0,
        "MALICIOUS": 0,
        "SANE": 0,
        "VALID": 0,
        "total": 5438
    },
    "percentage": {
        "ACTIVE": 99.96322177271055,
        "INACTIVE": 0.0685166152792052,
        "INVALID": 0,
        "MALICIOUS": 0,
        "SANE": 0,
        "VALID": 0,
        "total": 100.03173838798976
    }
}