{
    "counter": {
        "ACTIVE": 16927,
        "INACTIVE": 36,
        "INVALID": 0,
        "MALICIOUS": 0,
        "SANE": 0,
        "VALID": 0,
        "total": 16963
    },
    "percentage": {
        "ACTIVE": 99.78777338914107,
        "INACTIVE": 0.26191342306293197,
        "INVALID": 0,
        "MALICIOUS": 0,
        "SANE": 0,
        "VALID": 0,
        "total": 100.049686812204
    }
}