{
    "counter": {
        "ACTIVE": 223051,
        "INACTIVE": 14,
        "INVALID": 0,
        "MALICIOUS": 0,
        "SANE": 0,
        "VALID": 0,
        "total": 223065
    },
    "percentage": {
        "ACTIVE": 99.9937238024791,
        "INACTIVE": 0.006299212598425197,
        "INVALID": 0,
        "MALICIOUS": 0,
        "SANE": 0,
        "VALID": 0,
        "total": 100.00002301507752
    }
}