{
    "counter": {
        "ACTIVE": 16343,
        "INACTIVE": 33,
        "INVALID": 0,
        "MALICIOUS": 0,
        "SANE": 0,
        "VALID": 0,
        "total": 16376
    },
    "percentage": {
        "ACTIVE": 99.79848558866634,
        "INACTIVE": 0.20683171419617674,
        "INVALID": 0,
        "MALICIOUS": 0,
        "SANE": 0,
        "VALID": 0,
        "total": 100.00531730286251
    }
}