{
    "counter": {
        "ACTIVE": 14662,
        "INACTIVE": 38,
        "INVALID": 0,
        "MALICIOUS": 0,
        "SANE": 0,
        "VALID": 0,
        "total": 14700
    },
    "percentage": {
        "ACTIVE": 99.74149659863946,
        "INACTIVE": 0.3520800518854813,
        "INVALID": 0,
        "MALICIOUS": 0,
        "SANE": 0,
        "VALID": 0,
        "total": 100.09357665052494
    }
}