{
    "counter": {
        "ACTIVE": 16974,
        "INACTIVE": 25,
        "INVALID": 0,
        "MALICIOUS": 0,
        "SANE": 0,
        "VALID": 0,
        "total": 16999
    },
    "percentage": {
        "ACTIVE": 99.85293252544267,
        "INACTIVE": 0.19152685206465947,
        "INVALID": 0,
        "MALICIOUS": 0,
        "SANE": 0,
        "VALID": 0,
        "total": 100.04445937750732
    }
}