{
    "counter": {
        "ACTIVE": 16704,
        "INACTIVE": 10,
        "INVALID": 0,
        "MALICIOUS": 0,
        "SANE": 0,
        "VALID": 0,
        "total": 16714
    },
    "percentage": {
        "ACTIVE": 99.94016991743449,
        "INACTIVE": 0.062169723344731115,
        "INVALID": 0,
        "MALICIOUS": 0,
        "SANE": 0,
        "VALID": 0,
        "total": 100.00233964077923
    }
}