{
    "counter": {
        "ACTIVE": 15839,
        "INACTIVE": 26,
        "INVALID": 0,
        "MALICIOUS": 0,
        "SANE": 0,
        "VALID": 0,
        "total": 15865
    },
    "percentage": {
        "ACTIVE": 99.8361172392058,
        "INACTIVE": 0.16448408932751313,
        "INVALID": 0,
        "MALICIOUS": 0,
        "SANE": 0,
        "VALID": 0,
        "total": 100.00060132853332
    }
}