{
    "counter": {
        "ACTIVE": 7971,
        "INACTIVE": 19,
        "INVALID": 0,
        "MALICIOUS": 0,
        "SANE": 0,
        "VALID": 0,
        "total": 7990
    },
    "percentage": {
        "ACTIVE": 99.7622027534418,
        "INACTIVE": 0.24918032786885247,
        "INVALID": 0,
        "MALICIOUS": 0,
        "SANE": 0,
        "VALID": 0,
        "total": 100.01138308131065
    }
}