{
    "counter": {
        "ACTIVE": 11260,
        "INACTIVE": 7,
        "INVALID": 0,
        "MALICIOUS": 0,
        "SANE": 0,
        "VALID": 0,
        "total": 11267
    },
    "percentage": {
        "ACTIVE": 99.93787166060176,
        "INACTIVE": 0.06955484896661367,
        "INVALID": 0,
        "MALICIOUS": 0,
        "SANE": 0,
        "VALID": 0,
        "total": 100.00742650956838
    }
}