{
    "counter": {
        "ACTIVE": 7496,
        "INACTIVE": 4,
        "INVALID": 0,
        "MALICIOUS": 0,
        "SANE": 0,
        "VALID": 0,
        "total": 7500
    },
    "percentage": {
        "ACTIVE": 99.94666666666667,
        "INACTIVE": 0.060551014229488345,
        "INVALID": 0,
        "MALICIOUS": 0,
        "SANE": 0,
        "VALID": 0,
        "total": 100.00721768089616
    }
}