{
    "counter": {
        "ACTIVE": 15210,
        "INACTIVE": 15,
        "INVALID": 0,
        "MALICIOUS": 0,
        "SANE": 0,
        "VALID": 0,
        "total": 15225
    },
    "percentage": {
        "ACTIVE": 99.90147783251231,
        "INACTIVE": 0.12573344509639564,
        "INVALID": 0,
        "MALICIOUS": 0,
        "SANE": 0,
        "VALID": 0,
        "total": 100.02721127760871
    }
}