{
    "counter": {
        "ACTIVE": 201055,
        "INACTIVE": 13,
        "INVALID": 0,
        "MALICIOUS": 0,
        "SANE": 0,
        "VALID": 0,
        "total": 201068
    },
    "percentage": {
        "ACTIVE": 99.99353452563312,
        "INACTIVE": 0.010932086514850819,
        "INVALID": 0,
        "MALICIOUS": 0,
        "SANE": 0,
        "VALID": 0,
        "total": 100.00446661214798
    }
}