{
    "counter": {
        "ACTIVE": 16867,
        "INACTIVE": 36,
        "INVALID": 0,
        "MALICIOUS": 0,
        "SANE": 0,
        "VALID": 0,
        "total": 16903
    },
    "percentage": {
        "ACTIVE": 99.78702005561144,
        "INACTIVE": 0.26191342306293197,
        "INVALID": 0,
        "MALICIOUS": 0,
        "SANE": 0,
        "VALID": 0,
        "total": 100.04893347867437
    }
}