{
    "counter": {
        "ACTIVE": 7459,
        "INACTIVE": 2,
        "INVALID": 0,
        "MALICIOUS": 0,
        "SANE": 0,
        "VALID": 0,
        "total": 7461
    },
    "percentage": {
        "ACTIVE": 99.97319394183086,
        "INACTIVE": 0.04096681687832855,
        "INVALID": 0,
        "MALICIOUS": 0,
        "SANE": 0,
        "VALID": 0,
        "total": 100.01416075870918
    }
}