{
    "counter": {
        "ACTIVE": 6587,
        "INACTIVE": 208,
        "INVALID": 0,
        "MALICIOUS": 0,
        "SANE": 0,
        "VALID": 0,
        "total": 6795
    },
    "percentage": {
        "ACTIVE": 96.98174322732626,
        "INACTIVE": 3.061074319352465,
        "INVALID": 0,
        "MALICIOUS": 0,
        "SANE": 0,
        "VALID": 0,
        "total": 100.04281754667873
    }
}