{
    "counter": {
        "ACTIVE": 15477,
        "INACTIVE": 10,
        "INVALID": 0,
        "MALICIOUS": 0,
        "SANE": 0,
        "VALID": 0,
        "total": 15487
    },
    "percentage": {
        "ACTIVE": 99.93542971524505,
        "INACTIVE": 0.06809669731018046,
        "INVALID": 0,
        "MALICIOUS": 0,
        "SANE": 0,
        "VALID": 0,
        "total": 100.00352641255523
    }
}