{
    "counter": {
        "ACTIVE": 137798,
        "INACTIVE": 13,
        "INVALID": 0,
        "MALICIOUS": 0,
        "SANE": 0,
        "VALID": 0,
        "total": 137811
    },
    "percentage": {
        "ACTIVE": 99.99056679074965,
        "INACTIVE": 0.010932086514850819,
        "INVALID": 0,
        "MALICIOUS": 0,
        "SANE": 0,
        "VALID": 0,
        "total": 100.00149887726451
    }
}