{
    "counter": {
        "ACTIVE": 15761,
        "INACTIVE": 8,
        "INVALID": 0,
        "MALICIOUS": 0,
        "SANE": 0,
        "VALID": 0,
        "total": 15769
    },
    "percentage": {
        "ACTIVE": 99.94926755025683,
        "INACTIVE": 0.05225342913128674,
        "INVALID": 0,
        "MALICIOUS": 0,
        "SANE": 0,
        "VALID": 0,
        "total": 100.00152097938812
    }
}