{
    "counter": {
        "ACTIVE": 12020,
        "INACTIVE": 8,
        "INVALID": 0,
        "MALICIOUS": 0,
        "SANE": 0,
        "VALID": 0,
        "total": 12028
    },
    "percentage": {
        "ACTIVE": 99.93348852677087,
        "INACTIVE": 0.0689714630571601,
        "INVALID": 0,
        "MALICIOUS": 0,
        "SANE": 0,
        "VALID": 0,
        "total": 100.00245998982804
    }
}