{
    "counter": {
        "ACTIVE": 15651,
        "INACTIVE": 26,
        "INVALID": 0,
        "MALICIOUS": 0,
        "SANE": 0,
        "VALID": 0,
        "total": 15677
    },
    "percentage": {
        "ACTIVE": 99.83415194233591,
        "INACTIVE": 0.18696965338702717,
        "INVALID": 0,
        "MALICIOUS": 0,
        "SANE": 0,
        "VALID": 0,
        "total": 100.02112159572293
    }
}