{
    "counter": {
        "ACTIVE": 16677,
        "INACTIVE": 2,
        "INVALID": 0,
        "MALICIOUS": 0,
        "SANE": 0,
        "VALID": 0,
        "total": 16679
    },
    "percentage": {
        "ACTIVE": 99.98800887343366,
        "INACTIVE": 0.01349345567399811,
        "INVALID": 0,
        "MALICIOUS": 0,
        "SANE": 0,
        "VALID": 0,
        "total": 100.00150232910765
    }
}