{
    "counter": {
        "ACTIVE": 4252,
        "INACTIVE": 1,
        "INVALID": 0,
        "MALICIOUS": 0,
        "SANE": 0,
        "VALID": 0,
        "total": 4253
    },
    "percentage": {
        "ACTIVE": 99.9764871855161,
        "INACTIVE": 0.5376344086021505,
        "INVALID": 0,
        "MALICIOUS": 0,
        "SANE": 0,
        "VALID": 0,
        "total": 100.51412159411825
    }
}