{
    "counter": {
        "ACTIVE": 15970,
        "INACTIVE": 11,
        "INVALID": 0,
        "MALICIOUS": 0,
        "SANE": 0,
        "VALID": 0,
        "total": 15981
    },
    "percentage": {
        "ACTIVE": 99.9311682623115,
        "INACTIVE": 0.0728959575878065,
        "INVALID": 0,
        "MALICIOUS": 0,
        "SANE": 0,
        "VALID": 0,
        "total": 100.0040642198993
    }
}