{
    "counter": {
        "ACTIVE": 14203,
        "INACTIVE": 4,
        "INVALID": 0,
        "MALICIOUS": 0,
        "SANE": 0,
        "VALID": 0,
        "total": 14207
    },
    "percentage": {
        "ACTIVE": 99.97184486520729,
        "INACTIVE": 0.03644314868804665,
        "INVALID": 0,
        "MALICIOUS": 0,
        "SANE": 0,
        "VALID": 0,
        "total": 100.00828801389534
    }
}