{
    "counter": {
        "ACTIVE": 17889,
        "INACTIVE": 556,
        "INVALID": 0,
        "MALICIOUS": 0,
        "SANE": 0,
        "VALID": 0,
        "total": 18445
    },
    "percentage": {
        "ACTIVE": 96.98563296286257,
        "INACTIVE": 3.014367037137436,
        "INVALID": 0.0,
        "MALICIOUS": 0.0,
        "SANE": 0.0,
        "VALID": 0.0,
        "total": 100.0
    }
}