{
    "counter": {
        "ACTIVE": 16244,
        "INACTIVE": 2,
        "INVALID": 0,
        "MALICIOUS": 0,
        "SANE": 0,
        "VALID": 0,
        "total": 16246
    },
    "percentage": {
        "ACTIVE": 99.98768927736059,
        "INACTIVE": 0.02557544757033248,
        "INVALID": 0,
        "MALICIOUS": 0,
        "SANE": 0,
        "VALID": 0,
        "total": 100.01326472493092
    }
}