{
    "counter": {
        "ACTIVE": 18892,
        "INACTIVE": 2,
        "INVALID": 0,
        "MALICIOUS": 0,
        "SANE": 0,
        "VALID": 0,
        "total": 18894
    },
    "percentage": {
        "ACTIVE": 99.98941462898274,
        "INACTIVE": 0.010585371017254154,
        "INVALID": 0.0,
        "MALICIOUS": 0.0,
        "SANE": 0.0,
        "VALID": 0.0,
        "total": 100.0
    }
}