{
    "counter": {
        "ACTIVE": 184804,
        "INACTIVE": 13,
        "INVALID": 0,
        "MALICIOUS": 0,
        "SANE": 0,
        "VALID": 0,
        "total": 184817
    },
    "percentage": {
        "ACTIVE": 99.99296601503109,
        "INACTIVE": 0.010932086514850819,
        "INVALID": 0,
        "MALICIOUS": 0,
        "SANE": 0,
        "VALID": 0,
        "total": 100.00389810154594
    }
}