{
    "counter": {
        "ACTIVE": 11621,
        "INACTIVE": 2,
        "INVALID": 0,
        "MALICIOUS": 0,
        "SANE": 0,
        "VALID": 0,
        "total": 11623
    },
    "percentage": {
        "ACTIVE": 99.98279273853566,
        "INACTIVE": 0.023196474135931337,
        "INVALID": 0,
        "MALICIOUS": 0,
        "SANE": 0,
        "VALID": 0,
        "total": 100.0059892126716
    }
}