{
    "counter": {
        "ACTIVE": 16753,
        "INACTIVE": 3,
        "INVALID": 0,
        "MALICIOUS": 0,
        "SANE": 0,
        "VALID": 0,
        "total": 16756
    },
    "percentage": {
        "ACTIVE": 99.98209596562425,
        "INACTIVE": 0.019719976336028396,
        "INVALID": 0,
        "MALICIOUS": 0,
        "SANE": 0,
        "VALID": 0,
        "total": 100.00181594196029
    }
}