{
    "counter": {
        "ACTIVE": 9198,
        "INACTIVE": 49,
        "INVALID": 0,
        "MALICIOUS": 0,
        "SANE": 0,
        "VALID": 0,
        "total": 9247
    },
    "percentage": {
        "ACTIVE": 99.47009841029524,
        "INACTIVE": 0.5713619402985075,
        "INVALID": 0,
        "MALICIOUS": 0,
        "SANE": 0,
        "VALID": 0,
        "total": 100.04146035059374
    }
}