{
    "counter": {
        "ACTIVE": 328208,
        "INACTIVE": 36,
        "INVALID": 1,
        "MALICIOUS": 0,
        "SANE": 0,
        "VALID": 0,
        "total": 328245
    },
    "percentage": {
        "ACTIVE": 99.98872793188015,
        "INACTIVE": 0.1837953744830755,
        "INVALID": 0.010577533319229955,
        "MALICIOUS": 0,
        "SANE": 0,
        "VALID": 0,
        "total": 100.18310083968245
    }
}