{
    "counter": {
        "ACTIVE": 16052,
        "INACTIVE": 5,
        "INVALID": 0,
        "MALICIOUS": 0,
        "SANE": 0,
        "VALID": 0,
        "total": 16057
    },
    "percentage": {
        "ACTIVE": 99.96886093292645,
        "INACTIVE": 0.03126367785906334,
        "INVALID": 0,
        "MALICIOUS": 0,
        "SANE": 0,
        "VALID": 0,
        "total": 100.0001246107855
    }
}