{
    "counter": {
        "ACTIVE": 162256,
        "INACTIVE": 13,
        "INVALID": 0,
        "MALICIOUS": 0,
        "SANE": 0,
        "VALID": 0,
        "total": 162269
    },
    "percentage": {
        "ACTIVE": 99.99198861150312,
        "INACTIVE": 0.010932086514850819,
        "INVALID": 0,
        "MALICIOUS": 0,
        "SANE": 0,
        "VALID": 0,
        "total": 100.00292069801797
    }
}