{
    "counter": {
        "ACTIVE": 12843,
        "INACTIVE": 3,
        "INVALID": 0,
        "MALICIOUS": 0,
        "SANE": 0,
        "VALID": 0,
        "total": 12846
    },
    "percentage": {
        "ACTIVE": 99.97664642690332,
        "INACTIVE": 0.040328001075413365,
        "INVALID": 0,
        "MALICIOUS": 0,
        "SANE": 0,
        "VALID": 0,
        "total": 100.01697442797872
    }
}