{
    "counter": {
        "ACTIVE": 99080,
        "INACTIVE": 10,
        "INVALID": 0,
        "MALICIOUS": 0,
        "SANE": 0,
        "VALID": 0,
        "total": 99090
    },
    "percentage": {
        "ACTIVE": 99.98990816429509,
        "INACTIVE": 0.02183549140773413,
        "INVALID": 0,
        "MALICIOUS": 0,
        "SANE": 0,
        "VALID": 0,
        "total": 100.01174365570282
    }
}