{
    "counter": {
        "ACTIVE": 15936,
        "INACTIVE": 48,
        "INVALID": 0,
        "MALICIOUS": 0,
        "SANE": 0,
        "VALID": 0,
        "total": 15984
    },
    "percentage": {
        "ACTIVE": 99.69969969969969,
        "INACTIVE": 0.3010536879076769,
        "INVALID": 0,
        "MALICIOUS": 0,
        "SANE": 0,
        "VALID": 0,
        "total": 100.00075338760738
    }
}