{
    "counter": {
        "ACTIVE": 292789,
        "INACTIVE": 14,
        "INVALID": 0,
        "MALICIOUS": 0,
        "SANE": 0,
        "VALID": 0,
        "total": 292803
    },
    "percentage": {
        "ACTIVE": 99.99521862822444,
        "INACTIVE": 0.006299212598425197,
        "INVALID": 0,
        "MALICIOUS": 0,
        "SANE": 0,
        "VALID": 0,
        "total": 100.00151784082286
    }
}