{
    "counter": {
        "ACTIVE": 10320,
        "INACTIVE": 209,
        "INVALID": 0,
        "MALICIOUS": 0,
        "SANE": 0,
        "VALID": 0,
        "total": 10529
    },
    "percentage": {
        "ACTIVE": 98.01500617342577,
        "INACTIVE": 1.9853709508881923,
        "INVALID": 0,
        "MALICIOUS": 0,
        "SANE": 0,
        "VALID": 0,
        "total": 100.00037712431397
    }
}