{
    "counter": {
        "ACTIVE": 16877,
        "INACTIVE": 9,
        "INVALID": 0,
        "MALICIOUS": 0,
        "SANE": 0,
        "VALID": 0,
        "total": 16886
    },
    "percentage": {
        "ACTIVE": 99.94670140945162,
        "INACTIVE": 0.05593536357986327,
        "INVALID": 0,
        "MALICIOUS": 0,
        "SANE": 0,
        "VALID": 0,
        "total": 100.00263677303148
    }
}