{
    "counter": {
        "ACTIVE": 15832,
        "INACTIVE": 42,
        "INVALID": 0,
        "MALICIOUS": 0,
        "SANE": 0,
        "VALID": 0,
        "total": 15874
    },
    "percentage": {
        "ACTIVE": 99.73541640418294,
        "INACTIVE": 0.3643935450286309,
        "INVALID": 0,
        "MALICIOUS": 0,
        "SANE": 0,
        "VALID": 0,
        "total": 100.09980994921158
    }
}