{
    "counter": {
        "ACTIVE": 285899,
        "INACTIVE": 14,
        "INVALID": 0,
        "MALICIOUS": 0,
        "SANE": 0,
        "VALID": 0,
        "total": 285913
    },
    "percentage": {
        "ACTIVE": 99.99510340558142,
        "INACTIVE": 0.006299212598425197,
        "INVALID": 0,
        "MALICIOUS": 0,
        "SANE": 0,
        "VALID": 0,
        "total": 100.00140261817984
    }
}