{
    "counter": {
        "ACTIVE": 16702,
        "INACTIVE": 31,
        "INVALID": 0,
        "MALICIOUS": 0,
        "SANE": 0,
        "VALID": 0,
        "total": 16733
    },
    "percentage": {
        "ACTIVE": 99.81473734536544,
        "INACTIVE": 0.24073930263260077,
        "INVALID": 0,
        "MALICIOUS": 0,
        "SANE": 0,
        "VALID": 0,
        "total": 100.05547664799805
    }
}