{
    "counter": {
        "ACTIVE": 16710,
        "INACTIVE": 42,
        "INVALID": 0,
        "MALICIOUS": 0,
        "SANE": 0,
        "VALID": 0,
        "total": 16752
    },
    "percentage": {
        "ACTIVE": 99.74928366762178,
        "INACTIVE": 0.2821063944116067,
        "INVALID": 0,
        "MALICIOUS": 0,
        "SANE": 0,
        "VALID": 0,
        "total": 100.0313900620334
    }
}