{
    "counter": {
        "ACTIVE": 18839,
        "INACTIVE": 3,
        "INVALID": 0,
        "MALICIOUS": 0,
        "SANE": 0,
        "VALID": 0,
        "total": 18842
    },
    "percentage": {
        "ACTIVE": 99.98407812334148,
        "INACTIVE": 0.01592187665852882,
        "INVALID": 0.0,
        "MALICIOUS": 0.0,
        "SANE": 0.0,
        "VALID": 0.0,
        "total": 100.0
    }
}