{
    "counter": {
        "ACTIVE": 15826,
        "INACTIVE": 7,
        "INVALID": 0,
        "MALICIOUS": 0,
        "SANE": 0,
        "VALID": 0,
        "total": 15833
    },
    "percentage": {
        "ACTIVE": 99.9557885429167,
        "INACTIVE": 0.04742868758045938,
        "INVALID": 0,
        "MALICIOUS": 0,
        "SANE": 0,
        "VALID": 0,
        "total": 100.00321723049716
    }
}