{
    "counter": {
        "ACTIVE": 7276,
        "INACTIVE": 8,
        "INVALID": 0,
        "MALICIOUS": 0,
        "SANE": 0,
        "VALID": 0,
        "total": 7284
    },
    "percentage": {
        "ACTIVE": 99.890170236134,
        "INACTIVE": 0.11862396204033215,
        "INVALID": 0,
        "MALICIOUS": 0,
        "SANE": 0,
        "VALID": 0,
        "total": 100.00879419817433
    }
}