{
    "counter": {
        "ACTIVE": 275641,
        "INACTIVE": 14,
        "INVALID": 0,
        "MALICIOUS": 0,
        "SANE": 0,
        "VALID": 0,
        "total": 275655
    },
    "percentage": {
        "ACTIVE": 99.99492118771653,
        "INACTIVE": 0.006299212598425197,
        "INVALID": 0,
        "MALICIOUS": 0,
        "SANE": 0,
        "VALID": 0,
        "total": 100.00122040031495
    }
}