{
    "counter": {
        "ACTIVE": 13626,
        "INACTIVE": 4,
        "INVALID": 0,
        "MALICIOUS": 0,
        "SANE": 0,
        "VALID": 0,
        "total": 13630
    },
    "percentage": {
        "ACTIVE": 99.97065297138664,
        "INACTIVE": 0.029967036260113874,
        "INVALID": 0,
        "MALICIOUS": 0,
        "SANE": 0,
        "VALID": 0,
        "total": 100.00062000764676
    }
}