{
    "counter": {
        "ACTIVE": 18870,
        "INACTIVE": 1,
        "INVALID": 0,
        "MALICIOUS": 0,
        "SANE": 0,
        "VALID": 0,
        "total": 18871
    },
    "percentage": {
        "ACTIVE": 99.9947008637592,
        "INACTIVE": 0.005299136240792751,
        "INVALID": 0.0,
        "MALICIOUS": 0.0,
        "SANE": 0.0,
        "VALID": 0.0,
        "total": 100.0
    }
}