{
    "counter": {
        "ACTIVE": 10779,
        "INACTIVE": 3,
        "INVALID": 0,
        "MALICIOUS": 0,
        "SANE": 0,
        "VALID": 0,
        "total": 10782
    },
    "percentage": {
        "ACTIVE": 99.97217584863661,
        "INACTIVE": 0.05466472303206997,
        "INVALID": 0,
        "MALICIOUS": 0,
        "SANE": 0,
        "VALID": 0,
        "total": 100.02684057166869
    }
}