{
    "counter": {
        "ACTIVE": 18836,
        "INACTIVE": 5,
        "INVALID": 0,
        "MALICIOUS": 0,
        "SANE": 0,
        "VALID": 0,
        "total": 18841
    },
    "percentage": {
        "ACTIVE": 99.97346213046016,
        "INACTIVE": 0.026537869539833343,
        "INVALID": 0.0,
        "MALICIOUS": 0.0,
        "SANE": 0.0,
        "VALID": 0.0,
        "total": 100.0
    }
}