{
    "counter": {
        "ACTIVE": 9537,
        "INACTIVE": 2,
        "INVALID": 0,
        "MALICIOUS": 0,
        "SANE": 0,
        "VALID": 0,
        "total": 9539
    },
    "percentage": {
        "ACTIVE": 99.97903344166055,
        "INACTIVE": 0.04964010920824026,
        "INVALID": 0,
        "MALICIOUS": 0,
        "SANE": 0,
        "VALID": 0,
        "total": 100.02867355086879
    }
}