{
    "counter": {
        "ACTIVE": 16556,
        "INACTIVE": 21,
        "INVALID": 0,
        "MALICIOUS": 0,
        "SANE": 0,
        "VALID": 0,
        "total": 16577
    },
    "percentage": {
        "ACTIVE": 99.87331845327864,
        "INACTIVE": 0.1348747591522158,
        "INVALID": 0,
        "MALICIOUS": 0,
        "SANE": 0,
        "VALID": 0,
        "total": 100.00819321243085
    }
}