{
    "counter": {
        "ACTIVE": 16635,
        "INACTIVE": 38,
        "INVALID": 0,
        "MALICIOUS": 0,
        "SANE": 0,
        "VALID": 0,
        "total": 16673
    },
    "percentage": {
        "ACTIVE": 99.7720866070893,
        "INACTIVE": 0.23565891472868217,
        "INVALID": 0,
        "MALICIOUS": 0,
        "SANE": 0,
        "VALID": 0,
        "total": 100.007745521818
    }
}