{
    "counter": {
        "ACTIVE": 15949,
        "INACTIVE": 9,
        "INVALID": 0,
        "MALICIOUS": 0,
        "SANE": 0,
        "VALID": 0,
        "total": 15958
    },
    "percentage": {
        "ACTIVE": 99.94360195513222,
        "INACTIVE": 0.11335012594458438,
        "INVALID": 0,
        "MALICIOUS": 0,
        "SANE": 0,
        "VALID": 0,
        "total": 100.0569520810768
    }
}