{
    "counter": {
        "ACTIVE": 9335,
        "INACTIVE": 8,
        "INVALID": 0,
        "MALICIOUS": 0,
        "SANE": 0,
        "VALID": 0,
        "total": 9343
    },
    "percentage": {
        "ACTIVE": 99.91437439794498,
        "INACTIVE": 0.09068238494672409,
        "INVALID": 0,
        "MALICIOUS": 0,
        "SANE": 0,
        "VALID": 0,
        "total": 100.0050567828917
    }
}