{
    "counter": {
        "ACTIVE": 15850,
        "INACTIVE": 9,
        "INVALID": 0,
        "MALICIOUS": 0,
        "SANE": 0,
        "VALID": 0,
        "total": 15859
    },
    "percentage": {
        "ACTIVE": 99.94324988965256,
        "INACTIVE": 0.057814607824243594,
        "INVALID": 0,
        "MALICIOUS": 0,
        "SANE": 0,
        "VALID": 0,
        "total": 100.0010644974768
    }
}