{
    "counter": {
        "ACTIVE": 10253,
        "INACTIVE": 5,
        "INVALID": 0,
        "MALICIOUS": 0,
        "SANE": 0,
        "VALID": 0,
        "total": 10258
    },
    "percentage": {
        "ACTIVE": 99.95125755507897,
        "INACTIVE": 0.066711140760507,
        "INVALID": 0,
        "MALICIOUS": 0,
        "SANE": 0,
        "VALID": 0,
        "total": 100.01796869583947
    }
}