{
    "counter": {
        "ACTIVE": 4777,
        "INACTIVE": 1,
        "INVALID": 0,
        "MALICIOUS": 0,
        "SANE": 0,
        "VALID": 0,
        "total": 4778
    },
    "percentage": {
        "ACTIVE": 99.97907074089578,
        "INACTIVE": 0.03469812630117974,
        "INVALID": 0,
        "MALICIOUS": 0,
        "SANE": 0,
        "VALID": 0,
        "total": 100.01376886719696
    }
}