{
    "counter": {
        "ACTIVE": 2198,
        "INACTIVE": 2,
        "INVALID": 0,
        "MALICIOUS": 0,
        "SANE": 0,
        "VALID": 0,
        "total": 2200
    },
    "percentage": {
        "ACTIVE": 99.9090909090909,
        "INACTIVE": 1.1049723756906078,
        "INVALID": 0,
        "MALICIOUS": 0,
        "SANE": 0,
        "VALID": 0,
        "total": 101.01406328478151
    }
}