{
    "counter": {
        "ACTIVE": 55564,
        "INACTIVE": 36,
        "INVALID": 1,
        "MALICIOUS": 0,
        "SANE": 0,
        "VALID": 0,
        "total": 55601
    },
    "percentage": {
        "ACTIVE": 99.93345443427276,
        "INACTIVE": 0.1837953744830755,
        "INVALID": 0.010577533319229955,
        "MALICIOUS": 0,
        "SANE": 0,
        "VALID": 0,
        "total": 100.12782734207507
    }
}