{
    "counter": {
        "ACTIVE": 15944,
        "INACTIVE": 4,
        "INVALID": 0,
        "MALICIOUS": 0,
        "SANE": 0,
        "VALID": 0,
        "total": 15948
    },
    "percentage": {
        "ACTIVE": 99.9749184850765,
        "INACTIVE": 0.08503401360544217,
        "INVALID": 0,
        "MALICIOUS": 0,
        "SANE": 0,
        "VALID": 0,
        "total": 100.05995249868194
    }
}