{
    "counter": {
        "ACTIVE": 16062,
        "INACTIVE": 36,
        "INVALID": 0,
        "MALICIOUS": 0,
        "SANE": 0,
        "VALID": 0,
        "total": 16098
    },
    "percentage": {
        "ACTIVE": 99.77636973537085,
        "INACTIVE": 0.33222591362126247,
        "INVALID": 0,
        "MALICIOUS": 0,
        "SANE": 0,
        "VALID": 0,
        "total": 100.10859564899211
    }
}