{
    "counter": {
        "ACTIVE": 51764,
        "INACTIVE": 4,
        "INVALID": 0,
        "MALICIOUS": 0,
        "SANE": 0,
        "VALID": 0,
        "total": 51768
    },
    "percentage": {
        "ACTIVE": 99.99227321897698,
        "INACTIVE": 0.013466199838405602,
        "INVALID": 0,
        "MALICIOUS": 0,
        "SANE": 0,
        "VALID": 0,
        "total": 100.00573941881538
    }
}