{
    "counter": {
        "ACTIVE": 178898,
        "INACTIVE": 13,
        "INVALID": 0,
        "MALICIOUS": 0,
        "SANE": 0,
        "VALID": 0,
        "total": 178911
    },
    "percentage": {
        "ACTIVE": 99.99273381737288,
        "INACTIVE": 0.010932086514850819,
        "INVALID": 0,
        "MALICIOUS": 0,
        "SANE": 0,
        "VALID": 0,
        "total": 100.00366590388774
    }
}