{
    "counter": {
        "ACTIVE": 8615,
        "INACTIVE": 2,
        "INVALID": 0,
        "MALICIOUS": 0,
        "SANE": 0,
        "VALID": 0,
        "total": 8617
    },
    "percentage": {
        "ACTIVE": 99.97679006614831,
        "INACTIVE": 0.03129890453834116,
        "INVALID": 0,
        "MALICIOUS": 0,
        "SANE": 0,
        "VALID": 0,
        "total": 100.00808897068666
    }
}