{
    "counter": {
        "ACTIVE": 8602,
        "INACTIVE": 6,
        "INVALID": 0,
        "MALICIOUS": 0,
        "SANE": 0,
        "VALID": 0,
        "total": 8608
    },
    "percentage": {
        "ACTIVE": 99.93029739776952,
        "INACTIVE": 0.0724812756704518,
        "INVALID": 0,
        "MALICIOUS": 0,
        "SANE": 0,
        "VALID": 0,
        "total": 100.00277867343998
    }
}