{
    "counter": {
        "ACTIVE": 9641,
        "INACTIVE": 23,
        "INVALID": 0,
        "MALICIOUS": 0,
        "SANE": 0,
        "VALID": 0,
        "total": 9664
    },
    "percentage": {
        "ACTIVE": 99.76200331125828,
        "INACTIVE": 0.24398005728227432,
        "INVALID": 0,
        "MALICIOUS": 0,
        "SANE": 0,
        "VALID": 0,
        "total": 100.00598336854056
    }
}