{
    "counter": {
        "ACTIVE": 15672,
        "INACTIVE": 8,
        "INVALID": 0,
        "MALICIOUS": 0,
        "SANE": 0,
        "VALID": 0,
        "total": 15680
    },
    "percentage": {
        "ACTIVE": 99.94897959183673,
        "INACTIVE": 0.06234413965087282,
        "INVALID": 0,
        "MALICIOUS": 0,
        "SANE": 0,
        "VALID": 0,
        "total": 100.01132373148761
    }
}