{
    "counter": {
        "ACTIVE": 16979,
        "INACTIVE": 6,
        "INVALID": 0,
        "MALICIOUS": 0,
        "SANE": 0,
        "VALID": 0,
        "total": 16985
    },
    "percentage": {
        "ACTIVE": 99.96467471298205,
        "INACTIVE": 0.03542749173358526,
        "INVALID": 0,
        "MALICIOUS": 0,
        "SANE": 0,
        "VALID": 0,
        "total": 100.00010220471563
    }
}