{
    "counter": {
        "ACTIVE": 14993,
        "INACTIVE": 42,
        "INVALID": 0,
        "MALICIOUS": 0,
        "SANE": 0,
        "VALID": 0,
        "total": 15035
    },
    "percentage": {
        "ACTIVE": 99.72065181243765,
        "INACTIVE": 0.3643935450286309,
        "INVALID": 0,
        "MALICIOUS": 0,
        "SANE": 0,
        "VALID": 0,
        "total": 100.08504535746629
    }
}