{
    "counter": {
        "ACTIVE": 17075,
        "INACTIVE": 22,
        "INVALID": 0,
        "MALICIOUS": 0,
        "SANE": 0,
        "VALID": 0,
        "total": 17097
    },
    "percentage": {
        "ACTIVE": 99.87132245423173,
        "INACTIVE": 0.1770053906187143,
        "INVALID": 0,
        "MALICIOUS": 0,
        "SANE": 0,
        "VALID": 0,
        "total": 100.04832784485045
    }
}