{
    "counter": {
        "ACTIVE": 15093,
        "INACTIVE": 14,
        "INVALID": 0,
        "MALICIOUS": 0,
        "SANE": 0,
        "VALID": 0,
        "total": 15107
    },
    "percentage": {
        "ACTIVE": 99.90732772886741,
        "INACTIVE": 0.10213014298220018,
        "INVALID": 0,
        "MALICIOUS": 0,
        "SANE": 0,
        "VALID": 0,
        "total": 100.00945787184962
    }
}