{
    "counter": {
        "ACTIVE": 16893,
        "INACTIVE": 2,
        "INVALID": 0,
        "MALICIOUS": 0,
        "SANE": 0,
        "VALID": 0,
        "total": 16895
    },
    "percentage": {
        "ACTIVE": 99.98816217815921,
        "INACTIVE": 0.02557544757033248,
        "INVALID": 0,
        "MALICIOUS": 0,
        "SANE": 0,
        "VALID": 0,
        "total": 100.01373762572955
    }
}