{
    "counter": {
        "ACTIVE": 14189,
        "INACTIVE": 5,
        "INVALID": 0,
        "MALICIOUS": 0,
        "SANE": 0,
        "VALID": 0,
        "total": 14194
    },
    "percentage": {
        "ACTIVE": 99.96477384810483,
        "INACTIVE": 0.03757985719654265,
        "INVALID": 0,
        "MALICIOUS": 0,
        "SANE": 0,
        "VALID": 0,
        "total": 100.00235370530137
    }
}