{
    "counter": {
        "ACTIVE": 12062,
        "INACTIVE": 3,
        "INVALID": 0,
        "MALICIOUS": 0,
        "SANE": 0,
        "VALID": 0,
        "total": 12065
    },
    "percentage": {
        "ACTIVE": 99.97513468711148,
        "INACTIVE": 0.050454086781029264,
        "INVALID": 0,
        "MALICIOUS": 0,
        "SANE": 0,
        "VALID": 0,
        "total": 100.02558877389251
    }
}