{
    "counter": {
        "ACTIVE": 9115,
        "INACTIVE": 1,
        "INVALID": 0,
        "MALICIOUS": 0,
        "SANE": 0,
        "VALID": 0,
        "total": 9116
    },
    "percentage": {
        "ACTIVE": 99.98903027643703,
        "INACTIVE": 0.37735849056603776,
        "INVALID": 0,
        "MALICIOUS": 0,
        "SANE": 0,
        "VALID": 0,
        "total": 100.36638876700307
    }
}