{
    "counter": {
        "ACTIVE": 182602,
        "INACTIVE": 13,
        "INVALID": 0,
        "MALICIOUS": 0,
        "SANE": 0,
        "VALID": 0,
        "total": 182615
    },
    "percentage": {
        "ACTIVE": 99.9928811981491,
        "INACTIVE": 0.010932086514850819,
        "INVALID": 0,
        "MALICIOUS": 0,
        "SANE": 0,
        "VALID": 0,
        "total": 100.00381328466396
    }
}