{
    "counter": {
        "ACTIVE": 1222,
        "INACTIVE": 3,
        "INVALID": 0,
        "MALICIOUS": 0,
        "SANE": 0,
        "VALID": 0,
        "total": 1225
    },
    "percentage": {
        "ACTIVE": 99.75510204081633,
        "INACTIVE": 0.5016722408026756,
        "INVALID": 0,
        "MALICIOUS": 0,
        "SANE": 0,
        "VALID": 0,
        "total": 100.256774281619
    }
}