{
    "counter": {
        "ACTIVE": 10230,
        "INACTIVE": 49,
        "INVALID": 0,
        "MALICIOUS": 0,
        "SANE": 0,
        "VALID": 0,
        "total": 10279
    },
    "percentage": {
        "ACTIVE": 99.52329993189998,
        "INACTIVE": 0.5632831359926428,
        "INVALID": 0,
        "MALICIOUS": 0,
        "SANE": 0,
        "VALID": 0,
        "total": 100.08658306789263
    }
}