{
    "counter": {
        "ACTIVE": 16870,
        "INACTIVE": 22,
        "INVALID": 0,
        "MALICIOUS": 0,
        "SANE": 0,
        "VALID": 0,
        "total": 16892
    },
    "percentage": {
        "ACTIVE": 99.86976083353066,
        "INACTIVE": 0.1770053906187143,
        "INVALID": 0,
        "MALICIOUS": 0,
        "SANE": 0,
        "VALID": 0,
        "total": 100.04676622414938
    }
}