{
    "counter": {
        "ACTIVE": 267001,
        "INACTIVE": 14,
        "INVALID": 0,
        "MALICIOUS": 0,
        "SANE": 0,
        "VALID": 0,
        "total": 267015
    },
    "percentage": {
        "ACTIVE": 99.99475684886617,
        "INACTIVE": 0.006299212598425197,
        "INVALID": 0,
        "MALICIOUS": 0,
        "SANE": 0,
        "VALID": 0,
        "total": 100.0010560614646
    }
}