{
    "counter": {
        "ACTIVE": 15091,
        "INACTIVE": 22,
        "INVALID": 0,
        "MALICIOUS": 0,
        "SANE": 0,
        "VALID": 0,
        "total": 15113
    },
    "percentage": {
        "ACTIVE": 99.85442996096076,
        "INACTIVE": 0.14557003903923774,
        "INVALID": 0.0,
        "MALICIOUS": 0.0,
        "SANE": 0.0,
        "VALID": 0.0,
        "total": 100.0
    }
}