{
    "counter": {
        "ACTIVE": 15675,
        "INACTIVE": 24,
        "INVALID": 0,
        "MALICIOUS": 0,
        "SANE": 0,
        "VALID": 0,
        "total": 15699
    },
    "percentage": {
        "ACTIVE": 99.84712402063826,
        "INACTIVE": 0.16090104585679807,
        "INVALID": 0,
        "MALICIOUS": 0,
        "SANE": 0,
        "VALID": 0,
        "total": 100.00802506649507
    }
}