{
    "counter": {
        "ACTIVE": 10007,
        "INACTIVE": 268,
        "INVALID": 0,
        "MALICIOUS": 0,
        "SANE": 0,
        "VALID": 0,
        "total": 10275
    },
    "percentage": {
        "ACTIVE": 97.39172749391727,
        "INACTIVE": 2.625649064367591,
        "INVALID": 0,
        "MALICIOUS": 0,
        "SANE": 0,
        "VALID": 0,
        "total": 100.01737655828487
    }
}