{
    "counter": {
        "ACTIVE": 14701,
        "INACTIVE": 4,
        "INVALID": 0,
        "MALICIOUS": 0,
        "SANE": 0,
        "VALID": 0,
        "total": 14705
    },
    "percentage": {
        "ACTIVE": 99.97279836790207,
        "INACTIVE": 0.0381934498233553,
        "INVALID": 0,
        "MALICIOUS": 0,
        "SANE": 0,
        "VALID": 0,
        "total": 100.01099181772543
    }
}