{
    "counter": {
        "ACTIVE": 346544,
        "INACTIVE": 36,
        "INVALID": 1,
        "MALICIOUS": 0,
        "SANE": 0,
        "VALID": 0,
        "total": 346581
    },
    "percentage": {
        "ACTIVE": 99.98932428494349,
        "INACTIVE": 0.1837953744830755,
        "INVALID": 0.010577533319229955,
        "MALICIOUS": 0,
        "SANE": 0,
        "VALID": 0,
        "total": 100.1836971927458
    }
}