{
    "counter": {
        "ACTIVE": 7309,
        "INACTIVE": 18,
        "INVALID": 0,
        "MALICIOUS": 0,
        "SANE": 0,
        "VALID": 0,
        "total": 7327
    },
    "percentage": {
        "ACTIVE": 99.7543332878395,
        "INACTIVE": 0.2550658920221057,
        "INVALID": 0,
        "MALICIOUS": 0,
        "SANE": 0,
        "VALID": 0,
        "total": 100.0093991798616
    }
}