{
    "counter": {
        "ACTIVE": 14218,
        "INACTIVE": 31,
        "INVALID": 0,
        "MALICIOUS": 0,
        "SANE": 0,
        "VALID": 0,
        "total": 14249
    },
    "percentage": {
        "ACTIVE": 99.78244087304373,
        "INACTIVE": 0.2553542009884679,
        "INVALID": 0,
        "MALICIOUS": 0,
        "SANE": 0,
        "VALID": 0,
        "total": 100.03779507403219
    }
}