{
    "counter": {
        "ACTIVE": 8684,
        "INACTIVE": 5,
        "INVALID": 0,
        "MALICIOUS": 0,
        "SANE": 0,
        "VALID": 0,
        "total": 8689
    },
    "percentage": {
        "ACTIVE": 99.9424559788238,
        "INACTIVE": 0.10229132569558101,
        "INVALID": 0,
        "MALICIOUS": 0,
        "SANE": 0,
        "VALID": 0,
        "total": 100.04474730451938
    }
}