{
    "counter": {
        "ACTIVE": 15648,
        "INACTIVE": 6,
        "INVALID": 0,
        "MALICIOUS": 0,
        "SANE": 0,
        "VALID": 0,
        "total": 15654
    },
    "percentage": {
        "ACTIVE": 99.9616711383672,
        "INACTIVE": 0.04785452225235285,
        "INVALID": 0,
        "MALICIOUS": 0,
        "SANE": 0,
        "VALID": 0,
        "total": 100.00952566061954
    }
}