{
    "counter": {
        "ACTIVE": 16814,
        "INACTIVE": 959,
        "INVALID": 0,
        "MALICIOUS": 0,
        "SANE": 0,
        "VALID": 0,
        "total": 17773
    },
    "percentage": {
        "ACTIVE": 94.60417487199685,
        "INACTIVE": 5.395825128003151,
        "INVALID": 0.0,
        "MALICIOUS": 0.0,
        "SANE": 0.0,
        "VALID": 0.0,
        "total": 100.0
    }
}