{
    "counter": {
        "ACTIVE": 14347,
        "INACTIVE": 11,
        "INVALID": 0,
        "MALICIOUS": 0,
        "SANE": 0,
        "VALID": 0,
        "total": 14358
    },
    "percentage": {
        "ACTIVE": 99.92338765844825,
        "INACTIVE": 0.08180871634686895,
        "INVALID": 0,
        "MALICIOUS": 0,
        "SANE": 0,
        "VALID": 0,
        "total": 100.00519637479512
    }
}