{
    "counter": {
        "ACTIVE": 16114,
        "INACTIVE": 28,
        "INVALID": 0,
        "MALICIOUS": 0,
        "SANE": 0,
        "VALID": 0,
        "total": 16142
    },
    "percentage": {
        "ACTIVE": 99.83272411870392,
        "INACTIVE": 0.17346053772766695,
        "INVALID": 0,
        "MALICIOUS": 0,
        "SANE": 0,
        "VALID": 0,
        "total": 100.00618465643159
    }
}