{
    "counter": {
        "ACTIVE": 13527,
        "INACTIVE": 30,
        "INVALID": 0,
        "MALICIOUS": 0,
        "SANE": 0,
        "VALID": 0,
        "total": 13557
    },
    "percentage": {
        "ACTIVE": 99.77871210444789,
        "INACTIVE": 0.22366360993066428,
        "INVALID": 0,
        "MALICIOUS": 0,
        "SANE": 0,
        "VALID": 0,
        "total": 100.00237571437856
    }
}