{
    "counter": {
        "ACTIVE": 11620,
        "INACTIVE": 28,
        "INVALID": 0,
        "MALICIOUS": 0,
        "SANE": 0,
        "VALID": 0,
        "total": 11648
    },
    "percentage": {
        "ACTIVE": 99.75961538461539,
        "INACTIVE": 0.24142093464390413,
        "INVALID": 0,
        "MALICIOUS": 0,
        "SANE": 0,
        "VALID": 0,
        "total": 100.00103631925928
    }
}