{
    "counter": {
        "ACTIVE": 11168,
        "INACTIVE": 4,
        "INVALID": 0,
        "MALICIOUS": 0,
        "SANE": 0,
        "VALID": 0,
        "total": 11172
    },
    "percentage": {
        "ACTIVE": 99.9641962047977,
        "INACTIVE": 0.03587122231190028,
        "INVALID": 0,
        "MALICIOUS": 0,
        "SANE": 0,
        "VALID": 0,
        "total": 100.0000674271096
    }
}