{
    "counter": {
        "ACTIVE": 15495,
        "INACTIVE": 5,
        "INVALID": 0,
        "MALICIOUS": 0,
        "SANE": 0,
        "VALID": 0,
        "total": 15500
    },
    "percentage": {
        "ACTIVE": 99.96774193548387,
        "INACTIVE": 0.035523978685612786,
        "INVALID": 0,
        "MALICIOUS": 0,
        "SANE": 0,
        "VALID": 0,
        "total": 100.00326591416949
    }
}