{
    "counter": {
        "ACTIVE": 7922,
        "INACTIVE": 1,
        "INVALID": 0,
        "MALICIOUS": 0,
        "SANE": 0,
        "VALID": 0,
        "total": 7923
    },
    "percentage": {
        "ACTIVE": 99.98737851823805,
        "INACTIVE": 0.03469812630117974,
        "INVALID": 0,
        "MALICIOUS": 0,
        "SANE": 0,
        "VALID": 0,
        "total": 100.02207664453923
    }
}