{
    "counter": {
        "ACTIVE": 16463,
        "INACTIVE": 4,
        "INVALID": 0,
        "MALICIOUS": 0,
        "SANE": 0,
        "VALID": 0,
        "total": 16467
    },
    "percentage": {
        "ACTIVE": 99.97570899374507,
        "INACTIVE": 0.08503401360544217,
        "INVALID": 0,
        "MALICIOUS": 0,
        "SANE": 0,
        "VALID": 0,
        "total": 100.06074300735051
    }
}