{
    "counter": {
        "ACTIVE": 18893,
        "INACTIVE": 3,
        "INVALID": 0,
        "MALICIOUS": 0,
        "SANE": 0,
        "VALID": 0,
        "total": 18896
    },
    "percentage": {
        "ACTIVE": 99.98412362404741,
        "INACTIVE": 0.015876375952582556,
        "INVALID": 0.0,
        "MALICIOUS": 0.0,
        "SANE": 0.0,
        "VALID": 0.0,
        "total": 100.0
    }
}