{
    "counter": {
        "ACTIVE": 11039,
        "INACTIVE": 2,
        "INVALID": 0,
        "MALICIOUS": 0,
        "SANE": 0,
        "VALID": 0,
        "total": 11041
    },
    "percentage": {
        "ACTIVE": 99.98188569875917,
        "INACTIVE": 0.029411764705882353,
        "INVALID": 0,
        "MALICIOUS": 0,
        "SANE": 0,
        "VALID": 0,
        "total": 100.01129746346506
    }
}