{
    "counter": {
        "ACTIVE": 14985,
        "INACTIVE": 14,
        "INVALID": 0,
        "MALICIOUS": 0,
        "SANE": 0,
        "VALID": 0,
        "total": 14999
    },
    "percentage": {
        "ACTIVE": 99.9066604440296,
        "INACTIVE": 0.1158173395102581,
        "INVALID": 0,
        "MALICIOUS": 0,
        "SANE": 0,
        "VALID": 0,
        "total": 100.02247778353986
    }
}