{
    "counter": {
        "ACTIVE": 4508,
        "INACTIVE": 10,
        "INVALID": 0,
        "MALICIOUS": 0,
        "SANE": 0,
        "VALID": 0,
        "total": 4518
    },
    "percentage": {
        "ACTIVE": 99.77866312527667,
        "INACTIVE": 0.2290950744558992,
        "INVALID": 0,
        "MALICIOUS": 0,
        "SANE": 0,
        "VALID": 0,
        "total": 100.00775819973256
    }
}