{
    "counter": {
        "ACTIVE": 13131,
        "INACTIVE": 2,
        "INVALID": 0,
        "MALICIOUS": 0,
        "SANE": 0,
        "VALID": 0,
        "total": 13133
    },
    "percentage": {
        "ACTIVE": 99.98477118708597,
        "INACTIVE": 0.021039343572480537,
        "INVALID": 0,
        "MALICIOUS": 0,
        "SANE": 0,
        "VALID": 0,
        "total": 100.00581053065845
    }
}