{
    "counter": {
        "ACTIVE": 16192,
        "INACTIVE": 25,
        "INVALID": 0,
        "MALICIOUS": 0,
        "SANE": 0,
        "VALID": 0,
        "total": 16217
    },
    "percentage": {
        "ACTIVE": 99.8458407843621,
        "INACTIVE": 0.19152685206465947,
        "INVALID": 0,
        "MALICIOUS": 0,
        "SANE": 0,
        "VALID": 0,
        "total": 100.03736763642675
    }
}