{
    "counter": {
        "ACTIVE": 13863,
        "INACTIVE": 25,
        "INVALID": 0,
        "MALICIOUS": 0,
        "SANE": 0,
        "VALID": 0,
        "total": 13888
    },
    "percentage": {
        "ACTIVE": 99.81998847926268,
        "INACTIVE": 0.2019875575664539,
        "INVALID": 0,
        "MALICIOUS": 0,
        "SANE": 0,
        "VALID": 0,
        "total": 100.02197603682913
    }
}