{
    "counter": {
        "ACTIVE": 16732,
        "INACTIVE": 24,
        "INVALID": 0,
        "MALICIOUS": 0,
        "SANE": 0,
        "VALID": 0,
        "total": 16756
    },
    "percentage": {
        "ACTIVE": 99.85676772499403,
        "INACTIVE": 0.16230472712517752,
        "INVALID": 0,
        "MALICIOUS": 0,
        "SANE": 0,
        "VALID": 0,
        "total": 100.0190724521192
    }
}