{
    "counter": {
        "ACTIVE": 16807,
        "INACTIVE": 24,
        "INVALID": 0,
        "MALICIOUS": 0,
        "SANE": 0,
        "VALID": 0,
        "total": 16831
    },
    "percentage": {
        "ACTIVE": 99.85740597706612,
        "INACTIVE": 0.14259402293387202,
        "INVALID": 0.0,
        "MALICIOUS": 0.0,
        "SANE": 0.0,
        "VALID": 0.0,
        "total": 100.0
    }
}