{
    "counter": {
        "ACTIVE": 13675,
        "INACTIVE": 5,
        "INVALID": 0,
        "MALICIOUS": 0,
        "SANE": 0,
        "VALID": 0,
        "total": 13680
    },
    "percentage": {
        "ACTIVE": 99.96345029239767,
        "INACTIVE": 0.038529706403637204,
        "INVALID": 0,
        "MALICIOUS": 0,
        "SANE": 0,
        "VALID": 0,
        "total": 100.0019799988013
    }
}