{
    "counter": {
        "ACTIVE": 16288,
        "INACTIVE": 27,
        "INVALID": 0,
        "MALICIOUS": 0,
        "SANE": 0,
        "VALID": 0,
        "total": 16315
    },
    "percentage": {
        "ACTIVE": 99.83450812136071,
        "INACTIVE": 0.167649798199317,
        "INVALID": 0,
        "MALICIOUS": 0,
        "SANE": 0,
        "VALID": 0,
        "total": 100.00215791956003
    }
}