{
    "counter": {
        "ACTIVE": 14085,
        "INACTIVE": 20,
        "INVALID": 0,
        "MALICIOUS": 0,
        "SANE": 0,
        "VALID": 0,
        "total": 14105
    },
    "percentage": {
        "ACTIVE": 99.85820630981921,
        "INACTIVE": 0.18234865061998543,
        "INVALID": 0,
        "MALICIOUS": 0,
        "SANE": 0,
        "VALID": 0,
        "total": 100.0405549604392
    }
}