{
    "counter": {
        "ACTIVE": 10306,
        "INACTIVE": 26,
        "INVALID": 0,
        "MALICIOUS": 0,
        "SANE": 0,
        "VALID": 0,
        "total": 10332
    },
    "percentage": {
        "ACTIVE": 99.74835462640341,
        "INACTIVE": 0.27745171273076513,
        "INVALID": 0,
        "MALICIOUS": 0,
        "SANE": 0,
        "VALID": 0,
        "total": 100.02580633913418
    }
}