{
    "counter": {
        "ACTIVE": 16714,
        "INACTIVE": 990,
        "INVALID": 0,
        "MALICIOUS": 0,
        "SANE": 0,
        "VALID": 0,
        "total": 17704
    },
    "percentage": {
        "ACTIVE": 94.40804338002711,
        "INACTIVE": 5.591956619972888,
        "INVALID": 0.0,
        "MALICIOUS": 0.0,
        "SANE": 0.0,
        "VALID": 0.0,
        "total": 100.0
    }
}