{
    "counter": {
        "ACTIVE": 16284,
        "INACTIVE": 320,
        "INVALID": 0,
        "MALICIOUS": 0,
        "SANE": 0,
        "VALID": 0,
        "total": 16604
    },
    "percentage": {
        "ACTIVE": 98.07275355336064,
        "INACTIVE": 1.9312009656004827,
        "INVALID": 0,
        "MALICIOUS": 0,
        "SANE": 0,
        "VALID": 0,
        "total": 100.00395451896112
    }
}