{
    "counter": {
        "ACTIVE": 14457,
        "INACTIVE": 2,
        "INVALID": 0,
        "MALICIOUS": 0,
        "SANE": 0,
        "VALID": 0,
        "total": 14459
    },
    "percentage": {
        "ACTIVE": 99.98616778477073,
        "INACTIVE": 0.021039343572480537,
        "INVALID": 0,
        "MALICIOUS": 0,
        "SANE": 0,
        "VALID": 0,
        "total": 100.00720712834321
    }
}