{
    "counter": {
        "ACTIVE": 5224,
        "INACTIVE": 1,
        "INVALID": 0,
        "MALICIOUS": 0,
        "SANE": 0,
        "VALID": 0,
        "total": 5225
    },
    "percentage": {
        "ACTIVE": 99.98086124401914,
        "INACTIVE": 0.058343057176196034,
        "INVALID": 0,
        "MALICIOUS": 0,
        "SANE": 0,
        "VALID": 0,
        "total": 100.03920430119534
    }
}