{
    "counter": {
        "ACTIVE": 7015,
        "INACTIVE": 26,
        "INVALID": 0,
        "MALICIOUS": 0,
        "SANE": 0,
        "VALID": 0,
        "total": 7041
    },
    "percentage": {
        "ACTIVE": 99.63073427070019,
        "INACTIVE": 0.3847292098253921,
        "INVALID": 0,
        "MALICIOUS": 0,
        "SANE": 0,
        "VALID": 0,
        "total": 100.01546348052558
    }
}