{
    "counter": {
        "ACTIVE": 15220,
        "INACTIVE": 895,
        "INVALID": 0,
        "MALICIOUS": 0,
        "SANE": 0,
        "VALID": 0,
        "total": 16115
    },
    "percentage": {
        "ACTIVE": 94.44616816630469,
        "INACTIVE": 5.553831833695315,
        "INVALID": 0.0,
        "MALICIOUS": 0.0,
        "SANE": 0.0,
        "VALID": 0.0,
        "total": 100.0
    }
}