{
    "counter": {
        "ACTIVE": 1181,
        "INACTIVE": 5,
        "INVALID": 0,
        "MALICIOUS": 0,
        "SANE": 0,
        "VALID": 0,
        "total": 1186
    },
    "percentage": {
        "ACTIVE": 99.57841483979765,
        "INACTIVE": 0.46253469010175763,
        "INVALID": 0,
        "MALICIOUS": 0,
        "SANE": 0,
        "VALID": 0,
        "total": 100.04094952989941
    }
}