{
    "counter": {
        "ACTIVE": 15283,
        "INACTIVE": 4,
        "INVALID": 0,
        "MALICIOUS": 0,
        "SANE": 0,
        "VALID": 0,
        "total": 15287
    },
    "percentage": {
        "ACTIVE": 99.9738339765814,
        "INACTIVE": 0.038895371450797356,
        "INVALID": 0,
        "MALICIOUS": 0,
        "SANE": 0,
        "VALID": 0,
        "total": 100.0127293480322
    }
}