{
    "counter": {
        "ACTIVE": 12021,
        "INACTIVE": 36,
        "INVALID": 0,
        "MALICIOUS": 0,
        "SANE": 0,
        "VALID": 0,
        "total": 12057
    },
    "percentage": {
        "ACTIVE": 99.70141826324956,
        "INACTIVE": 0.31061259706643657,
        "INVALID": 0,
        "MALICIOUS": 0,
        "SANE": 0,
        "VALID": 0,
        "total": 100.012030860316
    }
}