{
    "counter": {
        "ACTIVE": 14759,
        "INACTIVE": 10,
        "INVALID": 0,
        "MALICIOUS": 0,
        "SANE": 0,
        "VALID": 0,
        "total": 14769
    },
    "percentage": {
        "ACTIVE": 99.93229060870743,
        "INACTIVE": 0.0686436024162548,
        "INVALID": 0,
        "MALICIOUS": 0,
        "SANE": 0,
        "VALID": 0,
        "total": 100.00093421112369
    }
}