{
    "counter": {
        "ACTIVE": 15868,
        "INACTIVE": 9,
        "INVALID": 0,
        "MALICIOUS": 0,
        "SANE": 0,
        "VALID": 0,
        "total": 15877
    },
    "percentage": {
        "ACTIVE": 99.94331422812874,
        "INACTIVE": 0.057814607824243594,
        "INVALID": 0,
        "MALICIOUS": 0,
        "SANE": 0,
        "VALID": 0,
        "total": 100.00112883595298
    }
}