{
    "counter": {
        "ACTIVE": 6546,
        "INACTIVE": 5,
        "INVALID": 0,
        "MALICIOUS": 0,
        "SANE": 0,
        "VALID": 0,
        "total": 6551
    },
    "percentage": {
        "ACTIVE": 99.92367577469089,
        "INACTIVE": 0.19833399444664815,
        "INVALID": 0,
        "MALICIOUS": 0,
        "SANE": 0,
        "VALID": 0,
        "total": 100.12200976913753
    }
}