{
    "counter": {
        "ACTIVE": 14438,
        "INACTIVE": 4,
        "INVALID": 0,
        "MALICIOUS": 0,
        "SANE": 0,
        "VALID": 0,
        "total": 14442
    },
    "percentage": {
        "ACTIVE": 99.97230300512395,
        "INACTIVE": 0.0381934498233553,
        "INVALID": 0,
        "MALICIOUS": 0,
        "SANE": 0,
        "VALID": 0,
        "total": 100.0104964549473
    }
}