{
    "counter": {
        "ACTIVE": 14636,
        "INACTIVE": 33,
        "INVALID": 0,
        "MALICIOUS": 0,
        "SANE": 0,
        "VALID": 0,
        "total": 14669
    },
    "percentage": {
        "ACTIVE": 99.77503578976072,
        "INACTIVE": 0.23093072078376486,
        "INVALID": 0,
        "MALICIOUS": 0,
        "SANE": 0,
        "VALID": 0,
        "total": 100.00596651054448
    }
}