{
    "counter": {
        "ACTIVE": 4172,
        "INACTIVE": 2,
        "INVALID": 0,
        "MALICIOUS": 0,
        "SANE": 0,
        "VALID": 0,
        "total": 4174
    },
    "percentage": {
        "ACTIVE": 99.95208433157643,
        "INACTIVE": 0.054570259208731244,
        "INVALID": 0,
        "MALICIOUS": 0,
        "SANE": 0,
        "VALID": 0,
        "total": 100.00665459078516
    }
}