{
    "counter": {
        "ACTIVE": 16152,
        "INACTIVE": 24,
        "INVALID": 0,
        "MALICIOUS": 0,
        "SANE": 0,
        "VALID": 0,
        "total": 16176
    },
    "percentage": {
        "ACTIVE": 99.85163204747775,
        "INACTIVE": 0.16230472712517752,
        "INVALID": 0,
        "MALICIOUS": 0,
        "SANE": 0,
        "VALID": 0,
        "total": 100.01393677460293
    }
}