{
    "counter": {
        "ACTIVE": 16732,
        "INACTIVE": 2,
        "INVALID": 0,
        "MALICIOUS": 0,
        "SANE": 0,
        "VALID": 0,
        "total": 16734
    },
    "percentage": {
        "ACTIVE": 99.9880482849289,
        "INACTIVE": 0.012411567580985479,
        "INVALID": 0,
        "MALICIOUS": 0,
        "SANE": 0,
        "VALID": 0,
        "total": 100.00045985250988
    }
}