{
    "counter": {
        "ACTIVE": 14222,
        "INACTIVE": 25,
        "INVALID": 0,
        "MALICIOUS": 0,
        "SANE": 0,
        "VALID": 0,
        "total": 14247
    },
    "percentage": {
        "ACTIVE": 99.8245244612901,
        "INACTIVE": 0.18234865061998543,
        "INVALID": 0,
        "MALICIOUS": 0,
        "SANE": 0,
        "VALID": 0,
        "total": 100.00687311191008
    }
}