{
    "counter": {
        "ACTIVE": 7374,
        "INACTIVE": 4,
        "INVALID": 0,
        "MALICIOUS": 0,
        "SANE": 0,
        "VALID": 0,
        "total": 7378
    },
    "percentage": {
        "ACTIVE": 99.94578476551911,
        "INACTIVE": 0.095488183337312,
        "INVALID": 0,
        "MALICIOUS": 0,
        "SANE": 0,
        "VALID": 0,
        "total": 100.04127294885642
    }
}