{
    "counter": {
        "ACTIVE": 8303,
        "INACTIVE": 35,
        "INVALID": 0,
        "MALICIOUS": 0,
        "SANE": 0,
        "VALID": 0,
        "total": 8338
    },
    "percentage": {
        "ACTIVE": 99.58023506836172,
        "INACTIVE": 0.4550182007280291,
        "INVALID": 0,
        "MALICIOUS": 0,
        "SANE": 0,
        "VALID": 0,
        "total": 100.03525326908975
    }
}