{
    "counter": {
        "ACTIVE": 18912,
        "INACTIVE": 3,
        "INVALID": 0,
        "MALICIOUS": 0,
        "SANE": 0,
        "VALID": 0,
        "total": 18915
    },
    "percentage": {
        "ACTIVE": 99.98413957176844,
        "INACTIVE": 0.01586042823156225,
        "INVALID": 0.0,
        "MALICIOUS": 0.0,
        "SANE": 0.0,
        "VALID": 0.0,
        "total": 100.0
    }
}