{
    "counter": {
        "ACTIVE": 15323,
        "INACTIVE": 4,
        "INVALID": 0,
        "MALICIOUS": 0,
        "SANE": 0,
        "VALID": 0,
        "total": 15327
    },
    "percentage": {
        "ACTIVE": 99.9739022639786,
        "INACTIVE": 0.03021376236875897,
        "INVALID": 0,
        "MALICIOUS": 0,
        "SANE": 0,
        "VALID": 0,
        "total": 100.00411602634736
    }
}