{
    "counter": {
        "ACTIVE": 8804,
        "INACTIVE": 49,
        "INVALID": 0,
        "MALICIOUS": 0,
        "SANE": 0,
        "VALID": 0,
        "total": 8853
    },
    "percentage": {
        "ACTIVE": 99.44651530554614,
        "INACTIVE": 0.5713619402985075,
        "INVALID": 0,
        "MALICIOUS": 0,
        "SANE": 0,
        "VALID": 0,
        "total": 100.01787724584464
    }
}