{
    "counter": {
        "ACTIVE": 15657,
        "INACTIVE": 37,
        "INVALID": 0,
        "MALICIOUS": 0,
        "SANE": 0,
        "VALID": 0,
        "total": 15694
    },
    "percentage": {
        "ACTIVE": 99.7642411112527,
        "INACTIVE": 0.285010013865352,
        "INVALID": 0,
        "MALICIOUS": 0,
        "SANE": 0,
        "VALID": 0,
        "total": 100.04925112511805
    }
}