{
    "counter": {
        "ACTIVE": 11870,
        "INACTIVE": 30,
        "INVALID": 0,
        "MALICIOUS": 0,
        "SANE": 0,
        "VALID": 0,
        "total": 11900
    },
    "percentage": {
        "ACTIVE": 99.74789915966386,
        "INACTIVE": 0.2556237218813906,
        "INVALID": 0,
        "MALICIOUS": 0,
        "SANE": 0,
        "VALID": 0,
        "total": 100.00352288154525
    }
}