{
    "counter": {
        "ACTIVE": 1844,
        "INACTIVE": 2,
        "INVALID": 0,
        "MALICIOUS": 0,
        "SANE": 0,
        "VALID": 0,
        "total": 1846
    },
    "percentage": {
        "ACTIVE": 99.89165763813651,
        "INACTIVE": 0.14716703458425312,
        "INVALID": 0,
        "MALICIOUS": 0,
        "SANE": 0,
        "VALID": 0,
        "total": 100.03882467272076
    }
}