{
    "counter": {
        "ACTIVE": 7880,
        "INACTIVE": 3,
        "INVALID": 0,
        "MALICIOUS": 0,
        "SANE": 0,
        "VALID": 0,
        "total": 7883
    },
    "percentage": {
        "ACTIVE": 99.96194342255487,
        "INACTIVE": 0.041379310344827586,
        "INVALID": 0,
        "MALICIOUS": 0,
        "SANE": 0,
        "VALID": 0,
        "total": 100.00332273289969
    }
}