{
    "counter": {
        "ACTIVE": 16534,
        "INACTIVE": 19,
        "INVALID": 0,
        "MALICIOUS": 0,
        "SANE": 0,
        "VALID": 0,
        "total": 16553
    },
    "percentage": {
        "ACTIVE": 99.88521718117562,
        "INACTIVE": 0.11662165479990179,
        "INVALID": 0,
        "MALICIOUS": 0,
        "SANE": 0,
        "VALID": 0,
        "total": 100.00183883597552
    }
}