{
    "counter": {
        "ACTIVE": 12880,
        "INACTIVE": 1,
        "INVALID": 0,
        "MALICIOUS": 0,
        "SANE": 0,
        "VALID": 0,
        "total": 12881
    },
    "percentage": {
        "ACTIVE": 99.99223662759103,
        "INACTIVE": 0.013933398355858995,
        "INVALID": 0,
        "MALICIOUS": 0,
        "SANE": 0,
        "VALID": 0,
        "total": 100.00617002594689
    }
}