{
    "counter": {
        "ACTIVE": 5298,
        "INACTIVE": 20,
        "INVALID": 0,
        "MALICIOUS": 0,
        "SANE": 0,
        "VALID": 0,
        "total": 5318
    },
    "percentage": {
        "ACTIVE": 99.62391876645356,
        "INACTIVE": 0.3762227238525207,
        "INVALID": 0,
        "MALICIOUS": 0,
        "SANE": 0,
        "VALID": 0,
        "total": 100.00014149030608
    }
}