{
    "counter": {
        "ACTIVE": 15778,
        "INACTIVE": 2,
        "INVALID": 0,
        "MALICIOUS": 0,
        "SANE": 0,
        "VALID": 0,
        "total": 15780
    },
    "percentage": {
        "ACTIVE": 99.9873257287706,
        "INACTIVE": 0.02557544757033248,
        "INVALID": 0,
        "MALICIOUS": 0,
        "SANE": 0,
        "VALID": 0,
        "total": 100.01290117634093
    }
}