{
    "counter": {
        "ACTIVE": 7870,
        "INACTIVE": 35,
        "INVALID": 0,
        "MALICIOUS": 0,
        "SANE": 0,
        "VALID": 0,
        "total": 7905
    },
    "percentage": {
        "ACTIVE": 99.55724225173941,
        "INACTIVE": 0.44343088812872167,
        "INVALID": 0,
        "MALICIOUS": 0,
        "SANE": 0,
        "VALID": 0,
        "total": 100.00067313986813
    }
}