{
    "counter": {
        "ACTIVE": 16602,
        "INACTIVE": 4,
        "INVALID": 0,
        "MALICIOUS": 0,
        "SANE": 0,
        "VALID": 0,
        "total": 16606
    },
    "percentage": {
        "ACTIVE": 99.97591232084788,
        "INACTIVE": 0.08503401360544217,
        "INVALID": 0,
        "MALICIOUS": 0,
        "SANE": 0,
        "VALID": 0,
        "total": 100.06094633445332
    }
}