{
    "counter": {
        "ACTIVE": 14874,
        "INACTIVE": 3,
        "INVALID": 0,
        "MALICIOUS": 0,
        "SANE": 0,
        "VALID": 0,
        "total": 14877
    },
    "percentage": {
        "ACTIVE": 99.97983464408146,
        "INACTIVE": 0.025408655882103837,
        "INVALID": 0,
        "MALICIOUS": 0,
        "SANE": 0,
        "VALID": 0,
        "total": 100.00524329996357
    }
}