{
    "counter": {
        "ACTIVE": 5532,
        "INACTIVE": 2,
        "INVALID": 0,
        "MALICIOUS": 0,
        "SANE": 0,
        "VALID": 0,
        "total": 5534
    },
    "percentage": {
        "ACTIVE": 99.96385977593062,
        "INACTIVE": 0.03998400639744103,
        "INVALID": 0,
        "MALICIOUS": 0,
        "SANE": 0,
        "VALID": 0,
        "total": 100.00384378232806
    }
}