{
    "counter": {
        "ACTIVE": 14628,
        "INACTIVE": 35,
        "INVALID": 0,
        "MALICIOUS": 0,
        "SANE": 0,
        "VALID": 0,
        "total": 14663
    },
    "percentage": {
        "ACTIVE": 99.76130396235422,
        "INACTIVE": 0.24354603019970775,
        "INVALID": 0,
        "MALICIOUS": 0,
        "SANE": 0,
        "VALID": 0,
        "total": 100.00484999255393
    }
}