{
    "counter": {
        "ACTIVE": 9005,
        "INACTIVE": 2,
        "INVALID": 0,
        "MALICIOUS": 0,
        "SANE": 0,
        "VALID": 0,
        "total": 9007
    },
    "percentage": {
        "ACTIVE": 99.97779504829577,
        "INACTIVE": 0.04319654427645788,
        "INVALID": 0,
        "MALICIOUS": 0,
        "SANE": 0,
        "VALID": 0,
        "total": 100.02099159257223
    }
}