{
    "counter": {
        "ACTIVE": 14366,
        "INACTIVE": 15,
        "INVALID": 0,
        "MALICIOUS": 0,
        "SANE": 0,
        "VALID": 0,
        "total": 14381
    },
    "percentage": {
        "ACTIVE": 99.89569570961686,
        "INACTIVE": 0.12573344509639564,
        "INVALID": 0,
        "MALICIOUS": 0,
        "SANE": 0,
        "VALID": 0,
        "total": 100.02142915471326
    }
}