{
    "counter": {
        "ACTIVE": 11880,
        "INACTIVE": 1,
        "INVALID": 0,
        "MALICIOUS": 0,
        "SANE": 0,
        "VALID": 0,
        "total": 11881
    },
    "percentage": {
        "ACTIVE": 99.99158320006734,
        "INACTIVE": 0.0093711929528629,
        "INVALID": 0,
        "MALICIOUS": 0,
        "SANE": 0,
        "VALID": 0,
        "total": 100.00095439302021
    }
}