{
    "counter": {
        "ACTIVE": 25135,
        "INACTIVE": 6,
        "INVALID": 0,
        "MALICIOUS": 0,
        "SANE": 0,
        "VALID": 0,
        "total": 25141
    },
    "percentage": {
        "ACTIVE": 99.9761346008512,
        "INACTIVE": 0.02765359266258008,
        "INVALID": 0,
        "MALICIOUS": 0,
        "SANE": 0,
        "VALID": 0,
        "total": 100.00378819351377
    }
}