{
    "counter": {
        "ACTIVE": 7021,
        "INACTIVE": 17,
        "INVALID": 0,
        "MALICIOUS": 0,
        "SANE": 0,
        "VALID": 0,
        "total": 7038
    },
    "percentage": {
        "ACTIVE": 99.7584541062802,
        "INACTIVE": 0.2452748521136921,
        "INVALID": 0,
        "MALICIOUS": 0,
        "SANE": 0,
        "VALID": 0,
        "total": 100.00372895839389
    }
}