{
    "counter": {
        "ACTIVE": 14863,
        "INACTIVE": 47,
        "INVALID": 0,
        "MALICIOUS": 0,
        "SANE": 0,
        "VALID": 0,
        "total": 14910
    },
    "percentage": {
        "ACTIVE": 99.68477531857813,
        "INACTIVE": 0.35522636233088956,
        "INVALID": 0,
        "MALICIOUS": 0,
        "SANE": 0,
        "VALID": 0,
        "total": 100.04000168090903
    }
}