{
    "counter": {
        "ACTIVE": 16305,
        "INACTIVE": 9,
        "INVALID": 0,
        "MALICIOUS": 0,
        "SANE": 0,
        "VALID": 0,
        "total": 16314
    },
    "percentage": {
        "ACTIVE": 99.94483265906584,
        "INACTIVE": 0.05605032073239086,
        "INVALID": 0,
        "MALICIOUS": 0,
        "SANE": 0,
        "VALID": 0,
        "total": 100.00088297979823
    }
}