{
    "counter": {
        "ACTIVE": 9728,
        "INACTIVE": 8,
        "INVALID": 0,
        "MALICIOUS": 0,
        "SANE": 0,
        "VALID": 0,
        "total": 9736
    },
    "percentage": {
        "ACTIVE": 99.9178307313065,
        "INACTIVE": 0.10094637223974763,
        "INVALID": 0,
        "MALICIOUS": 0,
        "SANE": 0,
        "VALID": 0,
        "total": 100.01877710354624
    }
}