{
    "counter": {
        "ACTIVE": 14767,
        "INACTIVE": 5,
        "INVALID": 0,
        "MALICIOUS": 0,
        "SANE": 0,
        "VALID": 0,
        "total": 14772
    },
    "percentage": {
        "ACTIVE": 99.96615217979962,
        "INACTIVE": 0.0344542447629548,
        "INVALID": 0,
        "MALICIOUS": 0,
        "SANE": 0,
        "VALID": 0,
        "total": 100.00060642456258
    }
}