{
    "counter": {
        "ACTIVE": 11156,
        "INACTIVE": 3,
        "INVALID": 0,
        "MALICIOUS": 0,
        "SANE": 0,
        "VALID": 0,
        "total": 11159
    },
    "percentage": {
        "ACTIVE": 99.97311587059772,
        "INACTIVE": 0.030456852791878174,
        "INVALID": 0,
        "MALICIOUS": 0,
        "SANE": 0,
        "VALID": 0,
        "total": 100.0035727233896
    }
}