{
    "counter": {
        "ACTIVE": 206412,
        "INACTIVE": 13,
        "INVALID": 0,
        "MALICIOUS": 0,
        "SANE": 0,
        "VALID": 0,
        "total": 206425
    },
    "percentage": {
        "ACTIVE": 99.9937023131888,
        "INACTIVE": 0.010932086514850819,
        "INVALID": 0,
        "MALICIOUS": 0,
        "SANE": 0,
        "VALID": 0,
        "total": 100.00463439970366
    }
}