{
    "counter": {
        "ACTIVE": 13210,
        "INACTIVE": 8,
        "INVALID": 0,
        "MALICIOUS": 0,
        "SANE": 0,
        "VALID": 0,
        "total": 13218
    },
    "percentage": {
        "ACTIVE": 99.93947647147829,
        "INACTIVE": 0.06063821723641325,
        "INVALID": 0,
        "MALICIOUS": 0,
        "SANE": 0,
        "VALID": 0,
        "total": 100.0001146887147
    }
}