{
    "counter": {
        "ACTIVE": 14647,
        "INACTIVE": 5,
        "INVALID": 0,
        "MALICIOUS": 0,
        "SANE": 0,
        "VALID": 0,
        "total": 14652
    },
    "percentage": {
        "ACTIVE": 99.96587496587496,
        "INACTIVE": 0.03467646854844303,
        "INVALID": 0,
        "MALICIOUS": 0,
        "SANE": 0,
        "VALID": 0,
        "total": 100.0005514344234
    }
}