{
    "counter": {
        "ACTIVE": 14602,
        "INACTIVE": 37,
        "INVALID": 0,
        "MALICIOUS": 0,
        "SANE": 0,
        "VALID": 0,
        "total": 14639
    },
    "percentage": {
        "ACTIVE": 99.7472504952524,
        "INACTIVE": 0.285010013865352,
        "INVALID": 0,
        "MALICIOUS": 0,
        "SANE": 0,
        "VALID": 0,
        "total": 100.03226050911775
    }
}