{
    "counter": {
        "ACTIVE": 18890,
        "INACTIVE": 2,
        "INVALID": 0,
        "MALICIOUS": 0,
        "SANE": 0,
        "VALID": 0,
        "total": 18892
    },
    "percentage": {
        "ACTIVE": 99.98941350836333,
        "INACTIVE": 0.010586491636671608,
        "INVALID": 0.0,
        "MALICIOUS": 0.0,
        "SANE": 0.0,
        "VALID": 0.0,
        "total": 100.0
    }
}