{
    "counter": {
        "ACTIVE": 17267,
        "INACTIVE": 11,
        "INVALID": 0,
        "MALICIOUS": 0,
        "SANE": 0,
        "VALID": 0,
        "total": 17278
    },
    "percentage": {
        "ACTIVE": 99.93633522398426,
        "INACTIVE": 0.06366477601574257,
        "INVALID": 0.0,
        "MALICIOUS": 0.0,
        "SANE": 0.0,
        "VALID": 0.0,
        "total": 100.0
    }
}