{
    "counter": {
        "ACTIVE": 12587,
        "INACTIVE": 8,
        "INVALID": 0,
        "MALICIOUS": 0,
        "SANE": 0,
        "VALID": 0,
        "total": 12595
    },
    "percentage": {
        "ACTIVE": 99.93648273124256,
        "INACTIVE": 0.0689714630571601,
        "INVALID": 0,
        "MALICIOUS": 0,
        "SANE": 0,
        "VALID": 0,
        "total": 100.00545419429973
    }
}