{
    "counter": {
        "ACTIVE": 7531,
        "INACTIVE": 4,
        "INVALID": 0,
        "MALICIOUS": 0,
        "SANE": 0,
        "VALID": 0,
        "total": 7535
    },
    "percentage": {
        "ACTIVE": 99.94691439946915,
        "INACTIVE": 0.10314595152140278,
        "INVALID": 0,
        "MALICIOUS": 0,
        "SANE": 0,
        "VALID": 0,
        "total": 100.05006035099055
    }
}