{
    "counter": {
        "ACTIVE": 9587,
        "INACTIVE": 13,
        "INVALID": 0,
        "MALICIOUS": 0,
        "SANE": 0,
        "VALID": 0,
        "total": 9600
    },
    "percentage": {
        "ACTIVE": 99.86458333333333,
        "INACTIVE": 0.27213732468076196,
        "INVALID": 0,
        "MALICIOUS": 0,
        "SANE": 0,
        "VALID": 0,
        "total": 100.13672065801408
    }
}