{
    "counter": {
        "ACTIVE": 10448,
        "INACTIVE": 25,
        "INVALID": 0,
        "MALICIOUS": 0,
        "SANE": 0,
        "VALID": 0,
        "total": 10473
    },
    "percentage": {
        "ACTIVE": 99.76129093860403,
        "INACTIVE": 0.24437927663734116,
        "INVALID": 0,
        "MALICIOUS": 0,
        "SANE": 0,
        "VALID": 0,
        "total": 100.00567021524138
    }
}