{
    "counter": {
        "ACTIVE": 13054,
        "INACTIVE": 5,
        "INVALID": 0,
        "MALICIOUS": 0,
        "SANE": 0,
        "VALID": 0,
        "total": 13059
    },
    "percentage": {
        "ACTIVE": 99.96171222911403,
        "INACTIVE": 0.04423604352826683,
        "INVALID": 0,
        "MALICIOUS": 0,
        "SANE": 0,
        "VALID": 0,
        "total": 100.0059482726423
    }
}