{
    "counter": {
        "ACTIVE": 9411,
        "INACTIVE": 3,
        "INVALID": 0,
        "MALICIOUS": 0,
        "SANE": 0,
        "VALID": 0,
        "total": 9414
    },
    "percentage": {
        "ACTIVE": 99.96813256851497,
        "INACTIVE": 0.050454086781029264,
        "INVALID": 0,
        "MALICIOUS": 0,
        "SANE": 0,
        "VALID": 0,
        "total": 100.018586655296
    }
}