{
    "counter": {
        "ACTIVE": 10888,
        "INACTIVE": 12,
        "INVALID": 0,
        "MALICIOUS": 0,
        "SANE": 0,
        "VALID": 0,
        "total": 10900
    },
    "percentage": {
        "ACTIVE": 99.88990825688073,
        "INACTIVE": 0.1266357112705783,
        "INVALID": 0,
        "MALICIOUS": 0,
        "SANE": 0,
        "VALID": 0,
        "total": 100.01654396815131
    }
}