{
    "counter": {
        "ACTIVE": 14755,
        "INACTIVE": 3,
        "INVALID": 0,
        "MALICIOUS": 0,
        "SANE": 0,
        "VALID": 0,
        "total": 14758
    },
    "percentage": {
        "ACTIVE": 99.97967204228215,
        "INACTIVE": 0.02059732234809475,
        "INVALID": 0,
        "MALICIOUS": 0,
        "SANE": 0,
        "VALID": 0,
        "total": 100.00026936463024
    }
}