{
    "counter": {
        "ACTIVE": 15730,
        "INACTIVE": 4,
        "INVALID": 0,
        "MALICIOUS": 0,
        "SANE": 0,
        "VALID": 0,
        "total": 15734
    },
    "percentage": {
        "ACTIVE": 99.97457734841744,
        "INACTIVE": 0.03755868544600939,
        "INVALID": 0,
        "MALICIOUS": 0,
        "SANE": 0,
        "VALID": 0,
        "total": 100.01213603386346
    }
}