{
    "counter": {
        "ACTIVE": 10395,
        "INACTIVE": 1,
        "INVALID": 0,
        "MALICIOUS": 0,
        "SANE": 0,
        "VALID": 0,
        "total": 10396
    },
    "percentage": {
        "ACTIVE": 99.99038091573682,
        "INACTIVE": 0.01226391954868776,
        "INVALID": 0,
        "MALICIOUS": 0,
        "SANE": 0,
        "VALID": 0,
        "total": 100.00264483528551
    }
}