{
    "counter": {
        "ACTIVE": 4461,
        "INACTIVE": 2,
        "INVALID": 0,
        "MALICIOUS": 0,
        "SANE": 0,
        "VALID": 0,
        "total": 4463
    },
    "percentage": {
        "ACTIVE": 99.95518709388304,
        "INACTIVE": 1.1049723756906078,
        "INVALID": 0,
        "MALICIOUS": 0,
        "SANE": 0,
        "VALID": 0,
        "total": 101.06015946957365
    }
}