{
    "counter": {
        "ACTIVE": 16679,
        "INACTIVE": 984,
        "INVALID": 0,
        "MALICIOUS": 0,
        "SANE": 0,
        "VALID": 0,
        "total": 17663
    },
    "percentage": {
        "ACTIVE": 94.42903244069524,
        "INACTIVE": 5.570967559304761,
        "INVALID": 0.0,
        "MALICIOUS": 0.0,
        "SANE": 0.0,
        "VALID": 0.0,
        "total": 100.0
    }
}