{
    "counter": {
        "ACTIVE": 16202,
        "INACTIVE": 8,
        "INVALID": 0,
        "MALICIOUS": 0,
        "SANE": 0,
        "VALID": 0,
        "total": 16210
    },
    "percentage": {
        "ACTIVE": 99.95064774830351,
        "INACTIVE": 0.049361387054976245,
        "INVALID": 0,
        "MALICIOUS": 0,
        "SANE": 0,
        "VALID": 0,
        "total": 100.00000913535848
    }
}