{
    "counter": {
        "ACTIVE": 10951,
        "INACTIVE": 4,
        "INVALID": 0,
        "MALICIOUS": 0,
        "SANE": 0,
        "VALID": 0,
        "total": 10955
    },
    "percentage": {
        "ACTIVE": 99.96348699224099,
        "INACTIVE": 0.06608293408227325,
        "INVALID": 0,
        "MALICIOUS": 0,
        "SANE": 0,
        "VALID": 0,
        "total": 100.02956992632326
    }
}