{
    "counter": {
        "ACTIVE": 16207,
        "INACTIVE": 4,
        "INVALID": 0,
        "MALICIOUS": 0,
        "SANE": 0,
        "VALID": 0,
        "total": 16211
    },
    "percentage": {
        "ACTIVE": 99.97532539633582,
        "INACTIVE": 0.03021376236875897,
        "INVALID": 0,
        "MALICIOUS": 0,
        "SANE": 0,
        "VALID": 0,
        "total": 100.00553915870458
    }
}