{
    "counter": {
        "ACTIVE": 16418,
        "INACTIVE": 29,
        "INVALID": 0,
        "MALICIOUS": 0,
        "SANE": 0,
        "VALID": 0,
        "total": 16447
    },
    "percentage": {
        "ACTIVE": 99.82367605034352,
        "INACTIVE": 0.17648490749756574,
        "INVALID": 0,
        "MALICIOUS": 0,
        "SANE": 0,
        "VALID": 0,
        "total": 100.00016095784109
    }
}