{
    "counter": {
        "ACTIVE": 15433,
        "INACTIVE": 36,
        "INVALID": 0,
        "MALICIOUS": 0,
        "SANE": 0,
        "VALID": 0,
        "total": 15469
    },
    "percentage": {
        "ACTIVE": 99.7672764884608,
        "INACTIVE": 0.26191342306293197,
        "INVALID": 0,
        "MALICIOUS": 0,
        "SANE": 0,
        "VALID": 0,
        "total": 100.02918991152373
    }
}