{
    "counter": {
        "ACTIVE": 15390,
        "INACTIVE": 10,
        "INVALID": 0,
        "MALICIOUS": 0,
        "SANE": 0,
        "VALID": 0,
        "total": 15400
    },
    "percentage": {
        "ACTIVE": 99.93506493506493,
        "INACTIVE": 0.06772314777190844,
        "INVALID": 0,
        "MALICIOUS": 0,
        "SANE": 0,
        "VALID": 0,
        "total": 100.00278808283684
    }
}