{
    "counter": {
        "ACTIVE": 15376,
        "INACTIVE": 7,
        "INVALID": 0,
        "MALICIOUS": 0,
        "SANE": 0,
        "VALID": 0,
        "total": 15383
    },
    "percentage": {
        "ACTIVE": 99.95449522199831,
        "INACTIVE": 0.053353658536585365,
        "INVALID": 0,
        "MALICIOUS": 0,
        "SANE": 0,
        "VALID": 0,
        "total": 100.0078488805349
    }
}