{
    "counter": {
        "ACTIVE": 15313,
        "INACTIVE": 538,
        "INVALID": 0,
        "MALICIOUS": 0,
        "SANE": 0,
        "VALID": 0,
        "total": 15851
    },
    "percentage": {
        "ACTIVE": 96.60589237272096,
        "INACTIVE": 3.4100272548646764,
        "INVALID": 0,
        "MALICIOUS": 0,
        "SANE": 0,
        "VALID": 0,
        "total": 100.01591962758563
    }
}