{
    "counter": {
        "ACTIVE": 16057,
        "INACTIVE": 33,
        "INVALID": 0,
        "MALICIOUS": 0,
        "SANE": 0,
        "VALID": 0,
        "total": 16090
    },
    "percentage": {
        "ACTIVE": 99.79490366687384,
        "INACTIVE": 0.20683171419617674,
        "INVALID": 0,
        "MALICIOUS": 0,
        "SANE": 0,
        "VALID": 0,
        "total": 100.00173538107
    }
}