{
    "counter": {
        "ACTIVE": 15633,
        "INACTIVE": 36,
        "INVALID": 0,
        "MALICIOUS": 0,
        "SANE": 0,
        "VALID": 0,
        "total": 15669
    },
    "percentage": {
        "ACTIVE": 99.77024698449168,
        "INACTIVE": 0.26191342306293197,
        "INVALID": 0,
        "MALICIOUS": 0,
        "SANE": 0,
        "VALID": 0,
        "total": 100.03216040755461
    }
}