{
    "counter": {
        "ACTIVE": 14739,
        "INACTIVE": 5,
        "INVALID": 0,
        "MALICIOUS": 0,
        "SANE": 0,
        "VALID": 0,
        "total": 14744
    },
    "percentage": {
        "ACTIVE": 99.96608790016278,
        "INACTIVE": 0.04475875033569063,
        "INVALID": 0,
        "MALICIOUS": 0,
        "SANE": 0,
        "VALID": 0,
        "total": 100.01084665049846
    }
}