{
    "counter": {
        "ACTIVE": 4028,
        "INACTIVE": 2,
        "INVALID": 0,
        "MALICIOUS": 0,
        "SANE": 0,
        "VALID": 0,
        "total": 4030
    },
    "percentage": {
        "ACTIVE": 99.95037220843672,
        "INACTIVE": 0.05392289026691831,
        "INVALID": 0,
        "MALICIOUS": 0,
        "SANE": 0,
        "VALID": 0,
        "total": 100.00429509870364
    }
}