{
    "counter": {
        "ACTIVE": 3407,
        "INACTIVE": 2,
        "INVALID": 0,
        "MALICIOUS": 0,
        "SANE": 0,
        "VALID": 0,
        "total": 3409
    },
    "percentage": {
        "ACTIVE": 99.94133176884716,
        "INACTIVE": 0.12360939431396786,
        "INVALID": 0,
        "MALICIOUS": 0,
        "SANE": 0,
        "VALID": 0,
        "total": 100.06494116316114
    }
}