{
    "counter": {
        "ACTIVE": 8786,
        "INACTIVE": 1,
        "INVALID": 0,
        "MALICIOUS": 0,
        "SANE": 0,
        "VALID": 0,
        "total": 8787
    },
    "percentage": {
        "ACTIVE": 99.98861955161033,
        "INACTIVE": 0.01655355073663301,
        "INVALID": 0,
        "MALICIOUS": 0,
        "SANE": 0,
        "VALID": 0,
        "total": 100.00517310234696
    }
}