{
    "counter": {
        "ACTIVE": 2263,
        "INACTIVE": 4,
        "INVALID": 0,
        "MALICIOUS": 0,
        "SANE": 0,
        "VALID": 0,
        "total": 2267
    },
    "percentage": {
        "ACTIVE": 99.82355535950596,
        "INACTIVE": 0.1912960306073649,
        "INVALID": 0,
        "MALICIOUS": 0,
        "SANE": 0,
        "VALID": 0,
        "total": 100.01485139011332
    }
}