{
    "counter": {
        "ACTIVE": 16757,
        "INACTIVE": 24,
        "INVALID": 0,
        "MALICIOUS": 0,
        "SANE": 0,
        "VALID": 0,
        "total": 16781
    },
    "percentage": {
        "ACTIVE": 99.85698110958822,
        "INACTIVE": 0.14301889041177523,
        "INVALID": 0.0,
        "MALICIOUS": 0.0,
        "SANE": 0.0,
        "VALID": 0.0,
        "total": 100.0
    }
}