{
    "counter": {
        "ACTIVE": 14109,
        "INACTIVE": 3,
        "INVALID": 0,
        "MALICIOUS": 0,
        "SANE": 0,
        "VALID": 0,
        "total": 14112
    },
    "percentage": {
        "ACTIVE": 99.97874149659864,
        "INACTIVE": 0.08027829810008028,
        "INVALID": 0,
        "MALICIOUS": 0,
        "SANE": 0,
        "VALID": 0,
        "total": 100.05901979469873
    }
}