{
    "counter": {
        "ACTIVE": 116488,
        "INACTIVE": 12,
        "INVALID": 0,
        "MALICIOUS": 0,
        "SANE": 0,
        "VALID": 0,
        "total": 116500
    },
    "percentage": {
        "ACTIVE": 99.98969957081545,
        "INACTIVE": 0.010818412938821876,
        "INVALID": 0,
        "MALICIOUS": 0,
        "SANE": 0,
        "VALID": 0,
        "total": 100.00051798375426
    }
}