{
    "counter": {
        "ACTIVE": 14462,
        "INACTIVE": 18,
        "INVALID": 0,
        "MALICIOUS": 0,
        "SANE": 0,
        "VALID": 0,
        "total": 14480
    },
    "percentage": {
        "ACTIVE": 99.87569060773481,
        "INACTIVE": 0.1601993592025632,
        "INVALID": 0,
        "MALICIOUS": 0,
        "SANE": 0,
        "VALID": 0,
        "total": 100.03588996693738
    }
}