{
    "counter": {
        "ACTIVE": 14886,
        "INACTIVE": 36,
        "INVALID": 0,
        "MALICIOUS": 0,
        "SANE": 0,
        "VALID": 0,
        "total": 14922
    },
    "percentage": {
        "ACTIVE": 99.75874547647769,
        "INACTIVE": 0.24151348450288473,
        "INVALID": 0,
        "MALICIOUS": 0,
        "SANE": 0,
        "VALID": 0,
        "total": 100.00025896098057
    }
}