{
    "counter": {
        "ACTIVE": 10797,
        "INACTIVE": 491,
        "INVALID": 0,
        "MALICIOUS": 0,
        "SANE": 0,
        "VALID": 0,
        "total": 11288
    },
    "percentage": {
        "ACTIVE": 95.65024805102765,
        "INACTIVE": 4.3501373261274034,
        "INVALID": 0,
        "MALICIOUS": 0,
        "SANE": 0,
        "VALID": 0,
        "total": 100.00038537715506
    }
}