{
    "counter": {
        "ACTIVE": 13852,
        "INACTIVE": 838,
        "INVALID": 0,
        "MALICIOUS": 0,
        "SANE": 0,
        "VALID": 0,
        "total": 14690
    },
    "percentage": {
        "ACTIVE": 94.29543907420013,
        "INACTIVE": 5.704560925799864,
        "INVALID": 0.0,
        "MALICIOUS": 0.0,
        "SANE": 0.0,
        "VALID": 0.0,
        "total": 100.0
    }
}