{
    "counter": {
        "ACTIVE": 12349,
        "INACTIVE": 38,
        "INVALID": 0,
        "MALICIOUS": 0,
        "SANE": 0,
        "VALID": 0,
        "total": 12387
    },
    "percentage": {
        "ACTIVE": 99.6932267700008,
        "INACTIVE": 0.3520800518854813,
        "INVALID": 0,
        "MALICIOUS": 0,
        "SANE": 0,
        "VALID": 0,
        "total": 100.04530682188629
    }
}