{
    "counter": {
        "ACTIVE": 1820,
        "INACTIVE": 4,
        "INVALID": 0,
        "MALICIOUS": 0,
        "SANE": 0,
        "VALID": 0,
        "total": 1824
    },
    "percentage": {
        "ACTIVE": 99.78070175438596,
        "INACTIVE": 0.27472527472527475,
        "INVALID": 0,
        "MALICIOUS": 0,
        "SANE": 0,
        "VALID": 0,
        "total": 100.05542702911123
    }
}