{
    "counter": {
        "ACTIVE": 15725,
        "INACTIVE": 1,
        "INVALID": 0,
        "MALICIOUS": 0,
        "SANE": 0,
        "VALID": 0,
        "total": 15726
    },
    "percentage": {
        "ACTIVE": 99.99364110390437,
        "INACTIVE": 0.006779661016949152,
        "INVALID": 0,
        "MALICIOUS": 0,
        "SANE": 0,
        "VALID": 0,
        "total": 100.00042076492132
    }
}