{
    "counter": {
        "ACTIVE": 16009,
        "INACTIVE": 28,
        "INVALID": 0,
        "MALICIOUS": 0,
        "SANE": 0,
        "VALID": 0,
        "total": 16037
    },
    "percentage": {
        "ACTIVE": 99.82540375381929,
        "INACTIVE": 0.19343696027633853,
        "INVALID": 0,
        "MALICIOUS": 0,
        "SANE": 0,
        "VALID": 0,
        "total": 100.01884071409563
    }
}