{
    "counter": {
        "ACTIVE": 8680,
        "INACTIVE": 49,
        "INVALID": 0,
        "MALICIOUS": 0,
        "SANE": 0,
        "VALID": 0,
        "total": 8729
    },
    "percentage": {
        "ACTIVE": 99.43865276663993,
        "INACTIVE": 0.5632831359926428,
        "INVALID": 0,
        "MALICIOUS": 0,
        "SANE": 0,
        "VALID": 0,
        "total": 100.00193590263258
    }
}