{
    "counter": {
        "ACTIVE": 10675,
        "INACTIVE": 35,
        "INVALID": 0,
        "MALICIOUS": 0,
        "SANE": 0,
        "VALID": 0,
        "total": 10710
    },
    "percentage": {
        "ACTIVE": 99.67320261437908,
        "INACTIVE": 0.34323820731587723,
        "INVALID": 0,
        "MALICIOUS": 0,
        "SANE": 0,
        "VALID": 0,
        "total": 100.01644082169496
    }
}