{
    "counter": {
        "ACTIVE": 15122,
        "INACTIVE": 74,
        "INVALID": 0,
        "MALICIOUS": 0,
        "SANE": 0,
        "VALID": 0,
        "total": 15196
    },
    "percentage": {
        "ACTIVE": 99.51302974466965,
        "INACTIVE": 0.4948177866934136,
        "INVALID": 0,
        "MALICIOUS": 0,
        "SANE": 0,
        "VALID": 0,
        "total": 100.00784753136307
    }
}