{
    "counter": {
        "ACTIVE": 4780,
        "INACTIVE": 17,
        "INVALID": 0,
        "MALICIOUS": 0,
        "SANE": 0,
        "VALID": 0,
        "total": 4797
    },
    "percentage": {
        "ACTIVE": 99.64561184073379,
        "INACTIVE": 0.38857142857142857,
        "INVALID": 0,
        "MALICIOUS": 0,
        "SANE": 0,
        "VALID": 0,
        "total": 100.03418326930522
    }
}