{
    "counter": {
        "ACTIVE": 15639,
        "INACTIVE": 5,
        "INVALID": 0,
        "MALICIOUS": 0,
        "SANE": 0,
        "VALID": 0,
        "total": 15644
    },
    "percentage": {
        "ACTIVE": 99.96803886474048,
        "INACTIVE": 0.04221903233977877,
        "INVALID": 0,
        "MALICIOUS": 0,
        "SANE": 0,
        "VALID": 0,
        "total": 100.01025789708025
    }
}