{
    "counter": {
        "ACTIVE": 267916,
        "INACTIVE": 14,
        "INVALID": 0,
        "MALICIOUS": 0,
        "SANE": 0,
        "VALID": 0,
        "total": 267930
    },
    "percentage": {
        "ACTIVE": 99.99477475460009,
        "INACTIVE": 0.006299212598425197,
        "INVALID": 0,
        "MALICIOUS": 0,
        "SANE": 0,
        "VALID": 0,
        "total": 100.00107396719851
    }
}