{
    "counter": {
        "ACTIVE": 12265,
        "INACTIVE": 6,
        "INVALID": 0,
        "MALICIOUS": 0,
        "SANE": 0,
        "VALID": 0,
        "total": 12271
    },
    "percentage": {
        "ACTIVE": 99.95110422948414,
        "INACTIVE": 0.05070565368038536,
        "INVALID": 0,
        "MALICIOUS": 0,
        "SANE": 0,
        "VALID": 0,
        "total": 100.00180988316453
    }
}