{
    "counter": {
        "ACTIVE": 11371,
        "INACTIVE": 18,
        "INVALID": 0,
        "MALICIOUS": 0,
        "SANE": 0,
        "VALID": 0,
        "total": 11389
    },
    "percentage": {
        "ACTIVE": 99.84195276143647,
        "INACTIVE": 0.16686752572541022,
        "INVALID": 0,
        "MALICIOUS": 0,
        "SANE": 0,
        "VALID": 0,
        "total": 100.00882028716188
    }
}