{
    "counter": {
        "ACTIVE": 13348,
        "INACTIVE": 5,
        "INVALID": 0,
        "MALICIOUS": 0,
        "SANE": 0,
        "VALID": 0,
        "total": 13353
    },
    "percentage": {
        "ACTIVE": 99.96255523103423,
        "INACTIVE": 0.04423604352826683,
        "INVALID": 0,
        "MALICIOUS": 0,
        "SANE": 0,
        "VALID": 0,
        "total": 100.0067912745625
    }
}