{
    "counter": {
        "ACTIVE": 14412,
        "INACTIVE": 34,
        "INVALID": 0,
        "MALICIOUS": 0,
        "SANE": 0,
        "VALID": 0,
        "total": 14446
    },
    "percentage": {
        "ACTIVE": 99.7646407309982,
        "INACTIVE": 0.2453456487227594,
        "INVALID": 0,
        "MALICIOUS": 0,
        "SANE": 0,
        "VALID": 0,
        "total": 100.00998637972096
    }
}