{
    "counter": {
        "ACTIVE": 13387,
        "INACTIVE": 31,
        "INVALID": 0,
        "MALICIOUS": 0,
        "SANE": 0,
        "VALID": 0,
        "total": 13418
    },
    "percentage": {
        "ACTIVE": 99.76896705917424,
        "INACTIVE": 0.2553542009884679,
        "INVALID": 0,
        "MALICIOUS": 0,
        "SANE": 0,
        "VALID": 0,
        "total": 100.02432126016271
    }
}