{
    "counter": {
        "ACTIVE": 16614,
        "INACTIVE": 40,
        "INVALID": 0,
        "MALICIOUS": 0,
        "SANE": 0,
        "VALID": 0,
        "total": 16654
    },
    "percentage": {
        "ACTIVE": 99.75981746127057,
        "INACTIVE": 0.24880263730795546,
        "INVALID": 0,
        "MALICIOUS": 0,
        "SANE": 0,
        "VALID": 0,
        "total": 100.00862009857853
    }
}