{
    "counter": {
        "ACTIVE": 15274,
        "INACTIVE": 33,
        "INVALID": 1,
        "MALICIOUS": 0,
        "SANE": 0,
        "VALID": 0,
        "total": 15308
    },
    "percentage": {
        "ACTIVE": 99.77789391168017,
        "INACTIVE": 0.22601191699198686,
        "INVALID": 0.010577533319229955,
        "MALICIOUS": 0,
        "SANE": 0,
        "VALID": 0,
        "total": 100.0144833619914
    }
}