{
    "counter": {
        "ACTIVE": 16645,
        "INACTIVE": 964,
        "INVALID": 0,
        "MALICIOUS": 0,
        "SANE": 0,
        "VALID": 0,
        "total": 17609
    },
    "percentage": {
        "ACTIVE": 94.52552671929128,
        "INACTIVE": 5.474473280708729,
        "INVALID": 0.0,
        "MALICIOUS": 0.0,
        "SANE": 0.0,
        "VALID": 0.0,
        "total": 100.0
    }
}