{
    "counter": {
        "ACTIVE": 184326,
        "INACTIVE": 13,
        "INVALID": 0,
        "MALICIOUS": 0,
        "SANE": 0,
        "VALID": 0,
        "total": 184339
    },
    "percentage": {
        "ACTIVE": 99.99294777556567,
        "INACTIVE": 0.010932086514850819,
        "INVALID": 0,
        "MALICIOUS": 0,
        "SANE": 0,
        "VALID": 0,
        "total": 100.00387986208052
    }
}