{
    "counter": {
        "ACTIVE": 12699,
        "INACTIVE": 3,
        "INVALID": 0,
        "MALICIOUS": 0,
        "SANE": 0,
        "VALID": 0,
        "total": 12702
    },
    "percentage": {
        "ACTIVE": 99.97638167217761,
        "INACTIVE": 0.050454086781029264,
        "INVALID": 0,
        "MALICIOUS": 0,
        "SANE": 0,
        "VALID": 0,
        "total": 100.02683575895864
    }
}