{
    "counter": {
        "ACTIVE": 16864,
        "INACTIVE": 25,
        "INVALID": 0,
        "MALICIOUS": 0,
        "SANE": 0,
        "VALID": 0,
        "total": 16889
    },
    "percentage": {
        "ACTIVE": 99.85197465806147,
        "INACTIVE": 0.19152685206465947,
        "INVALID": 0,
        "MALICIOUS": 0,
        "SANE": 0,
        "VALID": 0,
        "total": 100.04350151012612
    }
}