{
    "counter": {
        "ACTIVE": 14227,
        "INACTIVE": 6,
        "INVALID": 0,
        "MALICIOUS": 0,
        "SANE": 0,
        "VALID": 0,
        "total": 14233
    },
    "percentage": {
        "ACTIVE": 99.95784444600577,
        "INACTIVE": 0.08389261744966443,
        "INVALID": 0,
        "MALICIOUS": 0,
        "SANE": 0,
        "VALID": 0,
        "total": 100.04173706345543
    }
}