{
    "counter": {
        "ACTIVE": 6629,
        "INACTIVE": 26,
        "INVALID": 0,
        "MALICIOUS": 0,
        "SANE": 0,
        "VALID": 0,
        "total": 6655
    },
    "percentage": {
        "ACTIVE": 99.60931630353117,
        "INACTIVE": 0.39846743295019155,
        "INVALID": 0,
        "MALICIOUS": 0,
        "SANE": 0,
        "VALID": 0,
        "total": 100.00778373648137
    }
}