{
    "counter": {
        "ACTIVE": 18890,
        "INACTIVE": 1,
        "INVALID": 0,
        "MALICIOUS": 0,
        "SANE": 0,
        "VALID": 0,
        "total": 18891
    },
    "percentage": {
        "ACTIVE": 99.99470647398232,
        "INACTIVE": 0.005293526017680377,
        "INVALID": 0.0,
        "MALICIOUS": 0.0,
        "SANE": 0.0,
        "VALID": 0.0,
        "total": 100.0
    }
}