{
    "counter": {
        "ACTIVE": 15706,
        "INACTIVE": 1,
        "INVALID": 0,
        "MALICIOUS": 0,
        "SANE": 0,
        "VALID": 0,
        "total": 15707
    },
    "percentage": {
        "ACTIVE": 99.99363341185459,
        "INACTIVE": 0.007995522507395858,
        "INVALID": 0,
        "MALICIOUS": 0,
        "SANE": 0,
        "VALID": 0,
        "total": 100.00162893436199
    }
}