{
    "counter": {
        "ACTIVE": 10921,
        "INACTIVE": 54,
        "INVALID": 0,
        "MALICIOUS": 0,
        "SANE": 0,
        "VALID": 0,
        "total": 10975
    },
    "percentage": {
        "ACTIVE": 99.50797266514806,
        "INACTIVE": 0.4923413566739606,
        "INVALID": 0,
        "MALICIOUS": 0,
        "SANE": 0,
        "VALID": 0,
        "total": 100.00031402182202
    }
}