{
    "counter": {
        "ACTIVE": 13097,
        "INACTIVE": 791,
        "INVALID": 0,
        "MALICIOUS": 0,
        "SANE": 0,
        "VALID": 0,
        "total": 13888
    },
    "percentage": {
        "ACTIVE": 94.30443548387096,
        "INACTIVE": 5.695564516129032,
        "INVALID": 0.0,
        "MALICIOUS": 0.0,
        "SANE": 0.0,
        "VALID": 0.0,
        "total": 100.0
    }
}