{
    "counter": {
        "ACTIVE": 16399,
        "INACTIVE": 38,
        "INVALID": 0,
        "MALICIOUS": 0,
        "SANE": 0,
        "VALID": 0,
        "total": 16437
    },
    "percentage": {
        "ACTIVE": 99.76881426050983,
        "INACTIVE": 0.23565891472868217,
        "INVALID": 0,
        "MALICIOUS": 0,
        "SANE": 0,
        "VALID": 0,
        "total": 100.00447317523852
    }
}