{
    "counter": {
        "ACTIVE": 55549,
        "INACTIVE": 6,
        "INVALID": 0,
        "MALICIOUS": 0,
        "SANE": 0,
        "VALID": 0,
        "total": 55555
    },
    "percentage": {
        "ACTIVE": 99.98919989199892,
        "INACTIVE": 0.02765359266258008,
        "INVALID": 0,
        "MALICIOUS": 0,
        "SANE": 0,
        "VALID": 0,
        "total": 100.0168534846615
    }
}