{
    "counter": {
        "ACTIVE": 15269,
        "INACTIVE": 5,
        "INVALID": 0,
        "MALICIOUS": 0,
        "SANE": 0,
        "VALID": 0,
        "total": 15274
    },
    "percentage": {
        "ACTIVE": 99.96726463270917,
        "INACTIVE": 0.0344542447629548,
        "INVALID": 0,
        "MALICIOUS": 0,
        "SANE": 0,
        "VALID": 0,
        "total": 100.00171887747213
    }
}