{
    "counter": {
        "ACTIVE": 1257,
        "INACTIVE": 1,
        "INVALID": 0,
        "MALICIOUS": 0,
        "SANE": 0,
        "VALID": 0,
        "total": 1258
    },
    "percentage": {
        "ACTIVE": 99.92050874403816,
        "INACTIVE": 0.546448087431694,
        "INVALID": 0,
        "MALICIOUS": 0,
        "SANE": 0,
        "VALID": 0,
        "total": 100.46695683146986
    }
}