{
    "counter": {
        "ACTIVE": 11913,
        "INACTIVE": 41,
        "INVALID": 0,
        "MALICIOUS": 0,
        "SANE": 0,
        "VALID": 0,
        "total": 11954
    },
    "percentage": {
        "ACTIVE": 99.65701857118955,
        "INACTIVE": 0.34424853064651556,
        "INVALID": 0,
        "MALICIOUS": 0,
        "SANE": 0,
        "VALID": 0,
        "total": 100.00126710183606
    }
}