{
    "counter": {
        "ACTIVE": 18882,
        "INACTIVE": 4,
        "INVALID": 0,
        "MALICIOUS": 0,
        "SANE": 0,
        "VALID": 0,
        "total": 18886
    },
    "percentage": {
        "ACTIVE": 99.97882029016202,
        "INACTIVE": 0.02117970983797522,
        "INVALID": 0.0,
        "MALICIOUS": 0.0,
        "SANE": 0.0,
        "VALID": 0.0,
        "total": 100.0
    }
}