{
    "counter": {
        "ACTIVE": 17231,
        "INACTIVE": 22,
        "INVALID": 0,
        "MALICIOUS": 0,
        "SANE": 0,
        "VALID": 0,
        "total": 17253
    },
    "percentage": {
        "ACTIVE": 99.87248594447342,
        "INACTIVE": 0.1770053906187143,
        "INVALID": 0,
        "MALICIOUS": 0,
        "SANE": 0,
        "VALID": 0,
        "total": 100.04949133509214
    }
}