{
    "counter": {
        "ACTIVE": 18868,
        "INACTIVE": 3,
        "INVALID": 0,
        "MALICIOUS": 0,
        "SANE": 0,
        "VALID": 0,
        "total": 18871
    },
    "percentage": {
        "ACTIVE": 99.98410259127762,
        "INACTIVE": 0.015897408722378253,
        "INVALID": 0.0,
        "MALICIOUS": 0.0,
        "SANE": 0.0,
        "VALID": 0.0,
        "total": 100.0
    }
}