{
    "counter": {
        "ACTIVE": 15089,
        "INACTIVE": 4,
        "INVALID": 0,
        "MALICIOUS": 0,
        "SANE": 0,
        "VALID": 0,
        "total": 15093
    },
    "percentage": {
        "ACTIVE": 99.97349764791625,
        "INACTIVE": 0.027212735560242195,
        "INVALID": 0,
        "MALICIOUS": 0,
        "SANE": 0,
        "VALID": 0,
        "total": 100.00071038347649
    }
}