{
    "counter": {
        "ACTIVE": 14814,
        "INACTIVE": 7,
        "INVALID": 0,
        "MALICIOUS": 0,
        "SANE": 0,
        "VALID": 0,
        "total": 14821
    },
    "percentage": {
        "ACTIVE": 99.95276971864247,
        "INACTIVE": 0.059427795228797015,
        "INVALID": 0,
        "MALICIOUS": 0,
        "SANE": 0,
        "VALID": 0,
        "total": 100.01219751387127
    }
}