{
    "counter": {
        "ACTIVE": 10540,
        "INACTIVE": 2,
        "INVALID": 0,
        "MALICIOUS": 0,
        "SANE": 0,
        "VALID": 0,
        "total": 10542
    },
    "percentage": {
        "ACTIVE": 99.98102826788086,
        "INACTIVE": 0.04096681687832855,
        "INVALID": 0,
        "MALICIOUS": 0,
        "SANE": 0,
        "VALID": 0,
        "total": 100.02199508475918
    }
}