{
    "counter": {
        "ACTIVE": 14812,
        "INACTIVE": 5,
        "INVALID": 0,
        "MALICIOUS": 0,
        "SANE": 0,
        "VALID": 0,
        "total": 14817
    },
    "percentage": {
        "ACTIVE": 99.96625497739083,
        "INACTIVE": 0.04746535029428517,
        "INVALID": 0,
        "MALICIOUS": 0,
        "SANE": 0,
        "VALID": 0,
        "total": 100.01372032768512
    }
}