{
    "counter": {
        "ACTIVE": 27051,
        "INACTIVE": 36,
        "INVALID": 1,
        "MALICIOUS": 0,
        "SANE": 0,
        "VALID": 0,
        "total": 27088
    },
    "percentage": {
        "ACTIVE": 99.86340815121086,
        "INACTIVE": 0.1837953744830755,
        "INVALID": 0.010577533319229955,
        "MALICIOUS": 0,
        "SANE": 0,
        "VALID": 0,
        "total": 100.05778105901317
    }
}