{
    "counter": {
        "ACTIVE": 14236,
        "INACTIVE": 2,
        "INVALID": 0,
        "MALICIOUS": 0,
        "SANE": 0,
        "VALID": 0,
        "total": 14238
    },
    "percentage": {
        "ACTIVE": 99.98595308329821,
        "INACTIVE": 0.016488046166529265,
        "INVALID": 0,
        "MALICIOUS": 0,
        "SANE": 0,
        "VALID": 0,
        "total": 100.00244112946474
    }
}