{
    "counter": {
        "ACTIVE": 260908,
        "INACTIVE": 14,
        "INVALID": 0,
        "MALICIOUS": 0,
        "SANE": 0,
        "VALID": 0,
        "total": 260922
    },
    "percentage": {
        "ACTIVE": 99.99463441181656,
        "INACTIVE": 0.006299212598425197,
        "INVALID": 0,
        "MALICIOUS": 0,
        "SANE": 0,
        "VALID": 0,
        "total": 100.00093362441498
    }
}