{
    "counter": {
        "ACTIVE": 14501,
        "INACTIVE": 283,
        "INVALID": 0,
        "MALICIOUS": 0,
        "SANE": 0,
        "VALID": 0,
        "total": 14784
    },
    "percentage": {
        "ACTIVE": 98.0857683982684,
        "INACTIVE": 1.926611750289332,
        "INVALID": 0,
        "MALICIOUS": 0,
        "SANE": 0,
        "VALID": 0,
        "total": 100.01238014855772
    }
}