{
    "counter": {
        "ACTIVE": 11898,
        "INACTIVE": 4,
        "INVALID": 0,
        "MALICIOUS": 0,
        "SANE": 0,
        "VALID": 0,
        "total": 11902
    },
    "percentage": {
        "ACTIVE": 99.96639220299109,
        "INACTIVE": 0.038895371450797356,
        "INVALID": 0,
        "MALICIOUS": 0,
        "SANE": 0,
        "VALID": 0,
        "total": 100.00528757444188
    }
}