{
    "counter": {
        "ACTIVE": 8920,
        "INACTIVE": 2,
        "INVALID": 0,
        "MALICIOUS": 0,
        "SANE": 0,
        "VALID": 0,
        "total": 8922
    },
    "percentage": {
        "ACTIVE": 99.97758350145708,
        "INACTIVE": 0.04096681687832855,
        "INVALID": 0,
        "MALICIOUS": 0,
        "SANE": 0,
        "VALID": 0,
        "total": 100.0185503183354
    }
}