{
    "counter": {
        "ACTIVE": 2191,
        "INACTIVE": 1,
        "INVALID": 0,
        "MALICIOUS": 0,
        "SANE": 0,
        "VALID": 0,
        "total": 2192
    },
    "percentage": {
        "ACTIVE": 99.9543795620438,
        "INACTIVE": 0.546448087431694,
        "INVALID": 0,
        "MALICIOUS": 0,
        "SANE": 0,
        "VALID": 0,
        "total": 100.5008276494755
    }
}