{
    "counter": {
        "ACTIVE": 14693,
        "INACTIVE": 31,
        "INVALID": 0,
        "MALICIOUS": 0,
        "SANE": 0,
        "VALID": 0,
        "total": 14724
    },
    "percentage": {
        "ACTIVE": 99.7894593860364,
        "INACTIVE": 0.24513680215087774,
        "INVALID": 0,
        "MALICIOUS": 0,
        "SANE": 0,
        "VALID": 0,
        "total": 100.03459618818728
    }
}