{
    "counter": {
        "ACTIVE": 43912,
        "INACTIVE": 4,
        "INVALID": 0,
        "MALICIOUS": 0,
        "SANE": 0,
        "VALID": 0,
        "total": 43916
    },
    "percentage": {
        "ACTIVE": 99.99089170234083,
        "INACTIVE": 0.013466199838405602,
        "INVALID": 0,
        "MALICIOUS": 0,
        "SANE": 0,
        "VALID": 0,
        "total": 100.00435790217924
    }
}