{
    "counter": {
        "ACTIVE": 10311,
        "INACTIVE": 43,
        "INVALID": 0,
        "MALICIOUS": 0,
        "SANE": 0,
        "VALID": 0,
        "total": 10354
    },
    "percentage": {
        "ACTIVE": 99.58470156461271,
        "INACTIVE": 0.437080707460866,
        "INVALID": 0,
        "MALICIOUS": 0,
        "SANE": 0,
        "VALID": 0,
        "total": 100.02178227207358
    }
}