{
    "counter": {
        "ACTIVE": 507,
        "INACTIVE": 4,
        "INVALID": 0,
        "MALICIOUS": 0,
        "SANE": 0,
        "VALID": 0,
        "total": 511
    },
    "percentage": {
        "ACTIVE": 99.21722113502935,
        "INACTIVE": 0.7905138339920948,
        "INVALID": 0,
        "MALICIOUS": 0,
        "SANE": 0,
        "VALID": 0,
        "total": 100.00773496902144
    }
}