{
    "counter": {
        "ACTIVE": 13996,
        "INACTIVE": 15,
        "INVALID": 0,
        "MALICIOUS": 0,
        "SANE": 0,
        "VALID": 0,
        "total": 14011
    },
    "percentage": {
        "ACTIVE": 99.89294126043822,
        "INACTIVE": 0.11268028846153846,
        "INVALID": 0,
        "MALICIOUS": 0,
        "SANE": 0,
        "VALID": 0,
        "total": 100.00562154889975
    }
}