{
    "counter": {
        "ACTIVE": 5440,
        "INACTIVE": 1,
        "INVALID": 0,
        "MALICIOUS": 0,
        "SANE": 0,
        "VALID": 0,
        "total": 5441
    },
    "percentage": {
        "ACTIVE": 99.98162102554677,
        "INACTIVE": 0.12285012285012285,
        "INVALID": 0,
        "MALICIOUS": 0,
        "SANE": 0,
        "VALID": 0,
        "total": 100.1044711483969
    }
}