{
    "counter": {
        "ACTIVE": 15657,
        "INACTIVE": 54,
        "INVALID": 0,
        "MALICIOUS": 0,
        "SANE": 0,
        "VALID": 0,
        "total": 15711
    },
    "percentage": {
        "ACTIVE": 99.65629177009738,
        "INACTIVE": 0.36960985626283366,
        "INVALID": 0,
        "MALICIOUS": 0,
        "SANE": 0,
        "VALID": 0,
        "total": 100.02590162636022
    }
}