{
    "counter": {
        "ACTIVE": 14435,
        "INACTIVE": 3,
        "INVALID": 0,
        "MALICIOUS": 0,
        "SANE": 0,
        "VALID": 0,
        "total": 14438
    },
    "percentage": {
        "ACTIVE": 99.97922149882255,
        "INACTIVE": 0.08027829810008028,
        "INVALID": 0,
        "MALICIOUS": 0,
        "SANE": 0,
        "VALID": 0,
        "total": 100.05949979692264
    }
}