{
    "counter": {
        "ACTIVE": 155135,
        "INACTIVE": 13,
        "INVALID": 0,
        "MALICIOUS": 0,
        "SANE": 0,
        "VALID": 0,
        "total": 155148
    },
    "percentage": {
        "ACTIVE": 99.9916209039111,
        "INACTIVE": 0.010932086514850819,
        "INVALID": 0,
        "MALICIOUS": 0,
        "SANE": 0,
        "VALID": 0,
        "total": 100.00255299042595
    }
}