{
    "counter": {
        "ACTIVE": 15342,
        "INACTIVE": 42,
        "INVALID": 0,
        "MALICIOUS": 0,
        "SANE": 0,
        "VALID": 0,
        "total": 15384
    },
    "percentage": {
        "ACTIVE": 99.72698907956318,
        "INACTIVE": 0.2821063944116067,
        "INVALID": 0,
        "MALICIOUS": 0,
        "SANE": 0,
        "VALID": 0,
        "total": 100.0090954739748
    }
}