{
    "counter": {
        "ACTIVE": 1225,
        "INACTIVE": 1,
        "INVALID": 0,
        "MALICIOUS": 0,
        "SANE": 0,
        "VALID": 0,
        "total": 1226
    },
    "percentage": {
        "ACTIVE": 99.9184339314845,
        "INACTIVE": 0.2070393374741201,
        "INVALID": 0,
        "MALICIOUS": 0,
        "SANE": 0,
        "VALID": 0,
        "total": 100.12547326895861
    }
}