{
    "counter": {
        "ACTIVE": 11633,
        "INACTIVE": 36,
        "INVALID": 0,
        "MALICIOUS": 0,
        "SANE": 0,
        "VALID": 0,
        "total": 11669
    },
    "percentage": {
        "ACTIVE": 99.6914902733739,
        "INACTIVE": 0.33222591362126247,
        "INVALID": 0,
        "MALICIOUS": 0,
        "SANE": 0,
        "VALID": 0,
        "total": 100.02371618699516
    }
}