{
    "counter": {
        "ACTIVE": 18861,
        "INACTIVE": 2,
        "INVALID": 0,
        "MALICIOUS": 0,
        "SANE": 0,
        "VALID": 0,
        "total": 18863
    },
    "percentage": {
        "ACTIVE": 99.98939723267773,
        "INACTIVE": 0.010602767322271113,
        "INVALID": 0.0,
        "MALICIOUS": 0.0,
        "SANE": 0.0,
        "VALID": 0.0,
        "total": 100.0
    }
}