{
    "counter": {
        "ACTIVE": 15377,
        "INACTIVE": 4,
        "INVALID": 0,
        "MALICIOUS": 0,
        "SANE": 0,
        "VALID": 0,
        "total": 15381
    },
    "percentage": {
        "ACTIVE": 99.97399388856381,
        "INACTIVE": 0.08503401360544217,
        "INVALID": 0,
        "MALICIOUS": 0,
        "SANE": 0,
        "VALID": 0,
        "total": 100.05902790216925
    }
}