{
    "counter": {
        "ACTIVE": 14173,
        "INACTIVE": 41,
        "INVALID": 0,
        "MALICIOUS": 0,
        "SANE": 0,
        "VALID": 0,
        "total": 14214
    },
    "percentage": {
        "ACTIVE": 99.71155199099479,
        "INACTIVE": 0.33895502645502645,
        "INVALID": 0,
        "MALICIOUS": 0,
        "SANE": 0,
        "VALID": 0,
        "total": 100.05050701744982
    }
}