{
    "counter": {
        "ACTIVE": 6173,
        "INACTIVE": 1,
        "INVALID": 0,
        "MALICIOUS": 0,
        "SANE": 0,
        "VALID": 0,
        "total": 6174
    },
    "percentage": {
        "ACTIVE": 99.98380304502753,
        "INACTIVE": 0.018702075930428278,
        "INVALID": 0,
        "MALICIOUS": 0,
        "SANE": 0,
        "VALID": 0,
        "total": 100.00250512095796
    }
}