{
    "counter": {
        "ACTIVE": 14492,
        "INACTIVE": 2,
        "INVALID": 0,
        "MALICIOUS": 0,
        "SANE": 0,
        "VALID": 0,
        "total": 14494
    },
    "percentage": {
        "ACTIVE": 99.98620118669794,
        "INACTIVE": 0.022067747986317995,
        "INVALID": 0,
        "MALICIOUS": 0,
        "SANE": 0,
        "VALID": 0,
        "total": 100.00826893468425
    }
}