{
    "counter": {
        "ACTIVE": 14243,
        "INACTIVE": 274,
        "INVALID": 0,
        "MALICIOUS": 0,
        "SANE": 0,
        "VALID": 0,
        "total": 14517
    },
    "percentage": {
        "ACTIVE": 98.11255769098298,
        "INACTIVE": 1.905424200278164,
        "INVALID": 0,
        "MALICIOUS": 0,
        "SANE": 0,
        "VALID": 0,
        "total": 100.01798189126114
    }
}