{
    "counter": {
        "ACTIVE": 5877,
        "INACTIVE": 8,
        "INVALID": 0,
        "MALICIOUS": 0,
        "SANE": 0,
        "VALID": 0,
        "total": 5885
    },
    "percentage": {
        "ACTIVE": 99.86406117247239,
        "INACTIVE": 0.22554271215111363,
        "INVALID": 0,
        "MALICIOUS": 0,
        "SANE": 0,
        "VALID": 0,
        "total": 100.0896038846235
    }
}