{
    "counter": {
        "ACTIVE": 244132,
        "INACTIVE": 36,
        "INVALID": 1,
        "MALICIOUS": 0,
        "SANE": 0,
        "VALID": 0,
        "total": 244169
    },
    "percentage": {
        "ACTIVE": 99.98484656119327,
        "INACTIVE": 0.1837953744830755,
        "INVALID": 0.010577533319229955,
        "MALICIOUS": 0,
        "SANE": 0,
        "VALID": 0,
        "total": 100.17921946899557
    }
}