{
    "counter": {
        "ACTIVE": 9134,
        "INACTIVE": 20,
        "INVALID": 0,
        "MALICIOUS": 0,
        "SANE": 0,
        "VALID": 0,
        "total": 9154
    },
    "percentage": {
        "ACTIVE": 99.78151627703735,
        "INACTIVE": 0.22246941045606228,
        "INVALID": 0,
        "MALICIOUS": 0,
        "SANE": 0,
        "VALID": 0,
        "total": 100.00398568749341
    }
}