{
    "counter": {
        "ACTIVE": 12798,
        "INACTIVE": 6,
        "INVALID": 0,
        "MALICIOUS": 0,
        "SANE": 0,
        "VALID": 0,
        "total": 12804
    },
    "percentage": {
        "ACTIVE": 99.95313964386129,
        "INACTIVE": 0.048967599771484537,
        "INVALID": 0,
        "MALICIOUS": 0,
        "SANE": 0,
        "VALID": 0,
        "total": 100.00210724363278
    }
}