{
    "counter": {
        "ACTIVE": 8866,
        "INACTIVE": 4,
        "INVALID": 0,
        "MALICIOUS": 0,
        "SANE": 0,
        "VALID": 0,
        "total": 8870
    },
    "percentage": {
        "ACTIVE": 99.95490417136415,
        "INACTIVE": 0.10802052389954091,
        "INVALID": 0,
        "MALICIOUS": 0,
        "SANE": 0,
        "VALID": 0,
        "total": 100.06292469526369
    }
}