{
    "counter": {
        "ACTIVE": 601,
        "INACTIVE": 1,
        "INVALID": 0,
        "MALICIOUS": 0,
        "SANE": 0,
        "VALID": 0,
        "total": 602
    },
    "percentage": {
        "ACTIVE": 99.83388704318936,
        "INACTIVE": 0.2604166666666667,
        "INVALID": 0,
        "MALICIOUS": 0,
        "SANE": 0,
        "VALID": 0,
        "total": 100.09430370985604
    }
}