{
    "counter": {
        "ACTIVE": 13931,
        "INACTIVE": 25,
        "INVALID": 0,
        "MALICIOUS": 0,
        "SANE": 0,
        "VALID": 0,
        "total": 13956
    },
    "percentage": {
        "ACTIVE": 99.82086557752937,
        "INACTIVE": 0.20032051282051283,
        "INVALID": 0,
        "MALICIOUS": 0,
        "SANE": 0,
        "VALID": 0,
        "total": 100.02118609034989
    }
}