{
    "counter": {
        "ACTIVE": 15402,
        "INACTIVE": 11,
        "INVALID": 0,
        "MALICIOUS": 0,
        "SANE": 0,
        "VALID": 0,
        "total": 15413
    },
    "percentage": {
        "ACTIVE": 99.92863167456044,
        "INACTIVE": 0.0728959575878065,
        "INVALID": 0,
        "MALICIOUS": 0,
        "SANE": 0,
        "VALID": 0,
        "total": 100.00152763214824
    }
}