{
    "counter": {
        "ACTIVE": 18878,
        "INACTIVE": 2,
        "INVALID": 0,
        "MALICIOUS": 0,
        "SANE": 0,
        "VALID": 0,
        "total": 18880
    },
    "percentage": {
        "ACTIVE": 99.98940677966101,
        "INACTIVE": 0.01059322033898305,
        "INVALID": 0.0,
        "MALICIOUS": 0.0,
        "SANE": 0.0,
        "VALID": 0.0,
        "total": 100.0
    }
}