{
    "counter": {
        "ACTIVE": 16722,
        "INACTIVE": 83,
        "INVALID": 0,
        "MALICIOUS": 0,
        "SANE": 0,
        "VALID": 0,
        "total": 16805
    },
    "percentage": {
        "ACTIVE": 99.50609937518595,
        "INACTIVE": 0.5134232339477917,
        "INVALID": 0,
        "MALICIOUS": 0,
        "SANE": 0,
        "VALID": 0,
        "total": 100.01952260913374
    }
}