{
    "counter": {
        "ACTIVE": 136378,
        "INACTIVE": 13,
        "INVALID": 0,
        "MALICIOUS": 0,
        "SANE": 0,
        "VALID": 0,
        "total": 136391
    },
    "percentage": {
        "ACTIVE": 99.99046857930509,
        "INACTIVE": 0.010932086514850819,
        "INVALID": 0,
        "MALICIOUS": 0,
        "SANE": 0,
        "VALID": 0,
        "total": 100.00140066581994
    }
}