{
    "counter": {
        "ACTIVE": 18833,
        "INACTIVE": 11,
        "INVALID": 0,
        "MALICIOUS": 0,
        "SANE": 0,
        "VALID": 0,
        "total": 18844
    },
    "percentage": {
        "ACTIVE": 99.94162598174485,
        "INACTIVE": 0.05837401825514753,
        "INVALID": 0.0,
        "MALICIOUS": 0.0,
        "SANE": 0.0,
        "VALID": 0.0,
        "total": 100.0
    }
}