{
    "counter": {
        "ACTIVE": 7872,
        "INACTIVE": 28,
        "INVALID": 0,
        "MALICIOUS": 0,
        "SANE": 0,
        "VALID": 0,
        "total": 7900
    },
    "percentage": {
        "ACTIVE": 99.64556962025317,
        "INACTIVE": 0.3547896604156107,
        "INVALID": 0,
        "MALICIOUS": 0,
        "SANE": 0,
        "VALID": 0,
        "total": 100.00035928066877
    }
}