{
    "counter": {
        "ACTIVE": 15183,
        "INACTIVE": 8,
        "INVALID": 0,
        "MALICIOUS": 0,
        "SANE": 0,
        "VALID": 0,
        "total": 15191
    },
    "percentage": {
        "ACTIVE": 99.94733723915476,
        "INACTIVE": 0.06216006216006216,
        "INVALID": 0,
        "MALICIOUS": 0,
        "SANE": 0,
        "VALID": 0,
        "total": 100.00949730131482
    }
}