{
    "counter": {
        "ACTIVE": 16074,
        "INACTIVE": 6,
        "INVALID": 0,
        "MALICIOUS": 0,
        "SANE": 0,
        "VALID": 0,
        "total": 16080
    },
    "percentage": {
        "ACTIVE": 99.96268656716418,
        "INACTIVE": 0.0374859427714607,
        "INVALID": 0,
        "MALICIOUS": 0,
        "SANE": 0,
        "VALID": 0,
        "total": 100.00017250993564
    }
}