{
    "counter": {
        "ACTIVE": 16684,
        "INACTIVE": 21,
        "INVALID": 0,
        "MALICIOUS": 0,
        "SANE": 0,
        "VALID": 0,
        "total": 16705
    },
    "percentage": {
        "ACTIVE": 99.87428913498952,
        "INACTIVE": 0.1348747591522158,
        "INVALID": 0,
        "MALICIOUS": 0,
        "SANE": 0,
        "VALID": 0,
        "total": 100.00916389414174
    }
}