{
    "counter": {
        "ACTIVE": 14720,
        "INACTIVE": 36,
        "INVALID": 0,
        "MALICIOUS": 0,
        "SANE": 0,
        "VALID": 0,
        "total": 14756
    },
    "percentage": {
        "ACTIVE": 99.756031444836,
        "INACTIVE": 0.2481902792140641,
        "INVALID": 0,
        "MALICIOUS": 0,
        "SANE": 0,
        "VALID": 0,
        "total": 100.00422172405005
    }
}