{
    "counter": {
        "ACTIVE": 16335,
        "INACTIVE": 321,
        "INVALID": 0,
        "MALICIOUS": 0,
        "SANE": 0,
        "VALID": 0,
        "total": 16656
    },
    "percentage": {
        "ACTIVE": 98.07276657060518,
        "INACTIVE": 1.932919853074005,
        "INVALID": 0,
        "MALICIOUS": 0,
        "SANE": 0,
        "VALID": 0,
        "total": 100.0056864236792
    }
}