{
    "counter": {
        "ACTIVE": 18864,
        "INACTIVE": 6,
        "INVALID": 0,
        "MALICIOUS": 0,
        "SANE": 0,
        "VALID": 0,
        "total": 18870
    },
    "percentage": {
        "ACTIVE": 99.96820349761526,
        "INACTIVE": 0.03179650238473768,
        "INVALID": 0.0,
        "MALICIOUS": 0.0,
        "SANE": 0.0,
        "VALID": 0.0,
        "total": 100.0
    }
}