{
    "counter": {
        "ACTIVE": 6220,
        "INACTIVE": 5,
        "INVALID": 0,
        "MALICIOUS": 0,
        "SANE": 0,
        "VALID": 0,
        "total": 6225
    },
    "percentage": {
        "ACTIVE": 99.91967871485944,
        "INACTIVE": 0.1380071763731714,
        "INVALID": 0,
        "MALICIOUS": 0,
        "SANE": 0,
        "VALID": 0,
        "total": 100.05768589123261
    }
}