{
    "counter": {
        "ACTIVE": 16078,
        "INACTIVE": 5,
        "INVALID": 0,
        "MALICIOUS": 0,
        "SANE": 0,
        "VALID": 0,
        "total": 16083
    },
    "percentage": {
        "ACTIVE": 99.96891127277249,
        "INACTIVE": 0.05283178360101437,
        "INVALID": 0,
        "MALICIOUS": 0,
        "SANE": 0,
        "VALID": 0,
        "total": 100.0217430563735
    }
}