{
    "counter": {
        "ACTIVE": 610,
        "INACTIVE": 1,
        "INVALID": 0,
        "MALICIOUS": 0,
        "SANE": 0,
        "VALID": 0,
        "total": 611
    },
    "percentage": {
        "ACTIVE": 99.83633387888707,
        "INACTIVE": 0.2066115702479339,
        "INVALID": 0,
        "MALICIOUS": 0,
        "SANE": 0,
        "VALID": 0,
        "total": 100.042945449135
    }
}