{
    "counter": {
        "ACTIVE": 17061,
        "INACTIVE": 22,
        "INVALID": 0,
        "MALICIOUS": 0,
        "SANE": 0,
        "VALID": 0,
        "total": 17083
    },
    "percentage": {
        "ACTIVE": 99.87121699935608,
        "INACTIVE": 0.1770053906187143,
        "INVALID": 0,
        "MALICIOUS": 0,
        "SANE": 0,
        "VALID": 0,
        "total": 100.0482223899748
    }
}