{
    "counter": {
        "ACTIVE": 13094,
        "INACTIVE": 258,
        "INVALID": 0,
        "MALICIOUS": 0,
        "SANE": 0,
        "VALID": 0,
        "total": 13352
    },
    "percentage": {
        "ACTIVE": 98.06770521270222,
        "INACTIVE": 1.9720247649621647,
        "INVALID": 0,
        "MALICIOUS": 0,
        "SANE": 0,
        "VALID": 0,
        "total": 100.0397299776644
    }
}