{
    "counter": {
        "ACTIVE": 18819,
        "INACTIVE": 4,
        "INVALID": 0,
        "MALICIOUS": 0,
        "SANE": 0,
        "VALID": 0,
        "total": 18823
    },
    "percentage": {
        "ACTIVE": 99.97874940232694,
        "INACTIVE": 0.021250597673059556,
        "INVALID": 0.0,
        "MALICIOUS": 0.0,
        "SANE": 0.0,
        "VALID": 0.0,
        "total": 100.0
    }
}