{
    "counter": {
        "ACTIVE": 9985,
        "INACTIVE": 3,
        "INVALID": 0,
        "MALICIOUS": 0,
        "SANE": 0,
        "VALID": 0,
        "total": 9988
    },
    "percentage": {
        "ACTIVE": 99.9699639567481,
        "INACTIVE": 0.0764915859255482,
        "INVALID": 0,
        "MALICIOUS": 0,
        "SANE": 0,
        "VALID": 0,
        "total": 100.04645554267366
    }
}