{
    "counter": {
        "ACTIVE": 216130,
        "INACTIVE": 13,
        "INVALID": 0,
        "MALICIOUS": 0,
        "SANE": 0,
        "VALID": 0,
        "total": 216143
    },
    "percentage": {
        "ACTIVE": 99.99398546332752,
        "INACTIVE": 0.010932086514850819,
        "INVALID": 0,
        "MALICIOUS": 0,
        "SANE": 0,
        "VALID": 0,
        "total": 100.00491754984238
    }
}