{
    "counter": {
        "ACTIVE": 27934,
        "INACTIVE": 9,
        "INVALID": 0,
        "MALICIOUS": 0,
        "SANE": 0,
        "VALID": 0,
        "total": 27943
    },
    "percentage": {
        "ACTIVE": 99.9677915757077,
        "INACTIVE": 0.03349959056055982,
        "INVALID": 0,
        "MALICIOUS": 0,
        "SANE": 0,
        "VALID": 0,
        "total": 100.00129116626826
    }
}