{
    "counter": {
        "ACTIVE": 9269,
        "INACTIVE": 4,
        "INVALID": 0,
        "MALICIOUS": 0,
        "SANE": 0,
        "VALID": 0,
        "total": 9273
    },
    "percentage": {
        "ACTIVE": 99.95686401380351,
        "INACTIVE": 0.4048582995951417,
        "INVALID": 0,
        "MALICIOUS": 0,
        "SANE": 0,
        "VALID": 0,
        "total": 100.36172231339866
    }
}