{
    "counter": {
        "ACTIVE": 6427,
        "INACTIVE": 14,
        "INVALID": 0,
        "MALICIOUS": 0,
        "SANE": 0,
        "VALID": 0,
        "total": 6441
    },
    "percentage": {
        "ACTIVE": 99.78264244682502,
        "INACTIVE": 0.21739130434782608,
        "INVALID": 0,
        "MALICIOUS": 0,
        "SANE": 0,
        "VALID": 0,
        "total": 100.00003375117285
    }
}