{
    "counter": {
        "ACTIVE": 2114,
        "INACTIVE": 1,
        "INVALID": 0,
        "MALICIOUS": 0,
        "SANE": 0,
        "VALID": 0,
        "total": 2115
    },
    "percentage": {
        "ACTIVE": 99.95271867612293,
        "INACTIVE": 0.05885815185403178,
        "INVALID": 0,
        "MALICIOUS": 0,
        "SANE": 0,
        "VALID": 0,
        "total": 100.01157682797695
    }
}