{
    "counter": {
        "ACTIVE": 6029,
        "INACTIVE": 1,
        "INVALID": 0,
        "MALICIOUS": 0,
        "SANE": 0,
        "VALID": 0,
        "total": 6030
    },
    "percentage": {
        "ACTIVE": 99.98341625207297,
        "INACTIVE": 0.04791566842357451,
        "INVALID": 0,
        "MALICIOUS": 0,
        "SANE": 0,
        "VALID": 0,
        "total": 100.03133192049654
    }
}