{
    "counter": {
        "ACTIVE": 198854,
        "INACTIVE": 13,
        "INVALID": 0,
        "MALICIOUS": 0,
        "SANE": 0,
        "VALID": 0,
        "total": 198867
    },
    "percentage": {
        "ACTIVE": 99.99346296771209,
        "INACTIVE": 0.010932086514850819,
        "INVALID": 0,
        "MALICIOUS": 0,
        "SANE": 0,
        "VALID": 0,
        "total": 100.00439505422695
    }
}