{
    "counter": {
        "ACTIVE": 11239,
        "INACTIVE": 4,
        "INVALID": 0,
        "MALICIOUS": 0,
        "SANE": 0,
        "VALID": 0,
        "total": 11243
    },
    "percentage": {
        "ACTIVE": 99.96442230721338,
        "INACTIVE": 0.4048582995951417,
        "INVALID": 0,
        "MALICIOUS": 0,
        "SANE": 0,
        "VALID": 0,
        "total": 100.36928060680853
    }
}