{
    "counter": {
        "ACTIVE": 9440,
        "INACTIVE": 1,
        "INVALID": 0,
        "MALICIOUS": 0,
        "SANE": 0,
        "VALID": 0,
        "total": 9441
    },
    "percentage": {
        "ACTIVE": 99.98940790170533,
        "INACTIVE": 0.03469812630117974,
        "INVALID": 0,
        "MALICIOUS": 0,
        "SANE": 0,
        "VALID": 0,
        "total": 100.02410602800651
    }
}