{
    "counter": {
        "ACTIVE": 15172,
        "INACTIVE": 3,
        "INVALID": 0,
        "MALICIOUS": 0,
        "SANE": 0,
        "VALID": 0,
        "total": 15175
    },
    "percentage": {
        "ACTIVE": 99.98023064250413,
        "INACTIVE": 0.020344500203445002,
        "INVALID": 0,
        "MALICIOUS": 0,
        "SANE": 0,
        "VALID": 0,
        "total": 100.00057514270758
    }
}