{
    "counter": {
        "ACTIVE": 2379,
        "INACTIVE": 11,
        "INVALID": 0,
        "MALICIOUS": 0,
        "SANE": 0,
        "VALID": 0,
        "total": 2390
    },
    "percentage": {
        "ACTIVE": 99.5397489539749,
        "INACTIVE": 0.5109150023223409,
        "INVALID": 0,
        "MALICIOUS": 0,
        "SANE": 0,
        "VALID": 0,
        "total": 100.05066395629723
    }
}