{
    "counter": {
        "ACTIVE": 10232,
        "INACTIVE": 3,
        "INVALID": 0,
        "MALICIOUS": 0,
        "SANE": 0,
        "VALID": 0,
        "total": 10235
    },
    "percentage": {
        "ACTIVE": 99.97068881289692,
        "INACTIVE": 0.030706243602865915,
        "INVALID": 0,
        "MALICIOUS": 0,
        "SANE": 0,
        "VALID": 0,
        "total": 100.00139505649979
    }
}