{
    "counter": {
        "ACTIVE": 17117,
        "INACTIVE": 60,
        "INVALID": 0,
        "MALICIOUS": 0,
        "SANE": 0,
        "VALID": 0,
        "total": 17177
    },
    "percentage": {
        "ACTIVE": 99.65069569773534,
        "INACTIVE": 0.37007339789058163,
        "INVALID": 0,
        "MALICIOUS": 0,
        "SANE": 0,
        "VALID": 0,
        "total": 100.02076909562592
    }
}