{
    "counter": {
        "ACTIVE": 38866,
        "INACTIVE": 4,
        "INVALID": 0,
        "MALICIOUS": 0,
        "SANE": 0,
        "VALID": 0,
        "total": 38870
    },
    "percentage": {
        "ACTIVE": 99.98970928736816,
        "INACTIVE": 0.013466199838405602,
        "INVALID": 0,
        "MALICIOUS": 0,
        "SANE": 0,
        "VALID": 0,
        "total": 100.00317548720656
    }
}