{
    "counter": {
        "ACTIVE": 195418,
        "INACTIVE": 13,
        "INVALID": 0,
        "MALICIOUS": 0,
        "SANE": 0,
        "VALID": 0,
        "total": 195431
    },
    "percentage": {
        "ACTIVE": 99.99334803587968,
        "INACTIVE": 0.010932086514850819,
        "INVALID": 0,
        "MALICIOUS": 0,
        "SANE": 0,
        "VALID": 0,
        "total": 100.00428012239453
    }
}