{
    "counter": {
        "ACTIVE": 14623,
        "INACTIVE": 7,
        "INVALID": 0,
        "MALICIOUS": 0,
        "SANE": 0,
        "VALID": 0,
        "total": 14630
    },
    "percentage": {
        "ACTIVE": 99.95215311004785,
        "INACTIVE": 0.048641512056146204,
        "INVALID": 0,
        "MALICIOUS": 0,
        "SANE": 0,
        "VALID": 0,
        "total": 100.000794622104
    }
}