{
    "counter": {
        "ACTIVE": 4518,
        "INACTIVE": 3,
        "INVALID": 0,
        "MALICIOUS": 0,
        "SANE": 0,
        "VALID": 0,
        "total": 4521
    },
    "percentage": {
        "ACTIVE": 99.93364299933643,
        "INACTIVE": 0.08393956351426973,
        "INVALID": 0,
        "MALICIOUS": 0,
        "SANE": 0,
        "VALID": 0,
        "total": 100.01758256285069
    }
}