{
    "counter": {
        "ACTIVE": 16725,
        "INACTIVE": 1,
        "INVALID": 0,
        "MALICIOUS": 0,
        "SANE": 0,
        "VALID": 0,
        "total": 16726
    },
    "percentage": {
        "ACTIVE": 99.99402128422815,
        "INACTIVE": 0.007995522507395858,
        "INVALID": 0,
        "MALICIOUS": 0,
        "SANE": 0,
        "VALID": 0,
        "total": 100.00201680673555
    }
}