{
    "counter": {
        "ACTIVE": 14438,
        "INACTIVE": 4,
        "INVALID": 0,
        "MALICIOUS": 0,
        "SANE": 0,
        "VALID": 0,
        "total": 14442
    },
    "percentage": {
        "ACTIVE": 99.97230300512395,
        "INACTIVE": 0.4048582995951417,
        "INVALID": 0,
        "MALICIOUS": 0,
        "SANE": 0,
        "VALID": 0,
        "total": 100.3771613047191
    }
}