{
    "counter": {
        "ACTIVE": 259145,
        "INACTIVE": 14,
        "INVALID": 0,
        "MALICIOUS": 0,
        "SANE": 0,
        "VALID": 0,
        "total": 259159
    },
    "percentage": {
        "ACTIVE": 99.99459791093498,
        "INACTIVE": 0.006299212598425197,
        "INVALID": 0,
        "MALICIOUS": 0,
        "SANE": 0,
        "VALID": 0,
        "total": 100.0008971235334
    }
}