{
    "counter": {
        "ACTIVE": 13826,
        "INACTIVE": 4,
        "INVALID": 0,
        "MALICIOUS": 0,
        "SANE": 0,
        "VALID": 0,
        "total": 13830
    },
    "percentage": {
        "ACTIVE": 99.9710773680405,
        "INACTIVE": 0.03026176426085641,
        "INVALID": 0,
        "MALICIOUS": 0,
        "SANE": 0,
        "VALID": 0,
        "total": 100.00133913230135
    }
}