{
    "counter": {
        "ACTIVE": 281488,
        "INACTIVE": 14,
        "INVALID": 0,
        "MALICIOUS": 0,
        "SANE": 0,
        "VALID": 0,
        "total": 281502
    },
    "percentage": {
        "ACTIVE": 99.99502667831845,
        "INACTIVE": 0.006299212598425197,
        "INVALID": 0,
        "MALICIOUS": 0,
        "SANE": 0,
        "VALID": 0,
        "total": 100.00132589091687
    }
}