{
    "counter": {
        "ACTIVE": 2446,
        "INACTIVE": 6,
        "INVALID": 0,
        "MALICIOUS": 0,
        "SANE": 0,
        "VALID": 0,
        "total": 2452
    },
    "percentage": {
        "ACTIVE": 99.7553017944535,
        "INACTIVE": 0.2546689303904924,
        "INVALID": 0,
        "MALICIOUS": 0,
        "SANE": 0,
        "VALID": 0,
        "total": 100.009970724844
    }
}