{
    "counter": {
        "ACTIVE": 16281,
        "INACTIVE": 26,
        "INVALID": 0,
        "MALICIOUS": 0,
        "SANE": 0,
        "VALID": 0,
        "total": 16307
    },
    "percentage": {
        "ACTIVE": 99.84055926902558,
        "INACTIVE": 0.16448408932751313,
        "INVALID": 0,
        "MALICIOUS": 0,
        "SANE": 0,
        "VALID": 0,
        "total": 100.00504335835309
    }
}