{
    "counter": {
        "ACTIVE": 8271,
        "INACTIVE": 20,
        "INVALID": 0,
        "MALICIOUS": 0,
        "SANE": 0,
        "VALID": 0,
        "total": 8291
    },
    "percentage": {
        "ACTIVE": 99.75877457484019,
        "INACTIVE": 0.2682043717312592,
        "INVALID": 0,
        "MALICIOUS": 0,
        "SANE": 0,
        "VALID": 0,
        "total": 100.02697894657145
    }
}