{
    "counter": {
        "ACTIVE": 16411,
        "INACTIVE": 3,
        "INVALID": 0,
        "MALICIOUS": 0,
        "SANE": 0,
        "VALID": 0,
        "total": 16414
    },
    "percentage": {
        "ACTIVE": 99.981722919459,
        "INACTIVE": 0.019719976336028396,
        "INVALID": 0,
        "MALICIOUS": 0,
        "SANE": 0,
        "VALID": 0,
        "total": 100.00144289579504
    }
}