{
    "counter": {
        "ACTIVE": 13570,
        "INACTIVE": 7,
        "INVALID": 0,
        "MALICIOUS": 0,
        "SANE": 0,
        "VALID": 0,
        "total": 13577
    },
    "percentage": {
        "ACTIVE": 99.94844221845769,
        "INACTIVE": 0.06162514305836781,
        "INVALID": 0,
        "MALICIOUS": 0,
        "SANE": 0,
        "VALID": 0,
        "total": 100.01006736151605
    }
}