{
    "counter": {
        "ACTIVE": 13844,
        "INACTIVE": 2,
        "INVALID": 0,
        "MALICIOUS": 0,
        "SANE": 0,
        "VALID": 0,
        "total": 13846
    },
    "percentage": {
        "ACTIVE": 99.98555539505995,
        "INACTIVE": 0.014552863275849523,
        "INVALID": 0,
        "MALICIOUS": 0,
        "SANE": 0,
        "VALID": 0,
        "total": 100.0001082583358
    }
}