{
    "counter": {
        "ACTIVE": 1198,
        "INACTIVE": 1,
        "INVALID": 0,
        "MALICIOUS": 0,
        "SANE": 0,
        "VALID": 0,
        "total": 1199
    },
    "percentage": {
        "ACTIVE": 99.91659716430358,
        "INACTIVE": 0.2066115702479339,
        "INVALID": 0,
        "MALICIOUS": 0,
        "SANE": 0,
        "VALID": 0,
        "total": 100.12320873455151
    }
}