{
    "counter": {
        "ACTIVE": 7156,
        "INACTIVE": 3,
        "INVALID": 0,
        "MALICIOUS": 0,
        "SANE": 0,
        "VALID": 0,
        "total": 7159
    },
    "percentage": {
        "ACTIVE": 99.95809470596453,
        "INACTIVE": 0.050454086781029264,
        "INVALID": 0,
        "MALICIOUS": 0,
        "SANE": 0,
        "VALID": 0,
        "total": 100.00854879274556
    }
}