{
    "counter": {
        "ACTIVE": 14607,
        "INACTIVE": 3,
        "INVALID": 0,
        "MALICIOUS": 0,
        "SANE": 0,
        "VALID": 0,
        "total": 14610
    },
    "percentage": {
        "ACTIVE": 99.97946611909651,
        "INACTIVE": 0.0206711224419486,
        "INVALID": 0,
        "MALICIOUS": 0,
        "SANE": 0,
        "VALID": 0,
        "total": 100.00013724153847
    }
}