{
    "counter": {
        "ACTIVE": 3658,
        "INACTIVE": 5,
        "INVALID": 0,
        "MALICIOUS": 0,
        "SANE": 0,
        "VALID": 0,
        "total": 3663
    },
    "percentage": {
        "ACTIVE": 99.86349986349987,
        "INACTIVE": 0.17562346329469616,
        "INVALID": 0,
        "MALICIOUS": 0,
        "SANE": 0,
        "VALID": 0,
        "total": 100.03912332679457
    }
}