{
    "counter": {
        "ACTIVE": 15133,
        "INACTIVE": 7,
        "INVALID": 0,
        "MALICIOUS": 0,
        "SANE": 0,
        "VALID": 0,
        "total": 15140
    },
    "percentage": {
        "ACTIVE": 99.95376486129459,
        "INACTIVE": 0.04742868758045938,
        "INVALID": 0,
        "MALICIOUS": 0,
        "SANE": 0,
        "VALID": 0,
        "total": 100.00119354887505
    }
}