{
    "counter": {
        "ACTIVE": 51752,
        "INACTIVE": 6,
        "INVALID": 0,
        "MALICIOUS": 0,
        "SANE": 0,
        "VALID": 0,
        "total": 51758
    },
    "percentage": {
        "ACTIVE": 99.98840758916496,
        "INACTIVE": 0.02765359266258008,
        "INVALID": 0,
        "MALICIOUS": 0,
        "SANE": 0,
        "VALID": 0,
        "total": 100.01606118182754
    }
}