{
    "counter": {
        "ACTIVE": 6031,
        "INACTIVE": 1,
        "INVALID": 0,
        "MALICIOUS": 0,
        "SANE": 0,
        "VALID": 0,
        "total": 6032
    },
    "percentage": {
        "ACTIVE": 99.98342175066313,
        "INACTIVE": 0.5555555555555556,
        "INVALID": 0,
        "MALICIOUS": 0,
        "SANE": 0,
        "VALID": 0,
        "total": 100.53897730621868
    }
}