{
    "counter": {
        "ACTIVE": 267412,
        "INACTIVE": 14,
        "INVALID": 0,
        "MALICIOUS": 0,
        "SANE": 0,
        "VALID": 0,
        "total": 267426
    },
    "percentage": {
        "ACTIVE": 99.99476490692753,
        "INACTIVE": 0.006299212598425197,
        "INVALID": 0,
        "MALICIOUS": 0,
        "SANE": 0,
        "VALID": 0,
        "total": 100.00106411952595
    }
}