{
    "counter": {
        "ACTIVE": 15778,
        "INACTIVE": 7,
        "INVALID": 0,
        "MALICIOUS": 0,
        "SANE": 0,
        "VALID": 0,
        "total": 15785
    },
    "percentage": {
        "ACTIVE": 99.95565410199556,
        "INACTIVE": 0.059427795228797015,
        "INVALID": 0,
        "MALICIOUS": 0,
        "SANE": 0,
        "VALID": 0,
        "total": 100.01508189722436
    }
}