{
    "counter": {
        "ACTIVE": 11479,
        "INACTIVE": 16,
        "INVALID": 0,
        "MALICIOUS": 0,
        "SANE": 0,
        "VALID": 0,
        "total": 11495
    },
    "percentage": {
        "ACTIVE": 99.86080904741192,
        "INACTIVE": 0.18315018315018314,
        "INVALID": 0,
        "MALICIOUS": 0,
        "SANE": 0,
        "VALID": 0,
        "total": 100.04395923056211
    }
}