{
    "counter": {
        "ACTIVE": 17115,
        "INACTIVE": 555,
        "INVALID": 0,
        "MALICIOUS": 0,
        "SANE": 0,
        "VALID": 0,
        "total": 17670
    },
    "percentage": {
        "ACTIVE": 96.8590831918506,
        "INACTIVE": 3.162032816773017,
        "INVALID": 0,
        "MALICIOUS": 0,
        "SANE": 0,
        "VALID": 0,
        "total": 100.02111600862362
    }
}