{
    "counter": {
        "ACTIVE": 9579,
        "INACTIVE": 2,
        "INVALID": 0,
        "MALICIOUS": 0,
        "SANE": 0,
        "VALID": 0,
        "total": 9581
    },
    "percentage": {
        "ACTIVE": 99.97912535225969,
        "INACTIVE": 0.023196474135931337,
        "INVALID": 0,
        "MALICIOUS": 0,
        "SANE": 0,
        "VALID": 0,
        "total": 100.00232182639562
    }
}