{
    "counter": {
        "ACTIVE": 11113,
        "INACTIVE": 3,
        "INVALID": 0,
        "MALICIOUS": 0,
        "SANE": 0,
        "VALID": 0,
        "total": 11116
    },
    "percentage": {
        "ACTIVE": 99.9730118747751,
        "INACTIVE": 0.050454086781029264,
        "INVALID": 0,
        "MALICIOUS": 0,
        "SANE": 0,
        "VALID": 0,
        "total": 100.02346596155613
    }
}