{
    "counter": {
        "ACTIVE": 16021,
        "INACTIVE": 18,
        "INVALID": 0,
        "MALICIOUS": 0,
        "SANE": 0,
        "VALID": 0,
        "total": 16039
    },
    "percentage": {
        "ACTIVE": 99.88777355196709,
        "INACTIVE": 0.1601993592025632,
        "INVALID": 0,
        "MALICIOUS": 0,
        "SANE": 0,
        "VALID": 0,
        "total": 100.04797291116965
    }
}