{
    "counter": {
        "ACTIVE": 14686,
        "INACTIVE": 2,
        "INVALID": 0,
        "MALICIOUS": 0,
        "SANE": 0,
        "VALID": 0,
        "total": 14688
    },
    "percentage": {
        "ACTIVE": 99.98638344226579,
        "INACTIVE": 0.01646090534979424,
        "INVALID": 0,
        "MALICIOUS": 0,
        "SANE": 0,
        "VALID": 0,
        "total": 100.00284434761558
    }
}