{
    "counter": {
        "ACTIVE": 9207,
        "INACTIVE": 379,
        "INVALID": 0,
        "MALICIOUS": 0,
        "SANE": 0,
        "VALID": 0,
        "total": 9586
    },
    "percentage": {
        "ACTIVE": 96.04631754642186,
        "INACTIVE": 3.9573979325467263,
        "INVALID": 0,
        "MALICIOUS": 0,
        "SANE": 0,
        "VALID": 0,
        "total": 100.00371547896859
    }
}