{
    "counter": {
        "ACTIVE": 222858,
        "INACTIVE": 14,
        "INVALID": 0,
        "MALICIOUS": 0,
        "SANE": 0,
        "VALID": 0,
        "total": 222872
    },
    "percentage": {
        "ACTIVE": 99.99371836749344,
        "INACTIVE": 0.006299212598425197,
        "INVALID": 0,
        "MALICIOUS": 0,
        "SANE": 0,
        "VALID": 0,
        "total": 100.00001758009186
    }
}