{
    "counter": {
        "ACTIVE": 14894,
        "INACTIVE": 35,
        "INVALID": 0,
        "MALICIOUS": 0,
        "SANE": 0,
        "VALID": 0,
        "total": 14929
    },
    "percentage": {
        "ACTIVE": 99.76555696965637,
        "INACTIVE": 0.24354603019970775,
        "INVALID": 0,
        "MALICIOUS": 0,
        "SANE": 0,
        "VALID": 0,
        "total": 100.00910299985608
    }
}