{
    "counter": {
        "ACTIVE": 14340,
        "INACTIVE": 5,
        "INVALID": 0,
        "MALICIOUS": 0,
        "SANE": 0,
        "VALID": 0,
        "total": 14345
    },
    "percentage": {
        "ACTIVE": 99.96514464970373,
        "INACTIVE": 0.04746535029428517,
        "INVALID": 0,
        "MALICIOUS": 0,
        "SANE": 0,
        "VALID": 0,
        "total": 100.01260999999802
    }
}