{
    "counter": {
        "ACTIVE": 16283,
        "INACTIVE": 320,
        "INVALID": 0,
        "MALICIOUS": 0,
        "SANE": 0,
        "VALID": 0,
        "total": 16603
    },
    "percentage": {
        "ACTIVE": 98.07263747515509,
        "INACTIVE": 1.9312009656004827,
        "INVALID": 0,
        "MALICIOUS": 0,
        "SANE": 0,
        "VALID": 0,
        "total": 100.00383844075557
    }
}