{
    "counter": {
        "ACTIVE": 7311,
        "INACTIVE": 4,
        "INVALID": 0,
        "MALICIOUS": 0,
        "SANE": 0,
        "VALID": 0,
        "total": 7315
    },
    "percentage": {
        "ACTIVE": 99.94531784005468,
        "INACTIVE": 0.05856515373352855,
        "INVALID": 0,
        "MALICIOUS": 0,
        "SANE": 0,
        "VALID": 0,
        "total": 100.00388299378821
    }
}