{
    "counter": {
        "ACTIVE": 6323,
        "INACTIVE": 24,
        "INVALID": 0,
        "MALICIOUS": 0,
        "SANE": 0,
        "VALID": 0,
        "total": 6347
    },
    "percentage": {
        "ACTIVE": 99.62186859933827,
        "INACTIVE": 0.3856660774546039,
        "INVALID": 0,
        "MALICIOUS": 0,
        "SANE": 0,
        "VALID": 0,
        "total": 100.00753467679287
    }
}