{
    "counter": {
        "ACTIVE": 6405,
        "INACTIVE": 22,
        "INVALID": 0,
        "MALICIOUS": 0,
        "SANE": 0,
        "VALID": 0,
        "total": 6427
    },
    "percentage": {
        "ACTIVE": 99.65769410300295,
        "INACTIVE": 0.35702693930542034,
        "INVALID": 0,
        "MALICIOUS": 0,
        "SANE": 0,
        "VALID": 0,
        "total": 100.01472104230837
    }
}