{
    "counter": {
        "ACTIVE": 16564,
        "INACTIVE": 24,
        "INVALID": 0,
        "MALICIOUS": 0,
        "SANE": 0,
        "VALID": 0,
        "total": 16588
    },
    "percentage": {
        "ACTIVE": 99.85531709669641,
        "INACTIVE": 0.16230472712517752,
        "INVALID": 0,
        "MALICIOUS": 0,
        "SANE": 0,
        "VALID": 0,
        "total": 100.01762182382159
    }
}