{
    "counter": {
        "ACTIVE": 10523,
        "INACTIVE": 8,
        "INVALID": 0,
        "MALICIOUS": 0,
        "SANE": 0,
        "VALID": 0,
        "total": 10531
    },
    "percentage": {
        "ACTIVE": 99.92403380495679,
        "INACTIVE": 0.10007505629221916,
        "INVALID": 0,
        "MALICIOUS": 0,
        "SANE": 0,
        "VALID": 0,
        "total": 100.024108861249
    }
}