{
    "counter": {
        "ACTIVE": 10255,
        "INACTIVE": 4,
        "INVALID": 0,
        "MALICIOUS": 0,
        "SANE": 0,
        "VALID": 0,
        "total": 10259
    },
    "percentage": {
        "ACTIVE": 99.96100984501413,
        "INACTIVE": 0.04839099927413501,
        "INVALID": 0,
        "MALICIOUS": 0,
        "SANE": 0,
        "VALID": 0,
        "total": 100.00940084428827
    }
}