{
    "counter": {
        "ACTIVE": 10742,
        "INACTIVE": 4,
        "INVALID": 0,
        "MALICIOUS": 0,
        "SANE": 0,
        "VALID": 0,
        "total": 10746
    },
    "percentage": {
        "ACTIVE": 99.96277684719895,
        "INACTIVE": 0.04607764082478977,
        "INVALID": 0,
        "MALICIOUS": 0,
        "SANE": 0,
        "VALID": 0,
        "total": 100.00885448802374
    }
}