{
    "counter": {
        "ACTIVE": 14843,
        "INACTIVE": 4,
        "INVALID": 0,
        "MALICIOUS": 0,
        "SANE": 0,
        "VALID": 0,
        "total": 14847
    },
    "percentage": {
        "ACTIVE": 99.97305853034283,
        "INACTIVE": 0.0324254215304799,
        "INVALID": 0,
        "MALICIOUS": 0,
        "SANE": 0,
        "VALID": 0,
        "total": 100.0054839518733
    }
}