{
    "counter": {
        "ACTIVE": 8510,
        "INACTIVE": 3,
        "INVALID": 0,
        "MALICIOUS": 0,
        "SANE": 0,
        "VALID": 0,
        "total": 8513
    },
    "percentage": {
        "ACTIVE": 99.96475977916128,
        "INACTIVE": 0.04013914905004014,
        "INVALID": 0,
        "MALICIOUS": 0,
        "SANE": 0,
        "VALID": 0,
        "total": 100.00489892821132
    }
}