{
    "counter": {
        "ACTIVE": 7395,
        "INACTIVE": 4,
        "INVALID": 0,
        "MALICIOUS": 0,
        "SANE": 0,
        "VALID": 0,
        "total": 7399
    },
    "percentage": {
        "ACTIVE": 99.9459386403568,
        "INACTIVE": 0.06608293408227325,
        "INVALID": 0,
        "MALICIOUS": 0,
        "SANE": 0,
        "VALID": 0,
        "total": 100.01202157443907
    }
}