{
    "counter": {
        "ACTIVE": 18874,
        "INACTIVE": 5,
        "INVALID": 0,
        "MALICIOUS": 0,
        "SANE": 0,
        "VALID": 0,
        "total": 18879
    },
    "percentage": {
        "ACTIVE": 99.97351554637427,
        "INACTIVE": 0.0264844536257217,
        "INVALID": 0.0,
        "MALICIOUS": 0.0,
        "SANE": 0.0,
        "VALID": 0.0,
        "total": 100.0
    }
}