{
    "counter": {
        "ACTIVE": 7778,
        "INACTIVE": 69,
        "INVALID": 0,
        "MALICIOUS": 0,
        "SANE": 0,
        "VALID": 0,
        "total": 7847
    },
    "percentage": {
        "ACTIVE": 99.12068306359119,
        "INACTIVE": 0.8933195235629208,
        "INVALID": 0,
        "MALICIOUS": 0,
        "SANE": 0,
        "VALID": 0,
        "total": 100.01400258715411
    }
}