{
    "counter": {
        "ACTIVE": 11826,
        "INACTIVE": 23,
        "INVALID": 0,
        "MALICIOUS": 0,
        "SANE": 0,
        "VALID": 0,
        "total": 11849
    },
    "percentage": {
        "ACTIVE": 99.80589079247194,
        "INACTIVE": 0.2358974358974359,
        "INVALID": 0,
        "MALICIOUS": 0,
        "SANE": 0,
        "VALID": 0,
        "total": 100.04178822836938
    }
}