{
    "counter": {
        "ACTIVE": 15281,
        "INACTIVE": 12,
        "INVALID": 0,
        "MALICIOUS": 0,
        "SANE": 0,
        "VALID": 0,
        "total": 15293
    },
    "percentage": {
        "ACTIVE": 99.92153272739162,
        "INACTIVE": 0.0826787928896238,
        "INVALID": 0,
        "MALICIOUS": 0,
        "SANE": 0,
        "VALID": 0,
        "total": 100.00421152028125
    }
}