{
    "counter": {
        "ACTIVE": 14489,
        "INACTIVE": 7,
        "INVALID": 0,
        "MALICIOUS": 0,
        "SANE": 0,
        "VALID": 0,
        "total": 14496
    },
    "percentage": {
        "ACTIVE": 99.95171081677704,
        "INACTIVE": 0.06070592316364582,
        "INVALID": 0,
        "MALICIOUS": 0,
        "SANE": 0,
        "VALID": 0,
        "total": 100.01241673994069
    }
}