{
    "counter": {
        "ACTIVE": 16966,
        "INACTIVE": 60,
        "INVALID": 0,
        "MALICIOUS": 0,
        "SANE": 0,
        "VALID": 0,
        "total": 17026
    },
    "percentage": {
        "ACTIVE": 99.64759779161282,
        "INACTIVE": 0.37007339789058163,
        "INVALID": 0,
        "MALICIOUS": 0,
        "SANE": 0,
        "VALID": 0,
        "total": 100.0176711895034
    }
}