{
    "counter": {
        "ACTIVE": 8564,
        "INACTIVE": 22,
        "INVALID": 0,
        "MALICIOUS": 0,
        "SANE": 0,
        "VALID": 0,
        "total": 8586
    },
    "percentage": {
        "ACTIVE": 99.74376892615886,
        "INACTIVE": 0.3307773267177868,
        "INVALID": 0,
        "MALICIOUS": 0,
        "SANE": 0,
        "VALID": 0,
        "total": 100.07454625287666
    }
}