{
    "counter": {
        "ACTIVE": 15704,
        "INACTIVE": 14,
        "INVALID": 0,
        "MALICIOUS": 0,
        "SANE": 0,
        "VALID": 0,
        "total": 15718
    },
    "percentage": {
        "ACTIVE": 99.9109301437842,
        "INACTIVE": 0.1158173395102581,
        "INVALID": 0,
        "MALICIOUS": 0,
        "SANE": 0,
        "VALID": 0,
        "total": 100.02674748329446
    }
}