{
    "counter": {
        "ACTIVE": 7516,
        "INACTIVE": 22,
        "INVALID": 0,
        "MALICIOUS": 0,
        "SANE": 0,
        "VALID": 0,
        "total": 7538
    },
    "percentage": {
        "ACTIVE": 99.70814539665693,
        "INACTIVE": 0.3142408227396086,
        "INVALID": 0,
        "MALICIOUS": 0,
        "SANE": 0,
        "VALID": 0,
        "total": 100.02238621939654
    }
}