{
    "counter": {
        "ACTIVE": 13483,
        "INACTIVE": 5,
        "INVALID": 0,
        "MALICIOUS": 0,
        "SANE": 0,
        "VALID": 0,
        "total": 13488
    },
    "percentage": {
        "ACTIVE": 99.9629300118624,
        "INACTIVE": 0.07347538574577517,
        "INVALID": 0,
        "MALICIOUS": 0,
        "SANE": 0,
        "VALID": 0,
        "total": 100.03640539760818
    }
}