{
    "counter": {
        "ACTIVE": 9295,
        "INACTIVE": 29,
        "INVALID": 0,
        "MALICIOUS": 0,
        "SANE": 0,
        "VALID": 0,
        "total": 9324
    },
    "percentage": {
        "ACTIVE": 99.6889746889747,
        "INACTIVE": 0.3113592441485935,
        "INVALID": 0,
        "MALICIOUS": 0,
        "SANE": 0,
        "VALID": 0,
        "total": 100.00033393312329
    }
}