{
    "counter": {
        "ACTIVE": 5281,
        "INACTIVE": 17,
        "INVALID": 0,
        "MALICIOUS": 0,
        "SANE": 0,
        "VALID": 0,
        "total": 5298
    },
    "percentage": {
        "ACTIVE": 99.6791241978105,
        "INACTIVE": 0.361317747077577,
        "INVALID": 0,
        "MALICIOUS": 0,
        "SANE": 0,
        "VALID": 0,
        "total": 100.04044194488807
    }
}