{
    "counter": {
        "ACTIVE": 7304,
        "INACTIVE": 12,
        "INVALID": 0,
        "MALICIOUS": 0,
        "SANE": 0,
        "VALID": 0,
        "total": 7316
    },
    "percentage": {
        "ACTIVE": 99.83597594313832,
        "INACTIVE": 0.414651002073255,
        "INVALID": 0,
        "MALICIOUS": 0,
        "SANE": 0,
        "VALID": 0,
        "total": 100.25062694521158
    }
}