{
    "counter": {
        "ACTIVE": 14624,
        "INACTIVE": 7,
        "INVALID": 0,
        "MALICIOUS": 0,
        "SANE": 0,
        "VALID": 0,
        "total": 14631
    },
    "percentage": {
        "ACTIVE": 99.95215638028843,
        "INACTIVE": 0.048641512056146204,
        "INVALID": 0,
        "MALICIOUS": 0,
        "SANE": 0,
        "VALID": 0,
        "total": 100.00079789234458
    }
}