{
    "counter": {
        "ACTIVE": 102337,
        "INACTIVE": 11,
        "INVALID": 0,
        "MALICIOUS": 0,
        "SANE": 0,
        "VALID": 0,
        "total": 102348
    },
    "percentage": {
        "ACTIVE": 99.98925235471138,
        "INACTIVE": 0.010842886573549272,
        "INVALID": 0,
        "MALICIOUS": 0,
        "SANE": 0,
        "VALID": 0,
        "total": 100.00009524128494
    }
}