{
    "counter": {
        "ACTIVE": 24078,
        "INACTIVE": 36,
        "INVALID": 1,
        "MALICIOUS": 0,
        "SANE": 0,
        "VALID": 0,
        "total": 24115
    },
    "percentage": {
        "ACTIVE": 99.84656852581381,
        "INACTIVE": 0.1837953744830755,
        "INVALID": 0.010577533319229955,
        "MALICIOUS": 0,
        "SANE": 0,
        "VALID": 0,
        "total": 100.04094143361611
    }
}