{
    "counter": {
        "ACTIVE": 9480,
        "INACTIVE": 4,
        "INVALID": 0,
        "MALICIOUS": 0,
        "SANE": 0,
        "VALID": 0,
        "total": 9484
    },
    "percentage": {
        "ACTIVE": 99.95782370307887,
        "INACTIVE": 0.04839099927413501,
        "INVALID": 0,
        "MALICIOUS": 0,
        "SANE": 0,
        "VALID": 0,
        "total": 100.006214702353
    }
}