{
    "counter": {
        "ACTIVE": 18760,
        "INACTIVE": 35,
        "INVALID": 1,
        "MALICIOUS": 0,
        "SANE": 0,
        "VALID": 0,
        "total": 18796
    },
    "percentage": {
        "ACTIVE": 99.80846988721005,
        "INACTIVE": 0.1923393966038358,
        "INVALID": 0.010577533319229955,
        "MALICIOUS": 0,
        "SANE": 0,
        "VALID": 0,
        "total": 100.01138681713313
    }
}