{
    "counter": {
        "ACTIVE": 13118,
        "INACTIVE": 7,
        "INVALID": 0,
        "MALICIOUS": 0,
        "SANE": 0,
        "VALID": 0,
        "total": 13125
    },
    "percentage": {
        "ACTIVE": 99.94666666666667,
        "INACTIVE": 0.053353658536585365,
        "INVALID": 0,
        "MALICIOUS": 0,
        "SANE": 0,
        "VALID": 0,
        "total": 100.00002032520325
    }
}