{
    "counter": {
        "ACTIVE": 95797,
        "INACTIVE": 10,
        "INVALID": 0,
        "MALICIOUS": 0,
        "SANE": 0,
        "VALID": 0,
        "total": 95807
    },
    "percentage": {
        "ACTIVE": 99.98956234930642,
        "INACTIVE": 0.02183549140773413,
        "INVALID": 0,
        "MALICIOUS": 0,
        "SANE": 0,
        "VALID": 0,
        "total": 100.01139784071415
    }
}