{
    "counter": {
        "ACTIVE": 13866,
        "INACTIVE": 4,
        "INVALID": 0,
        "MALICIOUS": 0,
        "SANE": 0,
        "VALID": 0,
        "total": 13870
    },
    "percentage": {
        "ACTIVE": 99.97116077865897,
        "INACTIVE": 0.06608293408227325,
        "INVALID": 0,
        "MALICIOUS": 0,
        "SANE": 0,
        "VALID": 0,
        "total": 100.03724371274124
    }
}