{
    "counter": {
        "ACTIVE": 8115,
        "INACTIVE": 4,
        "INVALID": 0,
        "MALICIOUS": 0,
        "SANE": 0,
        "VALID": 0,
        "total": 8119
    },
    "percentage": {
        "ACTIVE": 99.95073284887302,
        "INACTIVE": 0.4048582995951417,
        "INVALID": 0,
        "MALICIOUS": 0,
        "SANE": 0,
        "VALID": 0,
        "total": 100.35559114846816
    }
}