{
    "counter": {
        "ACTIVE": 50017,
        "INACTIVE": 35,
        "INVALID": 0,
        "MALICIOUS": 0,
        "SANE": 0,
        "VALID": 0,
        "total": 50052
    },
    "percentage": {
        "ACTIVE": 99.93007272436665,
        "INACTIVE": 0.18809114359415305,
        "INVALID": 0,
        "MALICIOUS": 0,
        "SANE": 0,
        "VALID": 0,
        "total": 100.1181638679608
    }
}