{
    "counter": {
        "ACTIVE": 285254,
        "INACTIVE": 14,
        "INVALID": 0,
        "MALICIOUS": 0,
        "SANE": 0,
        "VALID": 0,
        "total": 285268
    },
    "percentage": {
        "ACTIVE": 99.99509233422606,
        "INACTIVE": 0.006299212598425197,
        "INVALID": 0,
        "MALICIOUS": 0,
        "SANE": 0,
        "VALID": 0,
        "total": 100.00139154682448
    }
}