{
    "counter": {
        "ACTIVE": 15004,
        "INACTIVE": 4,
        "INVALID": 0,
        "MALICIOUS": 0,
        "SANE": 0,
        "VALID": 0,
        "total": 15008
    },
    "percentage": {
        "ACTIVE": 99.97334754797441,
        "INACTIVE": 0.029967036260113874,
        "INVALID": 0,
        "MALICIOUS": 0,
        "SANE": 0,
        "VALID": 0,
        "total": 100.00331458423453
    }
}