{
    "counter": {
        "ACTIVE": 10765,
        "INACTIVE": 4,
        "INVALID": 0,
        "MALICIOUS": 0,
        "SANE": 0,
        "VALID": 0,
        "total": 10769
    },
    "percentage": {
        "ACTIVE": 99.96285634692173,
        "INACTIVE": 0.10314595152140278,
        "INVALID": 0,
        "MALICIOUS": 0,
        "SANE": 0,
        "VALID": 0,
        "total": 100.06600229844312
    }
}