{
    "counter": {
        "ACTIVE": 8384,
        "INACTIVE": 25,
        "INVALID": 0,
        "MALICIOUS": 0,
        "SANE": 0,
        "VALID": 0,
        "total": 8409
    },
    "percentage": {
        "ACTIVE": 99.70269948864312,
        "INACTIVE": 0.2976899261728983,
        "INVALID": 0,
        "MALICIOUS": 0,
        "SANE": 0,
        "VALID": 0,
        "total": 100.00038941481601
    }
}