{
    "counter": {
        "ACTIVE": 11700,
        "INACTIVE": 5,
        "INVALID": 0,
        "MALICIOUS": 0,
        "SANE": 0,
        "VALID": 0,
        "total": 11705
    },
    "percentage": {
        "ACTIVE": 99.95728321230243,
        "INACTIVE": 0.04746535029428517,
        "INVALID": 0,
        "MALICIOUS": 0,
        "SANE": 0,
        "VALID": 0,
        "total": 100.00474856259672
    }
}