{
    "counter": {
        "ACTIVE": 78769,
        "INACTIVE": 10,
        "INVALID": 0,
        "MALICIOUS": 0,
        "SANE": 0,
        "VALID": 0,
        "total": 78779
    },
    "percentage": {
        "ACTIVE": 99.98730626182105,
        "INACTIVE": 0.02183549140773413,
        "INVALID": 0,
        "MALICIOUS": 0,
        "SANE": 0,
        "VALID": 0,
        "total": 100.00914175322877
    }
}