{
    "counter": {
        "ACTIVE": 11070,
        "INACTIVE": 10,
        "INVALID": 0,
        "MALICIOUS": 0,
        "SANE": 0,
        "VALID": 0,
        "total": 11080
    },
    "percentage": {
        "ACTIVE": 99.90974729241877,
        "INACTIVE": 0.13449899125756556,
        "INVALID": 0,
        "MALICIOUS": 0,
        "SANE": 0,
        "VALID": 0,
        "total": 100.04424628367633
    }
}