{
    "counter": {
        "ACTIVE": 8811,
        "INACTIVE": 3,
        "INVALID": 0,
        "MALICIOUS": 0,
        "SANE": 0,
        "VALID": 0,
        "total": 8814
    },
    "percentage": {
        "ACTIVE": 99.96596324029953,
        "INACTIVE": 0.08027829810008028,
        "INVALID": 0,
        "MALICIOUS": 0,
        "SANE": 0,
        "VALID": 0,
        "total": 100.04624153839961
    }
}