{
    "counter": {
        "ACTIVE": 16823,
        "INACTIVE": 2,
        "INVALID": 0,
        "MALICIOUS": 0,
        "SANE": 0,
        "VALID": 0,
        "total": 16825
    },
    "percentage": {
        "ACTIVE": 99.98811292719168,
        "INACTIVE": 0.02557544757033248,
        "INVALID": 0,
        "MALICIOUS": 0,
        "SANE": 0,
        "VALID": 0,
        "total": 100.01368837476201
    }
}