{
    "counter": {
        "ACTIVE": 12812,
        "INACTIVE": 4,
        "INVALID": 0,
        "MALICIOUS": 0,
        "SANE": 0,
        "VALID": 0,
        "total": 12816
    },
    "percentage": {
        "ACTIVE": 99.96878901373283,
        "INACTIVE": 0.03763289114686236,
        "INVALID": 0,
        "MALICIOUS": 0,
        "SANE": 0,
        "VALID": 0,
        "total": 100.00642190487969
    }
}