{
    "counter": {
        "ACTIVE": 34008,
        "INACTIVE": 6,
        "INVALID": 0,
        "MALICIOUS": 0,
        "SANE": 0,
        "VALID": 0,
        "total": 34014
    },
    "percentage": {
        "ACTIVE": 99.98236020462163,
        "INACTIVE": 0.02765359266258008,
        "INVALID": 0,
        "MALICIOUS": 0,
        "SANE": 0,
        "VALID": 0,
        "total": 100.0100137972842
    }
}