{
    "counter": {
        "ACTIVE": 14531,
        "INACTIVE": 26,
        "INVALID": 0,
        "MALICIOUS": 0,
        "SANE": 0,
        "VALID": 0,
        "total": 14557
    },
    "percentage": {
        "ACTIVE": 99.82139177028233,
        "INACTIVE": 0.21460998761865457,
        "INVALID": 0,
        "MALICIOUS": 0,
        "SANE": 0,
        "VALID": 0,
        "total": 100.03600175790099
    }
}