{
    "counter": {
        "ACTIVE": 12988,
        "INACTIVE": 27,
        "INVALID": 0,
        "MALICIOUS": 0,
        "SANE": 0,
        "VALID": 0,
        "total": 13015
    },
    "percentage": {
        "ACTIVE": 99.79254706108337,
        "INACTIVE": 0.21087160262417995,
        "INVALID": 0,
        "MALICIOUS": 0,
        "SANE": 0,
        "VALID": 0,
        "total": 100.00341866370755
    }
}