{
    "counter": {
        "ACTIVE": 3509,
        "INACTIVE": 13,
        "INVALID": 0,
        "MALICIOUS": 0,
        "SANE": 0,
        "VALID": 0,
        "total": 3522
    },
    "percentage": {
        "ACTIVE": 99.63089153889835,
        "INACTIVE": 0.44414075845575673,
        "INVALID": 0,
        "MALICIOUS": 0,
        "SANE": 0,
        "VALID": 0,
        "total": 100.07503229735411
    }
}