{
    "counter": {
        "ACTIVE": 14303,
        "INACTIVE": 37,
        "INVALID": 0,
        "MALICIOUS": 0,
        "SANE": 0,
        "VALID": 0,
        "total": 14340
    },
    "percentage": {
        "ACTIVE": 99.74198047419804,
        "INACTIVE": 0.285010013865352,
        "INVALID": 0,
        "MALICIOUS": 0,
        "SANE": 0,
        "VALID": 0,
        "total": 100.02699048806339
    }
}