{
    "counter": {
        "ACTIVE": 15941,
        "INACTIVE": 18,
        "INVALID": 0,
        "MALICIOUS": 0,
        "SANE": 0,
        "VALID": 0,
        "total": 15959
    },
    "percentage": {
        "ACTIVE": 99.88721097813146,
        "INACTIVE": 0.1601993592025632,
        "INVALID": 0,
        "MALICIOUS": 0,
        "SANE": 0,
        "VALID": 0,
        "total": 100.04741033733403
    }
}