{
    "counter": {
        "ACTIVE": 10058,
        "INACTIVE": 24,
        "INVALID": 0,
        "MALICIOUS": 0,
        "SANE": 0,
        "VALID": 0,
        "total": 10082
    },
    "percentage": {
        "ACTIVE": 99.76195199365205,
        "INACTIVE": 0.23985608634819108,
        "INVALID": 0,
        "MALICIOUS": 0,
        "SANE": 0,
        "VALID": 0,
        "total": 100.00180808000025
    }
}