{
    "counter": {
        "ACTIVE": 16016,
        "INACTIVE": 8,
        "INVALID": 0,
        "MALICIOUS": 0,
        "SANE": 0,
        "VALID": 0,
        "total": 16024
    },
    "percentage": {
        "ACTIVE": 99.95007488766849,
        "INACTIVE": 0.050068844661409435,
        "INVALID": 0,
        "MALICIOUS": 0,
        "SANE": 0,
        "VALID": 0,
        "total": 100.0001437323299
    }
}