{
    "counter": {
        "ACTIVE": 16624,
        "INACTIVE": 29,
        "INVALID": 0,
        "MALICIOUS": 0,
        "SANE": 0,
        "VALID": 0,
        "total": 16653
    },
    "percentage": {
        "ACTIVE": 99.82585720290638,
        "INACTIVE": 0.19221846622920394,
        "INVALID": 0,
        "MALICIOUS": 0,
        "SANE": 0,
        "VALID": 0,
        "total": 100.01807566913558
    }
}