{
    "counter": {
        "ACTIVE": 16098,
        "INACTIVE": 8,
        "INVALID": 0,
        "MALICIOUS": 0,
        "SANE": 0,
        "VALID": 0,
        "total": 16106
    },
    "percentage": {
        "ACTIVE": 99.95032906991183,
        "INACTIVE": 0.05181347150259067,
        "INVALID": 0,
        "MALICIOUS": 0,
        "SANE": 0,
        "VALID": 0,
        "total": 100.00214254141441
    }
}