{
    "counter": {
        "ACTIVE": 14019,
        "INACTIVE": 5,
        "INVALID": 0,
        "MALICIOUS": 0,
        "SANE": 0,
        "VALID": 0,
        "total": 14024
    },
    "percentage": {
        "ACTIVE": 99.96434683399886,
        "INACTIVE": 0.03572959839931399,
        "INVALID": 0,
        "MALICIOUS": 0,
        "SANE": 0,
        "VALID": 0,
        "total": 100.00007643239817
    }
}