{
    "counter": {
        "ACTIVE": 180005,
        "INACTIVE": 13,
        "INVALID": 0,
        "MALICIOUS": 0,
        "SANE": 0,
        "VALID": 0,
        "total": 180018
    },
    "percentage": {
        "ACTIVE": 99.99277849992778,
        "INACTIVE": 0.010932086514850819,
        "INVALID": 0,
        "MALICIOUS": 0,
        "SANE": 0,
        "VALID": 0,
        "total": 100.00371058644264
    }
}