{
    "counter": {
        "ACTIVE": 10263,
        "INACTIVE": 2,
        "INVALID": 0,
        "MALICIOUS": 0,
        "SANE": 0,
        "VALID": 0,
        "total": 10265
    },
    "percentage": {
        "ACTIVE": 99.98051631758402,
        "INACTIVE": 0.04094165813715456,
        "INVALID": 0,
        "MALICIOUS": 0,
        "SANE": 0,
        "VALID": 0,
        "total": 100.02145797572118
    }
}