{
    "counter": {
        "ACTIVE": 4301,
        "INACTIVE": 8,
        "INVALID": 0,
        "MALICIOUS": 0,
        "SANE": 0,
        "VALID": 0,
        "total": 4309
    },
    "percentage": {
        "ACTIVE": 99.81434207472732,
        "INACTIVE": 0.18899125915426412,
        "INVALID": 0,
        "MALICIOUS": 0,
        "SANE": 0,
        "VALID": 0,
        "total": 100.00333333388159
    }
}