{
    "counter": {
        "ACTIVE": 15620,
        "INACTIVE": 4,
        "INVALID": 0,
        "MALICIOUS": 0,
        "SANE": 0,
        "VALID": 0,
        "total": 15624
    },
    "percentage": {
        "ACTIVE": 99.97439836149513,
        "INACTIVE": 0.03339455668725998,
        "INVALID": 0,
        "MALICIOUS": 0,
        "SANE": 0,
        "VALID": 0,
        "total": 100.00779291818239
    }
}