{
    "counter": {
        "ACTIVE": 10320,
        "INACTIVE": 294,
        "INVALID": 0,
        "MALICIOUS": 0,
        "SANE": 0,
        "VALID": 0,
        "total": 10614
    },
    "percentage": {
        "ACTIVE": 97.23007348784624,
        "INACTIVE": 2.8214971209213053,
        "INVALID": 0,
        "MALICIOUS": 0,
        "SANE": 0,
        "VALID": 0,
        "total": 100.05157060876755
    }
}