{
    "counter": {
        "ACTIVE": 10277,
        "INACTIVE": 2,
        "INVALID": 0,
        "MALICIOUS": 0,
        "SANE": 0,
        "VALID": 0,
        "total": 10279
    },
    "percentage": {
        "ACTIVE": 99.98054285436326,
        "INACTIVE": 0.03129890453834116,
        "INVALID": 0,
        "MALICIOUS": 0,
        "SANE": 0,
        "VALID": 0,
        "total": 100.01184175890161
    }
}