{
    "counter": {
        "ACTIVE": 10067,
        "INACTIVE": 3,
        "INVALID": 0,
        "MALICIOUS": 0,
        "SANE": 0,
        "VALID": 0,
        "total": 10070
    },
    "percentage": {
        "ACTIVE": 99.97020854021847,
        "INACTIVE": 0.05466472303206997,
        "INVALID": 0,
        "MALICIOUS": 0,
        "SANE": 0,
        "VALID": 0,
        "total": 100.02487326325054
    }
}