{
    "counter": {
        "ACTIVE": 7341,
        "INACTIVE": 17,
        "INVALID": 0,
        "MALICIOUS": 0,
        "SANE": 0,
        "VALID": 0,
        "total": 7358
    },
    "percentage": {
        "ACTIVE": 99.76895895623811,
        "INACTIVE": 0.2520385470719051,
        "INVALID": 0,
        "MALICIOUS": 0,
        "SANE": 0,
        "VALID": 0,
        "total": 100.02099750331001
    }
}