{
    "counter": {
        "ACTIVE": 10443,
        "INACTIVE": 30,
        "INVALID": 0,
        "MALICIOUS": 0,
        "SANE": 0,
        "VALID": 0,
        "total": 10473
    },
    "percentage": {
        "ACTIVE": 99.71354912632484,
        "INACTIVE": 0.28935185185185186,
        "INVALID": 0,
        "MALICIOUS": 0,
        "SANE": 0,
        "VALID": 0,
        "total": 100.00290097817668
    }
}