{
    "counter": {
        "ACTIVE": 16805,
        "INACTIVE": 60,
        "INVALID": 0,
        "MALICIOUS": 0,
        "SANE": 0,
        "VALID": 0,
        "total": 16865
    },
    "percentage": {
        "ACTIVE": 99.64423361992291,
        "INACTIVE": 0.37007339789058163,
        "INVALID": 0,
        "MALICIOUS": 0,
        "SANE": 0,
        "VALID": 0,
        "total": 100.0143070178135
    }
}