{
    "counter": {
        "ACTIVE": 202947,
        "INACTIVE": 13,
        "INVALID": 0,
        "MALICIOUS": 0,
        "SANE": 0,
        "VALID": 0,
        "total": 202960
    },
    "percentage": {
        "ACTIVE": 99.99359479700433,
        "INACTIVE": 0.010932086514850819,
        "INVALID": 0,
        "MALICIOUS": 0,
        "SANE": 0,
        "VALID": 0,
        "total": 100.00452688351919
    }
}