{
    "counter": {
        "ACTIVE": 11175,
        "INACTIVE": 30,
        "INVALID": 0,
        "MALICIOUS": 0,
        "SANE": 0,
        "VALID": 0,
        "total": 11205
    },
    "percentage": {
        "ACTIVE": 99.73226238286479,
        "INACTIVE": 0.2916869227029655,
        "INVALID": 0,
        "MALICIOUS": 0,
        "SANE": 0,
        "VALID": 0,
        "total": 100.02394930556775
    }
}