{
    "counter": {
        "ACTIVE": 8858,
        "INACTIVE": 34,
        "INVALID": 0,
        "MALICIOUS": 0,
        "SANE": 0,
        "VALID": 0,
        "total": 8892
    },
    "percentage": {
        "ACTIVE": 99.61763382816014,
        "INACTIVE": 0.40375252345327156,
        "INVALID": 0,
        "MALICIOUS": 0,
        "SANE": 0,
        "VALID": 0,
        "total": 100.02138635161342
    }
}