{
    "counter": {
        "ACTIVE": 15766,
        "INACTIVE": 2,
        "INVALID": 0,
        "MALICIOUS": 0,
        "SANE": 0,
        "VALID": 0,
        "total": 15768
    },
    "percentage": {
        "ACTIVE": 99.9873160832065,
        "INACTIVE": 0.023025558369790467,
        "INVALID": 0,
        "MALICIOUS": 0,
        "SANE": 0,
        "VALID": 0,
        "total": 100.01034164157629
    }
}