{
    "counter": {
        "ACTIVE": 280023,
        "INACTIVE": 14,
        "INVALID": 0,
        "MALICIOUS": 0,
        "SANE": 0,
        "VALID": 0,
        "total": 280037
    },
    "percentage": {
        "ACTIVE": 99.99500066062699,
        "INACTIVE": 0.006299212598425197,
        "INVALID": 0,
        "MALICIOUS": 0,
        "SANE": 0,
        "VALID": 0,
        "total": 100.0012998732254
    }
}