{
    "counter": {
        "ACTIVE": 15289,
        "INACTIVE": 14,
        "INVALID": 0,
        "MALICIOUS": 0,
        "SANE": 0,
        "VALID": 0,
        "total": 15303
    },
    "percentage": {
        "ACTIVE": 99.90851467032608,
        "INACTIVE": 0.09942475676443434,
        "INVALID": 0,
        "MALICIOUS": 0,
        "SANE": 0,
        "VALID": 0,
        "total": 100.00793942709052
    }
}