{
    "counter": {
        "ACTIVE": 3801,
        "INACTIVE": 1,
        "INVALID": 0,
        "MALICIOUS": 0,
        "SANE": 0,
        "VALID": 0,
        "total": 3802
    },
    "percentage": {
        "ACTIVE": 99.97369805365597,
        "INACTIVE": 0.1545595054095827,
        "INVALID": 0,
        "MALICIOUS": 0,
        "SANE": 0,
        "VALID": 0,
        "total": 100.12825755906555
    }
}