{
    "counter": {
        "ACTIVE": 14837,
        "INACTIVE": 7,
        "INVALID": 0,
        "MALICIOUS": 0,
        "SANE": 0,
        "VALID": 0,
        "total": 14844
    },
    "percentage": {
        "ACTIVE": 99.952842899488,
        "INACTIVE": 0.05328867235079172,
        "INVALID": 0,
        "MALICIOUS": 0,
        "SANE": 0,
        "VALID": 0,
        "total": 100.0061315718388
    }
}