{
    "counter": {
        "ACTIVE": 14423,
        "INACTIVE": 45,
        "INVALID": 0,
        "MALICIOUS": 0,
        "SANE": 0,
        "VALID": 0,
        "total": 14468
    },
    "percentage": {
        "ACTIVE": 99.68896875863976,
        "INACTIVE": 0.32131381649410923,
        "INVALID": 0,
        "MALICIOUS": 0,
        "SANE": 0,
        "VALID": 0,
        "total": 100.01028257513387
    }
}