{
    "counter": {
        "ACTIVE": 12663,
        "INACTIVE": 300,
        "INVALID": 0,
        "MALICIOUS": 0,
        "SANE": 0,
        "VALID": 0,
        "total": 12963
    },
    "percentage": {
        "ACTIVE": 97.68572089794029,
        "INACTIVE": 2.391772303276728,
        "INVALID": 0,
        "MALICIOUS": 0,
        "SANE": 0,
        "VALID": 0,
        "total": 100.07749320121701
    }
}