{
    "counter": {
        "ACTIVE": 4215,
        "INACTIVE": 43,
        "INVALID": 0,
        "MALICIOUS": 0,
        "SANE": 0,
        "VALID": 0,
        "total": 4258
    },
    "percentage": {
        "ACTIVE": 98.99013621418506,
        "INACTIVE": 1.0160680529300568,
        "INVALID": 0,
        "MALICIOUS": 0,
        "SANE": 0,
        "VALID": 0,
        "total": 100.00620426711511
    }
}