{
    "counter": {
        "ACTIVE": 11171,
        "INACTIVE": 22,
        "INVALID": 0,
        "MALICIOUS": 0,
        "SANE": 0,
        "VALID": 0,
        "total": 11193
    },
    "percentage": {
        "ACTIVE": 99.80344858393639,
        "INACTIVE": 0.27482823235477827,
        "INVALID": 0,
        "MALICIOUS": 0,
        "SANE": 0,
        "VALID": 0,
        "total": 100.07827681629117
    }
}