{
    "counter": {
        "ACTIVE": 15916,
        "INACTIVE": 4,
        "INVALID": 0,
        "MALICIOUS": 0,
        "SANE": 0,
        "VALID": 0,
        "total": 15920
    },
    "percentage": {
        "ACTIVE": 99.9748743718593,
        "INACTIVE": 0.038895371450797356,
        "INVALID": 0,
        "MALICIOUS": 0,
        "SANE": 0,
        "VALID": 0,
        "total": 100.01376974331009
    }
}