{
    "counter": {
        "ACTIVE": 6404,
        "INACTIVE": 14,
        "INVALID": 0,
        "MALICIOUS": 0,
        "SANE": 0,
        "VALID": 0,
        "total": 6418
    },
    "percentage": {
        "ACTIVE": 99.78186350888127,
        "INACTIVE": 0.24225644575186017,
        "INVALID": 0,
        "MALICIOUS": 0,
        "SANE": 0,
        "VALID": 0,
        "total": 100.02411995463314
    }
}