{
    "counter": {
        "ACTIVE": 14613,
        "INACTIVE": 8,
        "INVALID": 0,
        "MALICIOUS": 0,
        "SANE": 0,
        "VALID": 0,
        "total": 14621
    },
    "percentage": {
        "ACTIVE": 99.94528418028862,
        "INACTIVE": 0.06216006216006216,
        "INVALID": 0,
        "MALICIOUS": 0,
        "SANE": 0,
        "VALID": 0,
        "total": 100.00744424244868
    }
}