{
    "counter": {
        "ACTIVE": 11347,
        "INACTIVE": 1,
        "INVALID": 0,
        "MALICIOUS": 0,
        "SANE": 0,
        "VALID": 0,
        "total": 11348
    },
    "percentage": {
        "ACTIVE": 99.99118787451533,
        "INACTIVE": 0.05885815185403178,
        "INVALID": 0,
        "MALICIOUS": 0,
        "SANE": 0,
        "VALID": 0,
        "total": 100.05004602636936
    }
}