{
    "counter": {
        "ACTIVE": 4396,
        "INACTIVE": 42,
        "INVALID": 0,
        "MALICIOUS": 0,
        "SANE": 0,
        "VALID": 0,
        "total": 4438
    },
    "percentage": {
        "ACTIVE": 99.05362776025237,
        "INACTIVE": 0.9747041076815967,
        "INVALID": 0,
        "MALICIOUS": 0,
        "SANE": 0,
        "VALID": 0,
        "total": 100.02833186793397
    }
}