{
    "counter": {
        "ACTIVE": 11128,
        "INACTIVE": 4,
        "INVALID": 0,
        "MALICIOUS": 0,
        "SANE": 0,
        "VALID": 0,
        "total": 11132
    },
    "percentage": {
        "ACTIVE": 99.96406755300036,
        "INACTIVE": 0.060551014229488345,
        "INVALID": 0,
        "MALICIOUS": 0,
        "SANE": 0,
        "VALID": 0,
        "total": 100.02461856722985
    }
}