{
    "counter": {
        "ACTIVE": 13060,
        "INACTIVE": 4,
        "INVALID": 0,
        "MALICIOUS": 0,
        "SANE": 0,
        "VALID": 0,
        "total": 13064
    },
    "percentage": {
        "ACTIVE": 99.96938150642988,
        "INACTIVE": 0.03339455668725998,
        "INVALID": 0,
        "MALICIOUS": 0,
        "SANE": 0,
        "VALID": 0,
        "total": 100.00277606311714
    }
}