{
    "counter": {
        "ACTIVE": 4595,
        "INACTIVE": 1,
        "INVALID": 0,
        "MALICIOUS": 0,
        "SANE": 0,
        "VALID": 0,
        "total": 4596
    },
    "percentage": {
        "ACTIVE": 99.97824194952132,
        "INACTIVE": 0.03411804844762879,
        "INVALID": 0,
        "MALICIOUS": 0,
        "SANE": 0,
        "VALID": 0,
        "total": 100.01235999796894
    }
}