{
    "counter": {
        "ACTIVE": 294035,
        "INACTIVE": 14,
        "INVALID": 0,
        "MALICIOUS": 0,
        "SANE": 0,
        "VALID": 0,
        "total": 294049
    },
    "percentage": {
        "ACTIVE": 99.99523888875663,
        "INACTIVE": 0.006299212598425197,
        "INVALID": 0,
        "MALICIOUS": 0,
        "SANE": 0,
        "VALID": 0,
        "total": 100.00153810135505
    }
}