{
    "counter": {
        "ACTIVE": 4333,
        "INACTIVE": 1,
        "INVALID": 0,
        "MALICIOUS": 0,
        "SANE": 0,
        "VALID": 0,
        "total": 4334
    },
    "percentage": {
        "ACTIVE": 99.97692662667282,
        "INACTIVE": 0.05892751915144372,
        "INVALID": 0,
        "MALICIOUS": 0,
        "SANE": 0,
        "VALID": 0,
        "total": 100.03585414582426
    }
}