{
    "counter": {
        "ACTIVE": 74383,
        "INACTIVE": 4,
        "INVALID": 0,
        "MALICIOUS": 0,
        "SANE": 0,
        "VALID": 0,
        "total": 74387
    },
    "percentage": {
        "ACTIVE": 99.99462271633485,
        "INACTIVE": 0.013466199838405602,
        "INVALID": 0,
        "MALICIOUS": 0,
        "SANE": 0,
        "VALID": 0,
        "total": 100.00808891617325
    }
}