{
    "counter": {
        "ACTIVE": 14685,
        "INACTIVE": 42,
        "INVALID": 0,
        "MALICIOUS": 0,
        "SANE": 0,
        "VALID": 0,
        "total": 14727
    },
    "percentage": {
        "ACTIVE": 99.71480953350988,
        "INACTIVE": 0.2880658436213992,
        "INVALID": 0,
        "MALICIOUS": 0,
        "SANE": 0,
        "VALID": 0,
        "total": 100.00287537713128
    }
}