{
    "counter": {
        "ACTIVE": 8843,
        "INACTIVE": 273,
        "INVALID": 0,
        "MALICIOUS": 0,
        "SANE": 0,
        "VALID": 0,
        "total": 9116
    },
    "percentage": {
        "ACTIVE": 97.00526546731022,
        "INACTIVE": 2.999011314951115,
        "INVALID": 0,
        "MALICIOUS": 0,
        "SANE": 0,
        "VALID": 0,
        "total": 100.00427678226134
    }
}