{
    "counter": {
        "ACTIVE": 7440,
        "INACTIVE": 5,
        "INVALID": 0,
        "MALICIOUS": 0,
        "SANE": 0,
        "VALID": 0,
        "total": 7445
    },
    "percentage": {
        "ACTIVE": 99.93284083277368,
        "INACTIVE": 0.1380071763731714,
        "INVALID": 0,
        "MALICIOUS": 0,
        "SANE": 0,
        "VALID": 0,
        "total": 100.07084800914684
    }
}