{
    "counter": {
        "ACTIVE": 258046,
        "INACTIVE": 14,
        "INVALID": 0,
        "MALICIOUS": 0,
        "SANE": 0,
        "VALID": 0,
        "total": 258060
    },
    "percentage": {
        "ACTIVE": 99.99457490506084,
        "INACTIVE": 0.006299212598425197,
        "INVALID": 0,
        "MALICIOUS": 0,
        "SANE": 0,
        "VALID": 0,
        "total": 100.00087411765927
    }
}