{
    "counter": {
        "ACTIVE": 13481,
        "INACTIVE": 1,
        "INVALID": 0,
        "MALICIOUS": 0,
        "SANE": 0,
        "VALID": 0,
        "total": 13482
    },
    "percentage": {
        "ACTIVE": 99.99258270286307,
        "INACTIVE": 0.03469812630117974,
        "INVALID": 0,
        "MALICIOUS": 0,
        "SANE": 0,
        "VALID": 0,
        "total": 100.02728082916425
    }
}