{
    "counter": {
        "ACTIVE": 9368,
        "INACTIVE": 27,
        "INVALID": 0,
        "MALICIOUS": 0,
        "SANE": 0,
        "VALID": 0,
        "total": 9395
    },
    "percentage": {
        "ACTIVE": 99.71261309207026,
        "INACTIVE": 0.287662476028127,
        "INVALID": 0,
        "MALICIOUS": 0,
        "SANE": 0,
        "VALID": 0,
        "total": 100.00027556809839
    }
}