{
    "counter": {
        "ACTIVE": 15961,
        "INACTIVE": 452,
        "INVALID": 0,
        "MALICIOUS": 0,
        "SANE": 0,
        "VALID": 0,
        "total": 16413
    },
    "percentage": {
        "ACTIVE": 97.24608542009383,
        "INACTIVE": 2.7550896013653543,
        "INVALID": 0,
        "MALICIOUS": 0,
        "SANE": 0,
        "VALID": 0,
        "total": 100.00117502145919
    }
}