{
    "counter": {
        "ACTIVE": 10183,
        "INACTIVE": 1,
        "INVALID": 0,
        "MALICIOUS": 0,
        "SANE": 0,
        "VALID": 0,
        "total": 10184
    },
    "percentage": {
        "ACTIVE": 99.99018067556952,
        "INACTIVE": 0.013933398355858995,
        "INVALID": 0,
        "MALICIOUS": 0,
        "SANE": 0,
        "VALID": 0,
        "total": 100.00411407392538
    }
}