{
    "counter": {
        "ACTIVE": 85054,
        "INACTIVE": 4,
        "INVALID": 0,
        "MALICIOUS": 0,
        "SANE": 0,
        "VALID": 0,
        "total": 85058
    },
    "percentage": {
        "ACTIVE": 99.99529732653014,
        "INACTIVE": 0.013466199838405602,
        "INVALID": 0,
        "MALICIOUS": 0,
        "SANE": 0,
        "VALID": 0,
        "total": 100.00876352636854
    }
}