{
    "counter": {
        "ACTIVE": 12583,
        "INACTIVE": 1,
        "INVALID": 0,
        "MALICIOUS": 0,
        "SANE": 0,
        "VALID": 0,
        "total": 12584
    },
    "percentage": {
        "ACTIVE": 99.9920534011443,
        "INACTIVE": 0.012080212611741966,
        "INVALID": 0,
        "MALICIOUS": 0,
        "SANE": 0,
        "VALID": 0,
        "total": 100.00413361375604
    }
}