{
    "counter": {
        "ACTIVE": 13752,
        "INACTIVE": 2,
        "INVALID": 0,
        "MALICIOUS": 0,
        "SANE": 0,
        "VALID": 0,
        "total": 13754
    },
    "percentage": {
        "ACTIVE": 99.98545877562891,
        "INACTIVE": 0.01646090534979424,
        "INVALID": 0,
        "MALICIOUS": 0,
        "SANE": 0,
        "VALID": 0,
        "total": 100.0019196809787
    }
}