{
    "counter": {
        "ACTIVE": 13001,
        "INACTIVE": 30,
        "INVALID": 0,
        "MALICIOUS": 0,
        "SANE": 0,
        "VALID": 0,
        "total": 13031
    },
    "percentage": {
        "ACTIVE": 99.76977975596654,
        "INACTIVE": 0.24923153609703413,
        "INVALID": 0,
        "MALICIOUS": 0,
        "SANE": 0,
        "VALID": 0,
        "total": 100.01901129206357
    }
}