{
    "counter": {
        "ACTIVE": 77590,
        "INACTIVE": 4,
        "INVALID": 0,
        "MALICIOUS": 0,
        "SANE": 0,
        "VALID": 0,
        "total": 77594
    },
    "percentage": {
        "ACTIVE": 99.99484496223936,
        "INACTIVE": 0.013466199838405602,
        "INVALID": 0,
        "MALICIOUS": 0,
        "SANE": 0,
        "VALID": 0,
        "total": 100.00831116207776
    }
}