{
    "counter": {
        "ACTIVE": 15993,
        "INACTIVE": 4,
        "INVALID": 0,
        "MALICIOUS": 0,
        "SANE": 0,
        "VALID": 0,
        "total": 15997
    },
    "percentage": {
        "ACTIVE": 99.97499531162093,
        "INACTIVE": 0.08503401360544217,
        "INVALID": 0,
        "MALICIOUS": 0,
        "SANE": 0,
        "VALID": 0,
        "total": 100.06002932522637
    }
}