{
    "counter": {
        "ACTIVE": 17110,
        "INACTIVE": 60,
        "INVALID": 0,
        "MALICIOUS": 0,
        "SANE": 0,
        "VALID": 0,
        "total": 17170
    },
    "percentage": {
        "ACTIVE": 99.65055329062318,
        "INACTIVE": 0.37007339789058163,
        "INVALID": 0,
        "MALICIOUS": 0,
        "SANE": 0,
        "VALID": 0,
        "total": 100.02062668851376
    }
}