{
    "counter": {
        "ACTIVE": 16800,
        "INACTIVE": 991,
        "INVALID": 0,
        "MALICIOUS": 0,
        "SANE": 0,
        "VALID": 0,
        "total": 17791
    },
    "percentage": {
        "ACTIVE": 94.42976786015402,
        "INACTIVE": 5.57023213984599,
        "INVALID": 0.0,
        "MALICIOUS": 0.0,
        "SANE": 0.0,
        "VALID": 0.0,
        "total": 100.0
    }
}