{
    "counter": {
        "ACTIVE": 16074,
        "INACTIVE": 8,
        "INVALID": 0,
        "MALICIOUS": 0,
        "SANE": 0,
        "VALID": 0,
        "total": 16082
    },
    "percentage": {
        "ACTIVE": 99.950254943415,
        "INACTIVE": 0.05181347150259067,
        "INVALID": 0,
        "MALICIOUS": 0,
        "SANE": 0,
        "VALID": 0,
        "total": 100.00206841491759
    }
}