{
    "counter": {
        "ACTIVE": 2421,
        "INACTIVE": 5,
        "INVALID": 0,
        "MALICIOUS": 0,
        "SANE": 0,
        "VALID": 0,
        "total": 2426
    },
    "percentage": {
        "ACTIVE": 99.79389942291839,
        "INACTIVE": 0.21477663230240548,
        "INVALID": 0,
        "MALICIOUS": 0,
        "SANE": 0,
        "VALID": 0,
        "total": 100.00867605522079
    }
}