{
    "counter": {
        "ACTIVE": 3458,
        "INACTIVE": 3,
        "INVALID": 0,
        "MALICIOUS": 0,
        "SANE": 0,
        "VALID": 0,
        "total": 3461
    },
    "percentage": {
        "ACTIVE": 99.9133198497544,
        "INACTIVE": 1.4150943396226414,
        "INVALID": 0,
        "MALICIOUS": 0,
        "SANE": 0,
        "VALID": 0,
        "total": 101.32841418937704
    }
}