{
    "counter": {
        "ACTIVE": 9368,
        "INACTIVE": 27,
        "INVALID": 0,
        "MALICIOUS": 0,
        "SANE": 0,
        "VALID": 0,
        "total": 9395
    },
    "percentage": {
        "ACTIVE": 99.71261309207026,
        "INACTIVE": 0.31347962382445144,
        "INVALID": 0,
        "MALICIOUS": 0,
        "SANE": 0,
        "VALID": 0,
        "total": 100.0260927158947
    }
}