{
    "counter": {
        "ACTIVE": 8022,
        "INACTIVE": 11,
        "INVALID": 0,
        "MALICIOUS": 0,
        "SANE": 0,
        "VALID": 0,
        "total": 8033
    },
    "percentage": {
        "ACTIVE": 99.86306485746296,
        "INACTIVE": 0.1469017094017094,
        "INVALID": 0,
        "MALICIOUS": 0,
        "SANE": 0,
        "VALID": 0,
        "total": 100.00996656686466
    }
}