{
    "counter": {
        "ACTIVE": 14709,
        "INACTIVE": 2,
        "INVALID": 0,
        "MALICIOUS": 0,
        "SANE": 0,
        "VALID": 0,
        "total": 14711
    },
    "percentage": {
        "ACTIVE": 99.98640473115356,
        "INACTIVE": 0.05082592121982211,
        "INVALID": 0,
        "MALICIOUS": 0,
        "SANE": 0,
        "VALID": 0,
        "total": 100.03723065237338
    }
}