{
    "counter": {
        "ACTIVE": 16020,
        "INACTIVE": 18,
        "INVALID": 0,
        "MALICIOUS": 0,
        "SANE": 0,
        "VALID": 0,
        "total": 16038
    },
    "percentage": {
        "ACTIVE": 99.88776655443323,
        "INACTIVE": 0.1601993592025632,
        "INVALID": 0,
        "MALICIOUS": 0,
        "SANE": 0,
        "VALID": 0,
        "total": 100.04796591363579
    }
}