{
    "counter": {
        "ACTIVE": 24306,
        "INACTIVE": 35,
        "INVALID": 0,
        "MALICIOUS": 0,
        "SANE": 0,
        "VALID": 0,
        "total": 24341
    },
    "percentage": {
        "ACTIVE": 99.85620968735877,
        "INACTIVE": 0.18809114359415305,
        "INVALID": 0,
        "MALICIOUS": 0,
        "SANE": 0,
        "VALID": 0,
        "total": 100.04430083095292
    }
}