{
    "counter": {
        "ACTIVE": 15973,
        "INACTIVE": 2,
        "INVALID": 0,
        "MALICIOUS": 0,
        "SANE": 0,
        "VALID": 0,
        "total": 15975
    },
    "percentage": {
        "ACTIVE": 99.98748043818466,
        "INACTIVE": 0.04096681687832855,
        "INVALID": 0,
        "MALICIOUS": 0,
        "SANE": 0,
        "VALID": 0,
        "total": 100.02844725506299
    }
}