{
    "counter": {
        "ACTIVE": 10353,
        "INACTIVE": 28,
        "INVALID": 0,
        "MALICIOUS": 0,
        "SANE": 0,
        "VALID": 0,
        "total": 10381
    },
    "percentage": {
        "ACTIVE": 99.73027646662172,
        "INACTIVE": 0.36330608537693004,
        "INVALID": 0,
        "MALICIOUS": 0,
        "SANE": 0,
        "VALID": 0,
        "total": 100.09358255199865
    }
}