{
    "counter": {
        "ACTIVE": 16951,
        "INACTIVE": 1,
        "INVALID": 0,
        "MALICIOUS": 0,
        "SANE": 0,
        "VALID": 0,
        "total": 16952
    },
    "percentage": {
        "ACTIVE": 99.9941009910335,
        "INACTIVE": 0.03469812630117974,
        "INVALID": 0,
        "MALICIOUS": 0,
        "SANE": 0,
        "VALID": 0,
        "total": 100.02879911733469
    }
}