{
    "counter": {
        "ACTIVE": 237885,
        "INACTIVE": 14,
        "INVALID": 0,
        "MALICIOUS": 0,
        "SANE": 0,
        "VALID": 0,
        "total": 237899
    },
    "percentage": {
        "ACTIVE": 99.99411514970639,
        "INACTIVE": 0.006299212598425197,
        "INVALID": 0,
        "MALICIOUS": 0,
        "SANE": 0,
        "VALID": 0,
        "total": 100.00041436230481
    }
}