{
    "counter": {
        "ACTIVE": 15803,
        "INACTIVE": 1,
        "INVALID": 0,
        "MALICIOUS": 0,
        "SANE": 0,
        "VALID": 0,
        "total": 15804
    },
    "percentage": {
        "ACTIVE": 99.99367248797773,
        "INACTIVE": 0.03469812630117974,
        "INVALID": 0,
        "MALICIOUS": 0,
        "SANE": 0,
        "VALID": 0,
        "total": 100.02837061427891
    }
}