{
    "counter": {
        "ACTIVE": 7995,
        "INACTIVE": 1,
        "INVALID": 0,
        "MALICIOUS": 0,
        "SANE": 0,
        "VALID": 0,
        "total": 7996
    },
    "percentage": {
        "ACTIVE": 99.98749374687344,
        "INACTIVE": 0.024354603019970774,
        "INVALID": 0,
        "MALICIOUS": 0,
        "SANE": 0,
        "VALID": 0,
        "total": 100.01184834989341
    }
}