{
    "counter": {
        "ACTIVE": 17182,
        "INACTIVE": 11,
        "INVALID": 0,
        "MALICIOUS": 0,
        "SANE": 0,
        "VALID": 0,
        "total": 17193
    },
    "percentage": {
        "ACTIVE": 99.9360204734485,
        "INACTIVE": 0.06397952655150352,
        "INVALID": 0.0,
        "MALICIOUS": 0.0,
        "SANE": 0.0,
        "VALID": 0.0,
        "total": 100.0
    }
}