{
    "counter": {
        "ACTIVE": 9792,
        "INACTIVE": 27,
        "INVALID": 0,
        "MALICIOUS": 0,
        "SANE": 0,
        "VALID": 0,
        "total": 9819
    },
    "percentage": {
        "ACTIVE": 99.7250229147571,
        "INACTIVE": 0.287662476028127,
        "INVALID": 0,
        "MALICIOUS": 0,
        "SANE": 0,
        "VALID": 0,
        "total": 100.01268539078524
    }
}