{
    "counter": {
        "ACTIVE": 14670,
        "INACTIVE": 2,
        "INVALID": 0,
        "MALICIOUS": 0,
        "SANE": 0,
        "VALID": 0,
        "total": 14672
    },
    "percentage": {
        "ACTIVE": 99.98636859323882,
        "INACTIVE": 0.02557544757033248,
        "INVALID": 0,
        "MALICIOUS": 0,
        "SANE": 0,
        "VALID": 0,
        "total": 100.01194404080915
    }
}