{
    "counter": {
        "ACTIVE": 151806,
        "INACTIVE": 13,
        "INVALID": 0,
        "MALICIOUS": 0,
        "SANE": 0,
        "VALID": 0,
        "total": 151819
    },
    "percentage": {
        "ACTIVE": 99.99143717189548,
        "INACTIVE": 0.010932086514850819,
        "INVALID": 0,
        "MALICIOUS": 0,
        "SANE": 0,
        "VALID": 0,
        "total": 100.00236925841034
    }
}