{
    "counter": {
        "ACTIVE": 241031,
        "INACTIVE": 36,
        "INVALID": 1,
        "MALICIOUS": 0,
        "SANE": 0,
        "VALID": 0,
        "total": 241068
    },
    "percentage": {
        "ACTIVE": 99.98465163356397,
        "INACTIVE": 0.1837953744830755,
        "INVALID": 0.010577533319229955,
        "MALICIOUS": 0,
        "SANE": 0,
        "VALID": 0,
        "total": 100.17902454136627
    }
}