{
    "counter": {
        "ACTIVE": 90060,
        "INACTIVE": 10,
        "INVALID": 0,
        "MALICIOUS": 0,
        "SANE": 0,
        "VALID": 0,
        "total": 90070
    },
    "percentage": {
        "ACTIVE": 99.98889752414789,
        "INACTIVE": 0.02183549140773413,
        "INVALID": 0,
        "MALICIOUS": 0,
        "SANE": 0,
        "VALID": 0,
        "total": 100.01073301555562
    }
}