{
    "counter": {
        "ACTIVE": 12936,
        "INACTIVE": 8,
        "INVALID": 0,
        "MALICIOUS": 0,
        "SANE": 0,
        "VALID": 0,
        "total": 12944
    },
    "percentage": {
        "ACTIVE": 99.93819530284301,
        "INACTIVE": 0.0646151360956304,
        "INVALID": 0,
        "MALICIOUS": 0,
        "SANE": 0,
        "VALID": 0,
        "total": 100.00281043893864
    }
}