{
    "counter": {
        "ACTIVE": 13447,
        "INACTIVE": 7,
        "INVALID": 0,
        "MALICIOUS": 0,
        "SANE": 0,
        "VALID": 0,
        "total": 13454
    },
    "percentage": {
        "ACTIVE": 99.94797086368366,
        "INACTIVE": 0.059427795228797015,
        "INVALID": 0,
        "MALICIOUS": 0,
        "SANE": 0,
        "VALID": 0,
        "total": 100.00739865891246
    }
}