{
    "counter": {
        "ACTIVE": 78444,
        "INACTIVE": 4,
        "INVALID": 0,
        "MALICIOUS": 0,
        "SANE": 0,
        "VALID": 0,
        "total": 78448
    },
    "percentage": {
        "ACTIVE": 99.99490108097083,
        "INACTIVE": 0.013466199838405602,
        "INVALID": 0,
        "MALICIOUS": 0,
        "SANE": 0,
        "VALID": 0,
        "total": 100.00836728080924
    }
}