{
    "counter": {
        "ACTIVE": 17124,
        "INACTIVE": 22,
        "INVALID": 0,
        "MALICIOUS": 0,
        "SANE": 0,
        "VALID": 0,
        "total": 17146
    },
    "percentage": {
        "ACTIVE": 99.87169019013182,
        "INACTIVE": 0.1770053906187143,
        "INVALID": 0,
        "MALICIOUS": 0,
        "SANE": 0,
        "VALID": 0,
        "total": 100.04869558075053
    }
}