{
    "counter": {
        "ACTIVE": 15862,
        "INACTIVE": 37,
        "INVALID": 0,
        "MALICIOUS": 0,
        "SANE": 0,
        "VALID": 0,
        "total": 15899
    },
    "percentage": {
        "ACTIVE": 99.76728096106673,
        "INACTIVE": 0.285010013865352,
        "INVALID": 0,
        "MALICIOUS": 0,
        "SANE": 0,
        "VALID": 0,
        "total": 100.05229097493208
    }
}