{
    "counter": {
        "ACTIVE": 9727,
        "INACTIVE": 2,
        "INVALID": 0,
        "MALICIOUS": 0,
        "SANE": 0,
        "VALID": 0,
        "total": 9729
    },
    "percentage": {
        "ACTIVE": 99.97944290266214,
        "INACTIVE": 0.0255656397801355,
        "INVALID": 0,
        "MALICIOUS": 0,
        "SANE": 0,
        "VALID": 0,
        "total": 100.00500854244228
    }
}