{
    "counter": {
        "ACTIVE": 18912,
        "INACTIVE": 5,
        "INVALID": 0,
        "MALICIOUS": 0,
        "SANE": 0,
        "VALID": 0,
        "total": 18917
    },
    "percentage": {
        "ACTIVE": 99.97356874768727,
        "INACTIVE": 0.026431252312734577,
        "INVALID": 0.0,
        "MALICIOUS": 0.0,
        "SANE": 0.0,
        "VALID": 0.0,
        "total": 100.0
    }
}