{
    "counter": {
        "ACTIVE": 16006,
        "INACTIVE": 18,
        "INVALID": 0,
        "MALICIOUS": 0,
        "SANE": 0,
        "VALID": 0,
        "total": 16024
    },
    "percentage": {
        "ACTIVE": 99.88766849725413,
        "INACTIVE": 0.1601993592025632,
        "INVALID": 0,
        "MALICIOUS": 0,
        "SANE": 0,
        "VALID": 0,
        "total": 100.04786785645669
    }
}