{
    "counter": {
        "ACTIVE": 6853,
        "INACTIVE": 2,
        "INVALID": 0,
        "MALICIOUS": 0,
        "SANE": 0,
        "VALID": 0,
        "total": 6855
    },
    "percentage": {
        "ACTIVE": 99.9708242159008,
        "INACTIVE": 0.12360939431396786,
        "INVALID": 0,
        "MALICIOUS": 0,
        "SANE": 0,
        "VALID": 0,
        "total": 100.09443361021478
    }
}