{
    "counter": {
        "ACTIVE": 11593,
        "INACTIVE": 38,
        "INVALID": 0,
        "MALICIOUS": 0,
        "SANE": 0,
        "VALID": 0,
        "total": 11631
    },
    "percentage": {
        "ACTIVE": 99.67328690568309,
        "INACTIVE": 0.3520800518854813,
        "INVALID": 0,
        "MALICIOUS": 0,
        "SANE": 0,
        "VALID": 0,
        "total": 100.02536695756856
    }
}