{
    "counter": {
        "ACTIVE": 16824,
        "INACTIVE": 42,
        "INVALID": 0,
        "MALICIOUS": 0,
        "SANE": 0,
        "VALID": 0,
        "total": 16866
    },
    "percentage": {
        "ACTIVE": 99.75097829953754,
        "INACTIVE": 0.24908077333649625,
        "INVALID": 0,
        "MALICIOUS": 0,
        "SANE": 0,
        "VALID": 0,
        "total": 100.00005907287404
    }
}