{
    "counter": {
        "ACTIVE": 5832,
        "INACTIVE": 18,
        "INVALID": 0,
        "MALICIOUS": 0,
        "SANE": 0,
        "VALID": 0,
        "total": 5850
    },
    "percentage": {
        "ACTIVE": 99.6923076923077,
        "INACTIVE": 0.307797537619699,
        "INVALID": 0,
        "MALICIOUS": 0,
        "SANE": 0,
        "VALID": 0,
        "total": 100.0001052299274
    }
}