{
    "counter": {
        "ACTIVE": 295622,
        "INACTIVE": 14,
        "INVALID": 0,
        "MALICIOUS": 0,
        "SANE": 0,
        "VALID": 0,
        "total": 295636
    },
    "percentage": {
        "ACTIVE": 99.99526444681973,
        "INACTIVE": 0.006299212598425197,
        "INVALID": 0,
        "MALICIOUS": 0,
        "SANE": 0,
        "VALID": 0,
        "total": 100.00156365941815
    }
}