{
    "counter": {
        "ACTIVE": 71932,
        "INACTIVE": 4,
        "INVALID": 0,
        "MALICIOUS": 0,
        "SANE": 0,
        "VALID": 0,
        "total": 71936
    },
    "percentage": {
        "ACTIVE": 99.99443950177935,
        "INACTIVE": 0.013466199838405602,
        "INVALID": 0,
        "MALICIOUS": 0,
        "SANE": 0,
        "VALID": 0,
        "total": 100.00790570161776
    }
}