{
    "counter": {
        "ACTIVE": 15911,
        "INACTIVE": 2,
        "INVALID": 0,
        "MALICIOUS": 0,
        "SANE": 0,
        "VALID": 0,
        "total": 15913
    },
    "percentage": {
        "ACTIVE": 99.98743165964935,
        "INACTIVE": 0.022067747986317995,
        "INVALID": 0,
        "MALICIOUS": 0,
        "SANE": 0,
        "VALID": 0,
        "total": 100.00949940763566
    }
}