{
    "counter": {
        "ACTIVE": 15585,
        "INACTIVE": 7,
        "INVALID": 0,
        "MALICIOUS": 0,
        "SANE": 0,
        "VALID": 0,
        "total": 15592
    },
    "percentage": {
        "ACTIVE": 99.95510518214469,
        "INACTIVE": 0.06498932318262,
        "INVALID": 0,
        "MALICIOUS": 0,
        "SANE": 0,
        "VALID": 0,
        "total": 100.02009450532731
    }
}