{
    "counter": {
        "ACTIVE": 11592,
        "INACTIVE": 29,
        "INVALID": 0,
        "MALICIOUS": 0,
        "SANE": 0,
        "VALID": 0,
        "total": 11621
    },
    "percentage": {
        "ACTIVE": 99.7504517683504,
        "INACTIVE": 0.25021570319240727,
        "INVALID": 0,
        "MALICIOUS": 0,
        "SANE": 0,
        "VALID": 0,
        "total": 100.00066747154281
    }
}