{
    "counter": {
        "ACTIVE": 15800,
        "INACTIVE": 47,
        "INVALID": 0,
        "MALICIOUS": 0,
        "SANE": 0,
        "VALID": 0,
        "total": 15847
    },
    "percentage": {
        "ACTIVE": 99.70341389537452,
        "INACTIVE": 0.35522636233088956,
        "INVALID": 0,
        "MALICIOUS": 0,
        "SANE": 0,
        "VALID": 0,
        "total": 100.05864025770542
    }
}