{
    "counter": {
        "ACTIVE": 15397,
        "INACTIVE": 4,
        "INVALID": 0,
        "MALICIOUS": 0,
        "SANE": 0,
        "VALID": 0,
        "total": 15401
    },
    "percentage": {
        "ACTIVE": 99.97402766054152,
        "INACTIVE": 0.4048582995951417,
        "INVALID": 0,
        "MALICIOUS": 0,
        "SANE": 0,
        "VALID": 0,
        "total": 100.37888596013667
    }
}