{
    "counter": {
        "ACTIVE": 16191,
        "INACTIVE": 18,
        "INVALID": 0,
        "MALICIOUS": 0,
        "SANE": 0,
        "VALID": 0,
        "total": 16209
    },
    "percentage": {
        "ACTIVE": 99.88895058300943,
        "INACTIVE": 0.1601993592025632,
        "INVALID": 0,
        "MALICIOUS": 0,
        "SANE": 0,
        "VALID": 0,
        "total": 100.049149942212
    }
}