{
    "counter": {
        "ACTIVE": 18888,
        "INACTIVE": 3,
        "INVALID": 0,
        "MALICIOUS": 0,
        "SANE": 0,
        "VALID": 0,
        "total": 18891
    },
    "percentage": {
        "ACTIVE": 99.98411942194696,
        "INACTIVE": 0.01588057805304113,
        "INVALID": 0.0,
        "MALICIOUS": 0.0,
        "SANE": 0.0,
        "VALID": 0.0,
        "total": 100.0
    }
}