{
    "counter": {
        "ACTIVE": 16116,
        "INACTIVE": 7,
        "INVALID": 0,
        "MALICIOUS": 0,
        "SANE": 0,
        "VALID": 0,
        "total": 16123
    },
    "percentage": {
        "ACTIVE": 99.95658376232711,
        "INACTIVE": 0.05964045326744483,
        "INVALID": 0,
        "MALICIOUS": 0,
        "SANE": 0,
        "VALID": 0,
        "total": 100.01622421559456
    }
}