{
    "counter": {
        "ACTIVE": 5891,
        "INACTIVE": 1,
        "INVALID": 0,
        "MALICIOUS": 0,
        "SANE": 0,
        "VALID": 0,
        "total": 5892
    },
    "percentage": {
        "ACTIVE": 99.98302783435166,
        "INACTIVE": 0.05892751915144372,
        "INVALID": 0,
        "MALICIOUS": 0,
        "SANE": 0,
        "VALID": 0,
        "total": 100.0419553535031
    }
}