{
    "counter": {
        "ACTIVE": 14135,
        "INACTIVE": 34,
        "INVALID": 0,
        "MALICIOUS": 0,
        "SANE": 0,
        "VALID": 0,
        "total": 14169
    },
    "percentage": {
        "ACTIVE": 99.7600395229021,
        "INACTIVE": 0.2453456487227594,
        "INVALID": 0,
        "MALICIOUS": 0,
        "SANE": 0,
        "VALID": 0,
        "total": 100.00538517162487
    }
}