{
    "counter": {
        "ACTIVE": 15310,
        "INACTIVE": 36,
        "INVALID": 0,
        "MALICIOUS": 0,
        "SANE": 0,
        "VALID": 0,
        "total": 15346
    },
    "percentage": {
        "ACTIVE": 99.76541118206698,
        "INACTIVE": 0.26191342306293197,
        "INVALID": 0,
        "MALICIOUS": 0,
        "SANE": 0,
        "VALID": 0,
        "total": 100.02732460512992
    }
}