{
    "counter": {
        "ACTIVE": 16935,
        "INACTIVE": 36,
        "INVALID": 0,
        "MALICIOUS": 0,
        "SANE": 0,
        "VALID": 0,
        "total": 16971
    },
    "percentage": {
        "ACTIVE": 99.78787343114725,
        "INACTIVE": 0.33222591362126247,
        "INVALID": 0,
        "MALICIOUS": 0,
        "SANE": 0,
        "VALID": 0,
        "total": 100.1200993447685
    }
}