{
    "counter": {
        "ACTIVE": 15582,
        "INACTIVE": 47,
        "INVALID": 0,
        "MALICIOUS": 0,
        "SANE": 0,
        "VALID": 0,
        "total": 15629
    },
    "percentage": {
        "ACTIVE": 99.69927698509181,
        "INACTIVE": 0.3018431699955045,
        "INVALID": 0,
        "MALICIOUS": 0,
        "SANE": 0,
        "VALID": 0,
        "total": 100.00112015508732
    }
}