{
    "counter": {
        "ACTIVE": 15756,
        "INACTIVE": 3,
        "INVALID": 0,
        "MALICIOUS": 0,
        "SANE": 0,
        "VALID": 0,
        "total": 15759
    },
    "percentage": {
        "ACTIVE": 99.98096325909005,
        "INACTIVE": 0.03944254535892716,
        "INVALID": 0,
        "MALICIOUS": 0,
        "SANE": 0,
        "VALID": 0,
        "total": 100.02040580444897
    }
}