{
    "counter": {
        "ACTIVE": 16007,
        "INACTIVE": 5,
        "INVALID": 0,
        "MALICIOUS": 0,
        "SANE": 0,
        "VALID": 0,
        "total": 16012
    },
    "percentage": {
        "ACTIVE": 99.96877341993505,
        "INACTIVE": 0.03126367785906334,
        "INVALID": 0,
        "MALICIOUS": 0,
        "SANE": 0,
        "VALID": 0,
        "total": 100.0000370977941
    }
}