{
    "counter": {
        "ACTIVE": 15744,
        "INACTIVE": 4,
        "INVALID": 0,
        "MALICIOUS": 0,
        "SANE": 0,
        "VALID": 0,
        "total": 15748
    },
    "percentage": {
        "ACTIVE": 99.9745999491999,
        "INACTIVE": 0.03755868544600939,
        "INVALID": 0,
        "MALICIOUS": 0,
        "SANE": 0,
        "VALID": 0,
        "total": 100.01215863464591
    }
}