{
    "counter": {
        "ACTIVE": 15632,
        "INACTIVE": 301,
        "INVALID": 0,
        "MALICIOUS": 0,
        "SANE": 0,
        "VALID": 0,
        "total": 15933
    },
    "percentage": {
        "ACTIVE": 98.11083913889412,
        "INACTIVE": 2.0896973063038047,
        "INVALID": 0,
        "MALICIOUS": 0,
        "SANE": 0,
        "VALID": 0,
        "total": 100.20053644519793
    }
}