{
    "counter": {
        "ACTIVE": 6183,
        "INACTIVE": 2,
        "INVALID": 0,
        "MALICIOUS": 0,
        "SANE": 0,
        "VALID": 0,
        "total": 6185
    },
    "percentage": {
        "ACTIVE": 99.96766370250606,
        "INACTIVE": 1.1049723756906078,
        "INVALID": 0,
        "MALICIOUS": 0,
        "SANE": 0,
        "VALID": 0,
        "total": 101.07263607819667
    }
}