{
    "counter": {
        "ACTIVE": 14941,
        "INACTIVE": 5,
        "INVALID": 0,
        "MALICIOUS": 0,
        "SANE": 0,
        "VALID": 0,
        "total": 14946
    },
    "percentage": {
        "ACTIVE": 99.96654623310584,
        "INACTIVE": 0.05041847332862761,
        "INVALID": 0,
        "MALICIOUS": 0,
        "SANE": 0,
        "VALID": 0,
        "total": 100.01696470643448
    }
}