{
    "counter": {
        "ACTIVE": 14436,
        "INACTIVE": 5,
        "INVALID": 0,
        "MALICIOUS": 0,
        "SANE": 0,
        "VALID": 0,
        "total": 14441
    },
    "percentage": {
        "ACTIVE": 99.9653763589779,
        "INACTIVE": 0.05041847332862761,
        "INVALID": 0,
        "MALICIOUS": 0,
        "SANE": 0,
        "VALID": 0,
        "total": 100.01579483230654
    }
}