{
    "counter": {
        "ACTIVE": 15875,
        "INACTIVE": 28,
        "INVALID": 0,
        "MALICIOUS": 0,
        "SANE": 0,
        "VALID": 0,
        "total": 15903
    },
    "percentage": {
        "ACTIVE": 99.82393259133497,
        "INACTIVE": 0.17757483510908167,
        "INVALID": 0,
        "MALICIOUS": 0,
        "SANE": 0,
        "VALID": 0,
        "total": 100.00150742644405
    }
}