{
    "counter": {
        "ACTIVE": 13851,
        "INACTIVE": 40,
        "INVALID": 0,
        "MALICIOUS": 0,
        "SANE": 0,
        "VALID": 0,
        "total": 13891
    },
    "percentage": {
        "ACTIVE": 99.71204376934706,
        "INACTIVE": 0.2925473561032692,
        "INVALID": 0,
        "MALICIOUS": 0,
        "SANE": 0,
        "VALID": 0,
        "total": 100.00459112545033
    }
}