{
    "counter": {
        "ACTIVE": 16263,
        "INACTIVE": 31,
        "INVALID": 0,
        "MALICIOUS": 0,
        "SANE": 0,
        "VALID": 0,
        "total": 16294
    },
    "percentage": {
        "ACTIVE": 99.80974591874309,
        "INACTIVE": 0.24073930263260077,
        "INVALID": 0,
        "MALICIOUS": 0,
        "SANE": 0,
        "VALID": 0,
        "total": 100.0504852213757
    }
}