{
    "counter": {
        "ACTIVE": 28991,
        "INACTIVE": 35,
        "INVALID": 0,
        "MALICIOUS": 0,
        "SANE": 0,
        "VALID": 0,
        "total": 29026
    },
    "percentage": {
        "ACTIVE": 99.87941845242197,
        "INACTIVE": 0.18809114359415305,
        "INVALID": 0,
        "MALICIOUS": 0,
        "SANE": 0,
        "VALID": 0,
        "total": 100.06750959601612
    }
}