{
    "counter": {
        "ACTIVE": 11382,
        "INACTIVE": 3,
        "INVALID": 0,
        "MALICIOUS": 0,
        "SANE": 0,
        "VALID": 0,
        "total": 11385
    },
    "percentage": {
        "ACTIVE": 99.97364953886694,
        "INACTIVE": 0.028232636928289104,
        "INVALID": 0,
        "MALICIOUS": 0,
        "SANE": 0,
        "VALID": 0,
        "total": 100.00188217579523
    }
}