{
    "counter": {
        "ACTIVE": 13623,
        "INACTIVE": 7,
        "INVALID": 0,
        "MALICIOUS": 0,
        "SANE": 0,
        "VALID": 0,
        "total": 13630
    },
    "percentage": {
        "ACTIVE": 99.94864269992664,
        "INACTIVE": 0.06498932318262,
        "INVALID": 0,
        "MALICIOUS": 0,
        "SANE": 0,
        "VALID": 0,
        "total": 100.01363202310925
    }
}