{
    "counter": {
        "ACTIVE": 6932,
        "INACTIVE": 22,
        "INVALID": 0,
        "MALICIOUS": 0,
        "SANE": 0,
        "VALID": 0,
        "total": 6954
    },
    "percentage": {
        "ACTIVE": 99.6836353178027,
        "INACTIVE": 0.35859820700896494,
        "INVALID": 0,
        "MALICIOUS": 0,
        "SANE": 0,
        "VALID": 0,
        "total": 100.04223352481166
    }
}