{
    "counter": {
        "ACTIVE": 16425,
        "INACTIVE": 35,
        "INVALID": 0,
        "MALICIOUS": 0,
        "SANE": 0,
        "VALID": 0,
        "total": 16460
    },
    "percentage": {
        "ACTIVE": 99.78736330498177,
        "INACTIVE": 0.2345687286374908,
        "INVALID": 0,
        "MALICIOUS": 0,
        "SANE": 0,
        "VALID": 0,
        "total": 100.02193203361925
    }
}