{
    "counter": {
        "ACTIVE": 13512,
        "INACTIVE": 2,
        "INVALID": 0,
        "MALICIOUS": 0,
        "SANE": 0,
        "VALID": 0,
        "total": 13514
    },
    "percentage": {
        "ACTIVE": 99.98520053278082,
        "INACTIVE": 0.021039343572480537,
        "INVALID": 0,
        "MALICIOUS": 0,
        "SANE": 0,
        "VALID": 0,
        "total": 100.0062398763533
    }
}