{
    "counter": {
        "ACTIVE": 10655,
        "INACTIVE": 2,
        "INVALID": 0,
        "MALICIOUS": 0,
        "SANE": 0,
        "VALID": 0,
        "total": 10657
    },
    "percentage": {
        "ACTIVE": 99.98123299239936,
        "INACTIVE": 0.021691973969631236,
        "INVALID": 0,
        "MALICIOUS": 0,
        "SANE": 0,
        "VALID": 0,
        "total": 100.002924966369
    }
}