{
    "counter": {
        "ACTIVE": 8829,
        "INACTIVE": 35,
        "INVALID": 0,
        "MALICIOUS": 0,
        "SANE": 0,
        "VALID": 0,
        "total": 8864
    },
    "percentage": {
        "ACTIVE": 99.60514440433214,
        "INACTIVE": 0.44343088812872167,
        "INVALID": 0,
        "MALICIOUS": 0,
        "SANE": 0,
        "VALID": 0,
        "total": 100.04857529246085
    }
}