{
    "counter": {
        "ACTIVE": 15494,
        "INACTIVE": 6,
        "INVALID": 0,
        "MALICIOUS": 0,
        "SANE": 0,
        "VALID": 0,
        "total": 15500
    },
    "percentage": {
        "ACTIVE": 99.96129032258065,
        "INACTIVE": 0.04439511653718091,
        "INVALID": 0,
        "MALICIOUS": 0,
        "SANE": 0,
        "VALID": 0,
        "total": 100.00568543911783
    }
}