{
    "counter": {
        "ACTIVE": 11402,
        "INACTIVE": 41,
        "INVALID": 0,
        "MALICIOUS": 0,
        "SANE": 0,
        "VALID": 0,
        "total": 11443
    },
    "percentage": {
        "ACTIVE": 99.64170235078214,
        "INACTIVE": 0.373134328358209,
        "INVALID": 0,
        "MALICIOUS": 0,
        "SANE": 0,
        "VALID": 0,
        "total": 100.01483667914034
    }
}