{
    "counter": {
        "ACTIVE": 10829,
        "INACTIVE": 31,
        "INVALID": 0,
        "MALICIOUS": 0,
        "SANE": 0,
        "VALID": 0,
        "total": 10860
    },
    "percentage": {
        "ACTIVE": 99.7145488029466,
        "INACTIVE": 0.2876229356095751,
        "INVALID": 0,
        "MALICIOUS": 0,
        "SANE": 0,
        "VALID": 0,
        "total": 100.00217173855617
    }
}