{
    "counter": {
        "ACTIVE": 18818,
        "INACTIVE": 2,
        "INVALID": 0,
        "MALICIOUS": 0,
        "SANE": 0,
        "VALID": 0,
        "total": 18820
    },
    "percentage": {
        "ACTIVE": 99.9893730074389,
        "INACTIVE": 0.010626992561105207,
        "INVALID": 0.0,
        "MALICIOUS": 0.0,
        "SANE": 0.0,
        "VALID": 0.0,
        "total": 100.0
    }
}