{
    "counter": {
        "ACTIVE": 9369,
        "INACTIVE": 16,
        "INVALID": 0,
        "MALICIOUS": 0,
        "SANE": 0,
        "VALID": 0,
        "total": 9385
    },
    "percentage": {
        "ACTIVE": 99.82951518380395,
        "INACTIVE": 0.23005032350826743,
        "INVALID": 0,
        "MALICIOUS": 0,
        "SANE": 0,
        "VALID": 0,
        "total": 100.05956550731221
    }
}