{
    "counter": {
        "ACTIVE": 16941,
        "INACTIVE": 60,
        "INVALID": 0,
        "MALICIOUS": 0,
        "SANE": 0,
        "VALID": 0,
        "total": 17001
    },
    "percentage": {
        "ACTIVE": 99.6470795835539,
        "INACTIVE": 0.37007339789058163,
        "INVALID": 0,
        "MALICIOUS": 0,
        "SANE": 0,
        "VALID": 0,
        "total": 100.01715298144448
    }
}