{
    "counter": {
        "ACTIVE": 1839,
        "INACTIVE": 2,
        "INVALID": 0,
        "MALICIOUS": 0,
        "SANE": 0,
        "VALID": 0,
        "total": 1841
    },
    "percentage": {
        "ACTIVE": 99.89136338946224,
        "INACTIVE": 0.12376237623762376,
        "INVALID": 0,
        "MALICIOUS": 0,
        "SANE": 0,
        "VALID": 0,
        "total": 100.01512576569986
    }
}