{
    "counter": {
        "ACTIVE": 16109,
        "INACTIVE": 6,
        "INVALID": 0,
        "MALICIOUS": 0,
        "SANE": 0,
        "VALID": 0,
        "total": 16115
    },
    "percentage": {
        "ACTIVE": 99.9627676078188,
        "INACTIVE": 0.0374859427714607,
        "INVALID": 0,
        "MALICIOUS": 0,
        "SANE": 0,
        "VALID": 0,
        "total": 100.00025355059026
    }
}