{
    "counter": {
        "ACTIVE": 289323,
        "INACTIVE": 14,
        "INVALID": 0,
        "MALICIOUS": 0,
        "SANE": 0,
        "VALID": 0,
        "total": 289337
    },
    "percentage": {
        "ACTIVE": 99.99516135164185,
        "INACTIVE": 0.006299212598425197,
        "INVALID": 0,
        "MALICIOUS": 0,
        "SANE": 0,
        "VALID": 0,
        "total": 100.00146056424028
    }
}