{
    "counter": {
        "ACTIVE": 10978,
        "INACTIVE": 45,
        "INVALID": 0,
        "MALICIOUS": 0,
        "SANE": 0,
        "VALID": 0,
        "total": 11023
    },
    "percentage": {
        "ACTIVE": 99.59176267803683,
        "INACTIVE": 0.42832667047401485,
        "INVALID": 0,
        "MALICIOUS": 0,
        "SANE": 0,
        "VALID": 0,
        "total": 100.02008934851085
    }
}