{
    "counter": {
        "ACTIVE": 14902,
        "INACTIVE": 26,
        "INVALID": 0,
        "MALICIOUS": 0,
        "SANE": 0,
        "VALID": 0,
        "total": 14928
    },
    "percentage": {
        "ACTIVE": 99.82583065380493,
        "INACTIVE": 0.18696965338702717,
        "INVALID": 0,
        "MALICIOUS": 0,
        "SANE": 0,
        "VALID": 0,
        "total": 100.01280030719195
    }
}