{
    "counter": {
        "ACTIVE": 9689,
        "INACTIVE": 35,
        "INVALID": 0,
        "MALICIOUS": 0,
        "SANE": 0,
        "VALID": 0,
        "total": 9724
    },
    "percentage": {
        "ACTIVE": 99.6400658165364,
        "INACTIVE": 0.44343088812872167,
        "INVALID": 0,
        "MALICIOUS": 0,
        "SANE": 0,
        "VALID": 0,
        "total": 100.08349670466512
    }
}