{
    "counter": {
        "ACTIVE": 5659,
        "INACTIVE": 2,
        "INVALID": 0,
        "MALICIOUS": 0,
        "SANE": 0,
        "VALID": 0,
        "total": 5661
    },
    "percentage": {
        "ACTIVE": 99.96467055290584,
        "INACTIVE": 0.04964010920824026,
        "INVALID": 0,
        "MALICIOUS": 0,
        "SANE": 0,
        "VALID": 0,
        "total": 100.01431066211408
    }
}