{
    "counter": {
        "ACTIVE": 276101,
        "INACTIVE": 14,
        "INVALID": 0,
        "MALICIOUS": 0,
        "SANE": 0,
        "VALID": 0,
        "total": 276115
    },
    "percentage": {
        "ACTIVE": 99.99492964887818,
        "INACTIVE": 0.006299212598425197,
        "INVALID": 0,
        "MALICIOUS": 0,
        "SANE": 0,
        "VALID": 0,
        "total": 100.0012288614766
    }
}