{
    "counter": {
        "ACTIVE": 15956,
        "INACTIVE": 8,
        "INVALID": 0,
        "MALICIOUS": 0,
        "SANE": 0,
        "VALID": 0,
        "total": 15964
    },
    "percentage": {
        "ACTIVE": 99.94988724630419,
        "INACTIVE": 0.06234413965087282,
        "INVALID": 0,
        "MALICIOUS": 0,
        "SANE": 0,
        "VALID": 0,
        "total": 100.01223138595506
    }
}