{
    "counter": {
        "ACTIVE": 220176,
        "INACTIVE": 13,
        "INVALID": 0,
        "MALICIOUS": 0,
        "SANE": 0,
        "VALID": 0,
        "total": 220189
    },
    "percentage": {
        "ACTIVE": 99.99409598117981,
        "INACTIVE": 0.010932086514850819,
        "INVALID": 0,
        "MALICIOUS": 0,
        "SANE": 0,
        "VALID": 0,
        "total": 100.00502806769467
    }
}