{
    "counter": {
        "ACTIVE": 16551,
        "INACTIVE": 961,
        "INVALID": 0,
        "MALICIOUS": 0,
        "SANE": 0,
        "VALID": 0,
        "total": 17512
    },
    "percentage": {
        "ACTIVE": 94.51233439926908,
        "INACTIVE": 5.487665600730927,
        "INVALID": 0.0,
        "MALICIOUS": 0.0,
        "SANE": 0.0,
        "VALID": 0.0,
        "total": 100.0
    }
}