{
    "counter": {
        "ACTIVE": 15729,
        "INACTIVE": 44,
        "INVALID": 0,
        "MALICIOUS": 0,
        "SANE": 0,
        "VALID": 0,
        "total": 15773
    },
    "percentage": {
        "ACTIVE": 99.72104228745324,
        "INACTIVE": 0.28543626337982486,
        "INVALID": 0,
        "MALICIOUS": 0,
        "SANE": 0,
        "VALID": 0,
        "total": 100.00647855083307
    }
}