{
    "counter": {
        "ACTIVE": 15501,
        "INACTIVE": 42,
        "INVALID": 0,
        "MALICIOUS": 0,
        "SANE": 0,
        "VALID": 0,
        "total": 15543
    },
    "percentage": {
        "ACTIVE": 99.72978189538699,
        "INACTIVE": 0.3643935450286309,
        "INVALID": 0,
        "MALICIOUS": 0,
        "SANE": 0,
        "VALID": 0,
        "total": 100.09417544041563
    }
}