{
    "counter": {
        "ACTIVE": 17233,
        "INACTIVE": 556,
        "INVALID": 0,
        "MALICIOUS": 0,
        "SANE": 0,
        "VALID": 0,
        "total": 17789
    },
    "percentage": {
        "ACTIVE": 96.87447298892575,
        "INACTIVE": 3.14106547652675,
        "INVALID": 0,
        "MALICIOUS": 0,
        "SANE": 0,
        "VALID": 0,
        "total": 100.0155384654525
    }
}