{
    "counter": {
        "ACTIVE": 16479,
        "INACTIVE": 9,
        "INVALID": 0,
        "MALICIOUS": 0,
        "SANE": 0,
        "VALID": 0,
        "total": 16488
    },
    "percentage": {
        "ACTIVE": 99.94541484716157,
        "INACTIVE": 0.05458515283842795,
        "INVALID": 0.0,
        "MALICIOUS": 0.0,
        "SANE": 0.0,
        "VALID": 0.0,
        "total": 100.0
    }
}