{
    "counter": {
        "ACTIVE": 16139,
        "INACTIVE": 38,
        "INVALID": 0,
        "MALICIOUS": 0,
        "SANE": 0,
        "VALID": 0,
        "total": 16177
    },
    "percentage": {
        "ACTIVE": 99.7650985967732,
        "INACTIVE": 0.3520800518854813,
        "INVALID": 0,
        "MALICIOUS": 0,
        "SANE": 0,
        "VALID": 0,
        "total": 100.11717864865868
    }
}