{
    "counter": {
        "ACTIVE": 15180,
        "INACTIVE": 3,
        "INVALID": 0,
        "MALICIOUS": 0,
        "SANE": 0,
        "VALID": 0,
        "total": 15183
    },
    "percentage": {
        "ACTIVE": 99.98024105907923,
        "INACTIVE": 0.028232636928289104,
        "INVALID": 0,
        "MALICIOUS": 0,
        "SANE": 0,
        "VALID": 0,
        "total": 100.00847369600753
    }
}