{
    "counter": {
        "ACTIVE": 15812,
        "INACTIVE": 445,
        "INVALID": 0,
        "MALICIOUS": 0,
        "SANE": 0,
        "VALID": 0,
        "total": 16257
    },
    "percentage": {
        "ACTIVE": 97.26271759857292,
        "INACTIVE": 2.739641691805701,
        "INVALID": 0,
        "MALICIOUS": 0,
        "SANE": 0,
        "VALID": 0,
        "total": 100.00235929037862
    }
}