{
    "counter": {
        "ACTIVE": 13957,
        "INACTIVE": 3,
        "INVALID": 0,
        "MALICIOUS": 0,
        "SANE": 0,
        "VALID": 0,
        "total": 13960
    },
    "percentage": {
        "ACTIVE": 99.97851002865329,
        "INACTIVE": 0.03944254535892716,
        "INVALID": 0,
        "MALICIOUS": 0,
        "SANE": 0,
        "VALID": 0,
        "total": 100.01795257401221
    }
}