{
    "counter": {
        "ACTIVE": 10777,
        "INACTIVE": 8,
        "INVALID": 0,
        "MALICIOUS": 0,
        "SANE": 0,
        "VALID": 0,
        "total": 10785
    },
    "percentage": {
        "ACTIVE": 99.92582290217895,
        "INACTIVE": 0.07833920877399138,
        "INVALID": 0,
        "MALICIOUS": 0,
        "SANE": 0,
        "VALID": 0,
        "total": 100.00416211095295
    }
}