{
    "counter": {
        "ACTIVE": 1090,
        "INACTIVE": 29,
        "INVALID": 0,
        "MALICIOUS": 0,
        "SANE": 0,
        "VALID": 0,
        "total": 1119
    },
    "percentage": {
        "ACTIVE": 97.40840035746201,
        "INACTIVE": 3.70843989769821,
        "INVALID": 0,
        "MALICIOUS": 0,
        "SANE": 0,
        "VALID": 0,
        "total": 101.11684025516023
    }
}