{
    "counter": {
        "ACTIVE": 15030,
        "INACTIVE": 5,
        "INVALID": 0,
        "MALICIOUS": 0,
        "SANE": 0,
        "VALID": 0,
        "total": 15035
    },
    "percentage": {
        "ACTIVE": 99.96674426338544,
        "INACTIVE": 0.03366323301689894,
        "INVALID": 0,
        "MALICIOUS": 0,
        "SANE": 0,
        "VALID": 0,
        "total": 100.00040749640233
    }
}