{
    "counter": {
        "ACTIVE": 5590,
        "INACTIVE": 22,
        "INVALID": 0,
        "MALICIOUS": 0,
        "SANE": 0,
        "VALID": 0,
        "total": 5612
    },
    "percentage": {
        "ACTIVE": 99.607982893799,
        "INACTIVE": 0.41793313069908816,
        "INVALID": 0,
        "MALICIOUS": 0,
        "SANE": 0,
        "VALID": 0,
        "total": 100.02591602449809
    }
}