{
    "counter": {
        "ACTIVE": 10793,
        "INACTIVE": 2,
        "INVALID": 0,
        "MALICIOUS": 0,
        "SANE": 0,
        "VALID": 0,
        "total": 10795
    },
    "percentage": {
        "ACTIVE": 99.98147290412228,
        "INACTIVE": 0.019751135690302193,
        "INVALID": 0,
        "MALICIOUS": 0,
        "SANE": 0,
        "VALID": 0,
        "total": 100.00122403981258
    }
}