{
    "counter": {
        "ACTIVE": 93207,
        "INACTIVE": 10,
        "INVALID": 0,
        "MALICIOUS": 0,
        "SANE": 0,
        "VALID": 0,
        "total": 93217
    },
    "percentage": {
        "ACTIVE": 99.98927234302757,
        "INACTIVE": 0.02183549140773413,
        "INVALID": 0,
        "MALICIOUS": 0,
        "SANE": 0,
        "VALID": 0,
        "total": 100.0111078344353
    }
}