{
    "counter": {
        "ACTIVE": 17025,
        "INACTIVE": 60,
        "INVALID": 0,
        "MALICIOUS": 0,
        "SANE": 0,
        "VALID": 0,
        "total": 17085
    },
    "percentage": {
        "ACTIVE": 99.64881474978051,
        "INACTIVE": 0.37007339789058163,
        "INVALID": 0,
        "MALICIOUS": 0,
        "SANE": 0,
        "VALID": 0,
        "total": 100.01888814767109
    }
}