{
    "counter": {
        "ACTIVE": 5843,
        "INACTIVE": 4,
        "INVALID": 0,
        "MALICIOUS": 0,
        "SANE": 0,
        "VALID": 0,
        "total": 5847
    },
    "percentage": {
        "ACTIVE": 99.93158884898239,
        "INACTIVE": 0.095488183337312,
        "INVALID": 0,
        "MALICIOUS": 0,
        "SANE": 0,
        "VALID": 0,
        "total": 100.0270770323197
    }
}