{
    "counter": {
        "ACTIVE": 9622,
        "INACTIVE": 185,
        "INVALID": 0,
        "MALICIOUS": 0,
        "SANE": 0,
        "VALID": 0,
        "total": 9807
    },
    "percentage": {
        "ACTIVE": 98.11359233200776,
        "INACTIVE": 1.918092275790565,
        "INVALID": 0,
        "MALICIOUS": 0,
        "SANE": 0,
        "VALID": 0,
        "total": 100.03168460779833
    }
}