{
    "counter": {
        "ACTIVE": 7471,
        "INACTIVE": 20,
        "INVALID": 0,
        "MALICIOUS": 0,
        "SANE": 0,
        "VALID": 0,
        "total": 7491
    },
    "percentage": {
        "ACTIVE": 99.73301294887197,
        "INACTIVE": 0.30473868657626085,
        "INVALID": 0,
        "MALICIOUS": 0,
        "SANE": 0,
        "VALID": 0,
        "total": 100.03775163544823
    }
}