{
    "counter": {
        "ACTIVE": 282362,
        "INACTIVE": 14,
        "INVALID": 0,
        "MALICIOUS": 0,
        "SANE": 0,
        "VALID": 0,
        "total": 282376
    },
    "percentage": {
        "ACTIVE": 99.99504207156416,
        "INACTIVE": 0.006299212598425197,
        "INVALID": 0,
        "MALICIOUS": 0,
        "SANE": 0,
        "VALID": 0,
        "total": 100.00134128416258
    }
}