{
    "counter": {
        "ACTIVE": 15331,
        "INACTIVE": 2,
        "INVALID": 0,
        "MALICIOUS": 0,
        "SANE": 0,
        "VALID": 0,
        "total": 15333
    },
    "percentage": {
        "ACTIVE": 99.98695623817909,
        "INACTIVE": 0.023025558369790467,
        "INVALID": 0,
        "MALICIOUS": 0,
        "SANE": 0,
        "VALID": 0,
        "total": 100.00998179654889
    }
}