{
    "counter": {
        "ACTIVE": 12605,
        "INACTIVE": 5,
        "INVALID": 0,
        "MALICIOUS": 0,
        "SANE": 0,
        "VALID": 0,
        "total": 12610
    },
    "percentage": {
        "ACTIVE": 99.96034892942109,
        "INACTIVE": 0.04221903233977877,
        "INVALID": 0,
        "MALICIOUS": 0,
        "SANE": 0,
        "VALID": 0,
        "total": 100.00256796176086
    }
}