{
    "counter": {
        "ACTIVE": 7486,
        "INACTIVE": 6,
        "INVALID": 0,
        "MALICIOUS": 0,
        "SANE": 0,
        "VALID": 0,
        "total": 7492
    },
    "percentage": {
        "ACTIVE": 99.91991457554725,
        "INACTIVE": 0.08891523414344991,
        "INVALID": 0,
        "MALICIOUS": 0,
        "SANE": 0,
        "VALID": 0,
        "total": 100.00882980969071
    }
}