{
    "counter": {
        "ACTIVE": 14198,
        "INACTIVE": 8,
        "INVALID": 0,
        "MALICIOUS": 0,
        "SANE": 0,
        "VALID": 0,
        "total": 14206
    },
    "percentage": {
        "ACTIVE": 99.9436857665775,
        "INACTIVE": 0.06063821723641325,
        "INVALID": 0,
        "MALICIOUS": 0,
        "SANE": 0,
        "VALID": 0,
        "total": 100.00432398381392
    }
}