{
    "counter": {
        "ACTIVE": 8508,
        "INACTIVE": 23,
        "INVALID": 0,
        "MALICIOUS": 0,
        "SANE": 0,
        "VALID": 0,
        "total": 8531
    },
    "percentage": {
        "ACTIVE": 99.73039502989099,
        "INACTIVE": 0.2745940783190067,
        "INVALID": 0,
        "MALICIOUS": 0,
        "SANE": 0,
        "VALID": 0,
        "total": 100.00498910821
    }
}