{
    "counter": {
        "ACTIVE": 194007,
        "INACTIVE": 13,
        "INVALID": 0,
        "MALICIOUS": 0,
        "SANE": 0,
        "VALID": 0,
        "total": 194020
    },
    "percentage": {
        "ACTIVE": 99.99329965982888,
        "INACTIVE": 0.010932086514850819,
        "INVALID": 0,
        "MALICIOUS": 0,
        "SANE": 0,
        "VALID": 0,
        "total": 100.00423174634373
    }
}