{
    "counter": {
        "ACTIVE": 15062,
        "INACTIVE": 4,
        "INVALID": 0,
        "MALICIOUS": 0,
        "SANE": 0,
        "VALID": 0,
        "total": 15066
    },
    "percentage": {
        "ACTIVE": 99.97345015266163,
        "INACTIVE": 0.026977810750657583,
        "INVALID": 0,
        "MALICIOUS": 0,
        "SANE": 0,
        "VALID": 0,
        "total": 100.00042796341228
    }
}