{
    "counter": {
        "ACTIVE": 15486,
        "INACTIVE": 4,
        "INVALID": 0,
        "MALICIOUS": 0,
        "SANE": 0,
        "VALID": 0,
        "total": 15490
    },
    "percentage": {
        "ACTIVE": 99.97417688831504,
        "INACTIVE": 0.02841312686461145,
        "INVALID": 0,
        "MALICIOUS": 0,
        "SANE": 0,
        "VALID": 0,
        "total": 100.00259001517965
    }
}