{
    "counter": {
        "ACTIVE": 16392,
        "INACTIVE": 25,
        "INVALID": 0,
        "MALICIOUS": 0,
        "SANE": 0,
        "VALID": 0,
        "total": 16417
    },
    "percentage": {
        "ACTIVE": 99.8477188280441,
        "INACTIVE": 0.15228117195589938,
        "INVALID": 0.0,
        "MALICIOUS": 0.0,
        "SANE": 0.0,
        "VALID": 0.0,
        "total": 100.0
    }
}