{
    "counter": {
        "ACTIVE": 15161,
        "INACTIVE": 25,
        "INVALID": 0,
        "MALICIOUS": 0,
        "SANE": 0,
        "VALID": 0,
        "total": 15186
    },
    "percentage": {
        "ACTIVE": 99.83537468721191,
        "INACTIVE": 0.19152685206465947,
        "INVALID": 0,
        "MALICIOUS": 0,
        "SANE": 0,
        "VALID": 0,
        "total": 100.02690153927657
    }
}