{
    "counter": {
        "ACTIVE": 7202,
        "INACTIVE": 4,
        "INVALID": 0,
        "MALICIOUS": 0,
        "SANE": 0,
        "VALID": 0,
        "total": 7206
    },
    "percentage": {
        "ACTIVE": 99.94449070219262,
        "INACTIVE": 0.0588754783632617,
        "INVALID": 0,
        "MALICIOUS": 0,
        "SANE": 0,
        "VALID": 0,
        "total": 100.00336618055589
    }
}