{
    "counter": {
        "ACTIVE": 15505,
        "INACTIVE": 7,
        "INVALID": 0,
        "MALICIOUS": 0,
        "SANE": 0,
        "VALID": 0,
        "total": 15512
    },
    "percentage": {
        "ACTIVE": 99.95487364620939,
        "INACTIVE": 0.059427795228797015,
        "INVALID": 0,
        "MALICIOUS": 0,
        "SANE": 0,
        "VALID": 0,
        "total": 100.01430144143819
    }
}