{
    "counter": {
        "ACTIVE": 13586,
        "INACTIVE": 825,
        "INVALID": 0,
        "MALICIOUS": 0,
        "SANE": 0,
        "VALID": 0,
        "total": 14411
    },
    "percentage": {
        "ACTIVE": 94.27520643952536,
        "INACTIVE": 5.724793560474637,
        "INVALID": 0.0,
        "MALICIOUS": 0.0,
        "SANE": 0.0,
        "VALID": 0.0,
        "total": 100.0
    }
}