{
    "counter": {
        "ACTIVE": 15785,
        "INACTIVE": 42,
        "INVALID": 0,
        "MALICIOUS": 0,
        "SANE": 0,
        "VALID": 0,
        "total": 15827
    },
    "percentage": {
        "ACTIVE": 99.73463069438301,
        "INACTIVE": 0.3643935450286309,
        "INVALID": 0,
        "MALICIOUS": 0,
        "SANE": 0,
        "VALID": 0,
        "total": 100.09902423941165
    }
}