{
    "counter": {
        "ACTIVE": 15760,
        "INACTIVE": 5,
        "INVALID": 0,
        "MALICIOUS": 0,
        "SANE": 0,
        "VALID": 0,
        "total": 15765
    },
    "percentage": {
        "ACTIVE": 99.96828417380273,
        "INACTIVE": 0.04221903233977877,
        "INVALID": 0,
        "MALICIOUS": 0,
        "SANE": 0,
        "VALID": 0,
        "total": 100.0105032061425
    }
}