{
    "counter": {
        "ACTIVE": 11435,
        "INACTIVE": 12,
        "INVALID": 0,
        "MALICIOUS": 0,
        "SANE": 0,
        "VALID": 0,
        "total": 11447
    },
    "percentage": {
        "ACTIVE": 99.89516903992312,
        "INACTIVE": 0.10945908966523761,
        "INVALID": 0,
        "MALICIOUS": 0,
        "SANE": 0,
        "VALID": 0,
        "total": 100.00462812958835
    }
}