{
    "counter": {
        "ACTIVE": 16418,
        "INACTIVE": 26,
        "INVALID": 0,
        "MALICIOUS": 0,
        "SANE": 0,
        "VALID": 0,
        "total": 16444
    },
    "percentage": {
        "ACTIVE": 99.84188761858428,
        "INACTIVE": 0.16448408932751313,
        "INVALID": 0,
        "MALICIOUS": 0,
        "SANE": 0,
        "VALID": 0,
        "total": 100.0063717079118
    }
}