{
    "counter": {
        "ACTIVE": 18809,
        "INACTIVE": 31,
        "INVALID": 0,
        "MALICIOUS": 0,
        "SANE": 0,
        "VALID": 0,
        "total": 18840
    },
    "percentage": {
        "ACTIVE": 99.83545647558387,
        "INACTIVE": 0.16454352441613587,
        "INVALID": 0.0,
        "MALICIOUS": 0.0,
        "SANE": 0.0,
        "VALID": 0.0,
        "total": 100.0
    }
}