{
    "counter": {
        "ACTIVE": 14896,
        "INACTIVE": 8,
        "INVALID": 0,
        "MALICIOUS": 0,
        "SANE": 0,
        "VALID": 0,
        "total": 14904
    },
    "percentage": {
        "ACTIVE": 99.94632313472893,
        "INACTIVE": 0.06234413965087282,
        "INVALID": 0,
        "MALICIOUS": 0,
        "SANE": 0,
        "VALID": 0,
        "total": 100.0086672743798
    }
}