{
    "counter": {
        "ACTIVE": 15012,
        "INACTIVE": 15,
        "INVALID": 0,
        "MALICIOUS": 0,
        "SANE": 0,
        "VALID": 0,
        "total": 15027
    },
    "percentage": {
        "ACTIVE": 99.90017967658216,
        "INACTIVE": 0.12573344509639564,
        "INVALID": 0,
        "MALICIOUS": 0,
        "SANE": 0,
        "VALID": 0,
        "total": 100.02591312167856
    }
}