{
    "counter": {
        "ACTIVE": 15987,
        "INACTIVE": 7,
        "INVALID": 0,
        "MALICIOUS": 0,
        "SANE": 0,
        "VALID": 0,
        "total": 15994
    },
    "percentage": {
        "ACTIVE": 99.95623358759535,
        "INACTIVE": 0.0477196809598473,
        "INVALID": 0,
        "MALICIOUS": 0,
        "SANE": 0,
        "VALID": 0,
        "total": 100.0039532685552
    }
}