{
    "counter": {
        "ACTIVE": 13369,
        "INACTIVE": 2,
        "INVALID": 0,
        "MALICIOUS": 0,
        "SANE": 0,
        "VALID": 0,
        "total": 13371
    },
    "percentage": {
        "ACTIVE": 99.98504225562785,
        "INACTIVE": 0.02161227577263886,
        "INVALID": 0,
        "MALICIOUS": 0,
        "SANE": 0,
        "VALID": 0,
        "total": 100.00665453140049
    }
}