{
    "counter": {
        "ACTIVE": 248186,
        "INACTIVE": 36,
        "INVALID": 1,
        "MALICIOUS": 0,
        "SANE": 0,
        "VALID": 0,
        "total": 248223
    },
    "percentage": {
        "ACTIVE": 99.98509404849672,
        "INACTIVE": 0.1837953744830755,
        "INVALID": 0.010577533319229955,
        "MALICIOUS": 0,
        "SANE": 0,
        "VALID": 0,
        "total": 100.17946695629902
    }
}