{
    "counter": {
        "ACTIVE": 9786,
        "INACTIVE": 2,
        "INVALID": 0,
        "MALICIOUS": 0,
        "SANE": 0,
        "VALID": 0,
        "total": 9788
    },
    "percentage": {
        "ACTIVE": 99.97956681651002,
        "INACTIVE": 0.04096681687832855,
        "INVALID": 0,
        "MALICIOUS": 0,
        "SANE": 0,
        "VALID": 0,
        "total": 100.02053363338834
    }
}