{
    "counter": {
        "ACTIVE": 16875,
        "INACTIVE": 11,
        "INVALID": 0,
        "MALICIOUS": 0,
        "SANE": 0,
        "VALID": 0,
        "total": 16886
    },
    "percentage": {
        "ACTIVE": 99.93485727821864,
        "INACTIVE": 0.06514272178135734,
        "INVALID": 0.0,
        "MALICIOUS": 0.0,
        "SANE": 0.0,
        "VALID": 0.0,
        "total": 100.0
    }
}