{
    "counter": {
        "ACTIVE": 15120,
        "INACTIVE": 35,
        "INVALID": 0,
        "MALICIOUS": 0,
        "SANE": 0,
        "VALID": 0,
        "total": 15155
    },
    "percentage": {
        "ACTIVE": 99.7690531177829,
        "INACTIVE": 0.2345687286374908,
        "INVALID": 0,
        "MALICIOUS": 0,
        "SANE": 0,
        "VALID": 0,
        "total": 100.00362184642039
    }
}