{
    "counter": {
        "ACTIVE": 16837,
        "INACTIVE": 27,
        "INVALID": 0,
        "MALICIOUS": 0,
        "SANE": 0,
        "VALID": 0,
        "total": 16864
    },
    "percentage": {
        "ACTIVE": 99.83989563567363,
        "INACTIVE": 0.167649798199317,
        "INVALID": 0,
        "MALICIOUS": 0,
        "SANE": 0,
        "VALID": 0,
        "total": 100.00754543387295
    }
}