{
    "counter": {
        "ACTIVE": 16345,
        "INACTIVE": 458,
        "INVALID": 0,
        "MALICIOUS": 0,
        "SANE": 0,
        "VALID": 0,
        "total": 16803
    },
    "percentage": {
        "ACTIVE": 97.27429625662084,
        "INACTIVE": 2.7804759592034967,
        "INVALID": 0,
        "MALICIOUS": 0,
        "SANE": 0,
        "VALID": 0,
        "total": 100.05477221582434
    }
}