{
    "counter": {
        "ACTIVE": 15376,
        "INACTIVE": 10,
        "INVALID": 0,
        "MALICIOUS": 0,
        "SANE": 0,
        "VALID": 0,
        "total": 15386
    },
    "percentage": {
        "ACTIVE": 99.93500584947354,
        "INACTIVE": 0.06809669731018046,
        "INVALID": 0,
        "MALICIOUS": 0,
        "SANE": 0,
        "VALID": 0,
        "total": 100.00310254678372
    }
}