{
    "counter": {
        "ACTIVE": 5131,
        "INACTIVE": 1,
        "INVALID": 0,
        "MALICIOUS": 0,
        "SANE": 0,
        "VALID": 0,
        "total": 5132
    },
    "percentage": {
        "ACTIVE": 99.9805144193297,
        "INACTIVE": 0.019845207382417147,
        "INVALID": 0,
        "MALICIOUS": 0,
        "SANE": 0,
        "VALID": 0,
        "total": 100.00035962671211
    }
}