{
    "counter": {
        "ACTIVE": 14021,
        "INACTIVE": 2,
        "INVALID": 0,
        "MALICIOUS": 0,
        "SANE": 0,
        "VALID": 0,
        "total": 14023
    },
    "percentage": {
        "ACTIVE": 99.98573771660843,
        "INACTIVE": 0.022067747986317995,
        "INVALID": 0,
        "MALICIOUS": 0,
        "SANE": 0,
        "VALID": 0,
        "total": 100.00780546459474
    }
}