{
    "counter": {
        "ACTIVE": 3947,
        "INACTIVE": 214,
        "INVALID": 0,
        "MALICIOUS": 0,
        "SANE": 0,
        "VALID": 0,
        "total": 4161
    },
    "percentage": {
        "ACTIVE": 94.85700552751743,
        "INACTIVE": 5.1429944724825765,
        "INVALID": 0.0,
        "MALICIOUS": 0.0,
        "SANE": 0.0,
        "VALID": 0.0,
        "total": 100.0
    }
}