{
    "counter": {
        "ACTIVE": 6992,
        "INACTIVE": 23,
        "INVALID": 0,
        "MALICIOUS": 0,
        "SANE": 0,
        "VALID": 0,
        "total": 7015
    },
    "percentage": {
        "ACTIVE": 99.67213114754098,
        "INACTIVE": 0.3418041313716748,
        "INVALID": 0,
        "MALICIOUS": 0,
        "SANE": 0,
        "VALID": 0,
        "total": 100.01393527891265
    }
}