{
    "counter": {
        "ACTIVE": 67595,
        "INACTIVE": 36,
        "INVALID": 1,
        "MALICIOUS": 0,
        "SANE": 0,
        "VALID": 0,
        "total": 67632
    },
    "percentage": {
        "ACTIVE": 99.94529216938727,
        "INACTIVE": 0.1837953744830755,
        "INVALID": 0.010577533319229955,
        "MALICIOUS": 0,
        "SANE": 0,
        "VALID": 0,
        "total": 100.13966507718958
    }
}