{
    "counter": {
        "ACTIVE": 9885,
        "INACTIVE": 49,
        "INVALID": 0,
        "MALICIOUS": 0,
        "SANE": 0,
        "VALID": 0,
        "total": 9934
    },
    "percentage": {
        "ACTIVE": 99.50674451379102,
        "INACTIVE": 0.5632831359926428,
        "INVALID": 0,
        "MALICIOUS": 0,
        "SANE": 0,
        "VALID": 0,
        "total": 100.07002764978367
    }
}