{
    "counter": {
        "ACTIVE": 7679,
        "INACTIVE": 111,
        "INVALID": 0,
        "MALICIOUS": 0,
        "SANE": 0,
        "VALID": 0,
        "total": 7790
    },
    "percentage": {
        "ACTIVE": 98.57509627727856,
        "INACTIVE": 1.4249037227214378,
        "INVALID": 0.0,
        "MALICIOUS": 0.0,
        "SANE": 0.0,
        "VALID": 0.0,
        "total": 100.0
    }
}