{
    "counter": {
        "ACTIVE": 10276,
        "INACTIVE": 5,
        "INVALID": 0,
        "MALICIOUS": 0,
        "SANE": 0,
        "VALID": 0,
        "total": 10281
    },
    "percentage": {
        "ACTIVE": 99.95136659857991,
        "INACTIVE": 0.10229132569558101,
        "INVALID": 0,
        "MALICIOUS": 0,
        "SANE": 0,
        "VALID": 0,
        "total": 100.05365792427548
    }
}