{
    "counter": {
        "ACTIVE": 8080,
        "INACTIVE": 28,
        "INVALID": 0,
        "MALICIOUS": 0,
        "SANE": 0,
        "VALID": 0,
        "total": 8108
    },
    "percentage": {
        "ACTIVE": 99.65466206216082,
        "INACTIVE": 0.35718841688990943,
        "INVALID": 0,
        "MALICIOUS": 0,
        "SANE": 0,
        "VALID": 0,
        "total": 100.01185047905074
    }
}