{
    "counter": {
        "ACTIVE": 13852,
        "INACTIVE": 9,
        "INVALID": 0,
        "MALICIOUS": 0,
        "SANE": 0,
        "VALID": 0,
        "total": 13861
    },
    "percentage": {
        "ACTIVE": 99.93506961979655,
        "INACTIVE": 0.0729690287011513,
        "INVALID": 0,
        "MALICIOUS": 0,
        "SANE": 0,
        "VALID": 0,
        "total": 100.0080386484977
    }
}