{
    "counter": {
        "ACTIVE": 18885,
        "INACTIVE": 5,
        "INVALID": 0,
        "MALICIOUS": 0,
        "SANE": 0,
        "VALID": 0,
        "total": 18890
    },
    "percentage": {
        "ACTIVE": 99.97353096876654,
        "INACTIVE": 0.026469031233456855,
        "INVALID": 0.0,
        "MALICIOUS": 0.0,
        "SANE": 0.0,
        "VALID": 0.0,
        "total": 100.0
    }
}