{
    "counter": {
        "ACTIVE": 12374,
        "INACTIVE": 28,
        "INVALID": 0,
        "MALICIOUS": 0,
        "SANE": 0,
        "VALID": 0,
        "total": 12402
    },
    "percentage": {
        "ACTIVE": 99.7742299629092,
        "INACTIVE": 0.24142093464390413,
        "INVALID": 0,
        "MALICIOUS": 0,
        "SANE": 0,
        "VALID": 0,
        "total": 100.0156508975531
    }
}