{
    "counter": {
        "ACTIVE": 14774,
        "INACTIVE": 6,
        "INVALID": 0,
        "MALICIOUS": 0,
        "SANE": 0,
        "VALID": 0,
        "total": 14780
    },
    "percentage": {
        "ACTIVE": 99.95940460081191,
        "INACTIVE": 0.048967599771484537,
        "INVALID": 0,
        "MALICIOUS": 0,
        "SANE": 0,
        "VALID": 0,
        "total": 100.0083722005834
    }
}