{
    "counter": {
        "ACTIVE": 18885,
        "INACTIVE": 8,
        "INVALID": 0,
        "MALICIOUS": 0,
        "SANE": 0,
        "VALID": 0,
        "total": 18893
    },
    "percentage": {
        "ACTIVE": 99.95765627481077,
        "INACTIVE": 0.042343725189223524,
        "INVALID": 0.0,
        "MALICIOUS": 0.0,
        "SANE": 0.0,
        "VALID": 0.0,
        "total": 100.0
    }
}