{
    "counter": {
        "ACTIVE": 15951,
        "INACTIVE": 4,
        "INVALID": 0,
        "MALICIOUS": 0,
        "SANE": 0,
        "VALID": 0,
        "total": 15955
    },
    "percentage": {
        "ACTIVE": 99.97492948918834,
        "INACTIVE": 0.038895371450797356,
        "INVALID": 0,
        "MALICIOUS": 0,
        "SANE": 0,
        "VALID": 0,
        "total": 100.01382486063913
    }
}