{
    "counter": {
        "ACTIVE": 15527,
        "INACTIVE": 434,
        "INVALID": 0,
        "MALICIOUS": 0,
        "SANE": 0,
        "VALID": 0,
        "total": 15961
    },
    "percentage": {
        "ACTIVE": 97.28087212580665,
        "INACTIVE": 2.7215150184987773,
        "INVALID": 0,
        "MALICIOUS": 0,
        "SANE": 0,
        "VALID": 0,
        "total": 100.00238714430543
    }
}