{
    "counter": {
        "ACTIVE": 10840,
        "INACTIVE": 28,
        "INVALID": 0,
        "MALICIOUS": 0,
        "SANE": 0,
        "VALID": 0,
        "total": 10868
    },
    "percentage": {
        "ACTIVE": 99.74236290025763,
        "INACTIVE": 0.35718841688990943,
        "INVALID": 0,
        "MALICIOUS": 0,
        "SANE": 0,
        "VALID": 0,
        "total": 100.09955131714754
    }
}