{
    "counter": {
        "ACTIVE": 15330,
        "INACTIVE": 7,
        "INVALID": 0,
        "MALICIOUS": 0,
        "SANE": 0,
        "VALID": 0,
        "total": 15337
    },
    "percentage": {
        "ACTIVE": 99.95435874030123,
        "INACTIVE": 0.05964045326744483,
        "INVALID": 0,
        "MALICIOUS": 0,
        "SANE": 0,
        "VALID": 0,
        "total": 100.01399919356868
    }
}