{
    "counter": {
        "ACTIVE": 13156,
        "INACTIVE": 9,
        "INVALID": 0,
        "MALICIOUS": 0,
        "SANE": 0,
        "VALID": 0,
        "total": 13165
    },
    "percentage": {
        "ACTIVE": 99.93163691606533,
        "INACTIVE": 0.0729690287011513,
        "INVALID": 0,
        "MALICIOUS": 0,
        "SANE": 0,
        "VALID": 0,
        "total": 100.00460594476648
    }
}