{
    "counter": {
        "ACTIVE": 16722,
        "INACTIVE": 41,
        "INVALID": 0,
        "MALICIOUS": 0,
        "SANE": 0,
        "VALID": 0,
        "total": 16763
    },
    "percentage": {
        "ACTIVE": 99.75541370876334,
        "INACTIVE": 0.27828683906875723,
        "INVALID": 0,
        "MALICIOUS": 0,
        "SANE": 0,
        "VALID": 0,
        "total": 100.0337005478321
    }
}