{
    "counter": {
        "ACTIVE": 16823,
        "INACTIVE": 991,
        "INVALID": 0,
        "MALICIOUS": 0,
        "SANE": 0,
        "VALID": 0,
        "total": 17814
    },
    "percentage": {
        "ACTIVE": 94.4369596946222,
        "INACTIVE": 5.563040305377792,
        "INVALID": 0.0,
        "MALICIOUS": 0.0,
        "SANE": 0.0,
        "VALID": 0.0,
        "total": 100.0
    }
}