{
    "counter": {
        "ACTIVE": 6787,
        "INACTIVE": 31,
        "INVALID": 0,
        "MALICIOUS": 0,
        "SANE": 0,
        "VALID": 0,
        "total": 6818
    },
    "percentage": {
        "ACTIVE": 99.54532120856557,
        "INACTIVE": 0.4606240713224368,
        "INVALID": 0,
        "MALICIOUS": 0,
        "SANE": 0,
        "VALID": 0,
        "total": 100.00594527988801
    }
}