{
    "counter": {
        "ACTIVE": 13896,
        "INACTIVE": 14,
        "INVALID": 0,
        "MALICIOUS": 0,
        "SANE": 0,
        "VALID": 0,
        "total": 13910
    },
    "percentage": {
        "ACTIVE": 99.89935298346514,
        "INACTIVE": 0.10527898932170252,
        "INVALID": 0,
        "MALICIOUS": 0,
        "SANE": 0,
        "VALID": 0,
        "total": 100.00463197278684
    }
}