{
    "counter": {
        "ACTIVE": 15903,
        "INACTIVE": 4,
        "INVALID": 0,
        "MALICIOUS": 0,
        "SANE": 0,
        "VALID": 0,
        "total": 15907
    },
    "percentage": {
        "ACTIVE": 99.97485383793298,
        "INACTIVE": 0.038895371450797356,
        "INVALID": 0,
        "MALICIOUS": 0,
        "SANE": 0,
        "VALID": 0,
        "total": 100.01374920938377
    }
}