{
    "counter": {
        "ACTIVE": 16180,
        "INACTIVE": 7,
        "INVALID": 0,
        "MALICIOUS": 0,
        "SANE": 0,
        "VALID": 0,
        "total": 16187
    },
    "percentage": {
        "ACTIVE": 99.95675542101687,
        "INACTIVE": 0.043244578983134614,
        "INVALID": 0.0,
        "MALICIOUS": 0.0,
        "SANE": 0.0,
        "VALID": 0.0,
        "total": 100.0
    }
}