{
    "counter": {
        "ACTIVE": 9270,
        "INACTIVE": 36,
        "INVALID": 0,
        "MALICIOUS": 0,
        "SANE": 0,
        "VALID": 0,
        "total": 9306
    },
    "percentage": {
        "ACTIVE": 99.61315280464217,
        "INACTIVE": 0.4294405344148873,
        "INVALID": 0,
        "MALICIOUS": 0,
        "SANE": 0,
        "VALID": 0,
        "total": 100.04259333905706
    }
}