{
    "counter": {
        "ACTIVE": 16604,
        "INACTIVE": 2,
        "INVALID": 0,
        "MALICIOUS": 0,
        "SANE": 0,
        "VALID": 0,
        "total": 16606
    },
    "percentage": {
        "ACTIVE": 99.98795616042395,
        "INACTIVE": 0.012411567580985479,
        "INVALID": 0,
        "MALICIOUS": 0,
        "SANE": 0,
        "VALID": 0,
        "total": 100.00036772800493
    }
}