{
    "counter": {
        "ACTIVE": 16580,
        "INACTIVE": 9,
        "INVALID": 0,
        "MALICIOUS": 0,
        "SANE": 0,
        "VALID": 0,
        "total": 16589
    },
    "percentage": {
        "ACTIVE": 99.9457471818675,
        "INACTIVE": 0.05425281813249744,
        "INVALID": 0.0,
        "MALICIOUS": 0.0,
        "SANE": 0.0,
        "VALID": 0.0,
        "total": 100.0
    }
}