{
    "counter": {
        "ACTIVE": 15964,
        "INACTIVE": 5,
        "INVALID": 0,
        "MALICIOUS": 0,
        "SANE": 0,
        "VALID": 0,
        "total": 15969
    },
    "percentage": {
        "ACTIVE": 99.9686893355877,
        "INACTIVE": 0.05283178360101437,
        "INVALID": 0,
        "MALICIOUS": 0,
        "SANE": 0,
        "VALID": 0,
        "total": 100.0215211191887
    }
}