{
    "counter": {
        "ACTIVE": 10472,
        "INACTIVE": 6,
        "INVALID": 0,
        "MALICIOUS": 0,
        "SANE": 0,
        "VALID": 0,
        "total": 10478
    },
    "percentage": {
        "ACTIVE": 99.94273716358083,
        "INACTIVE": 0.08389261744966443,
        "INVALID": 0,
        "MALICIOUS": 0,
        "SANE": 0,
        "VALID": 0,
        "total": 100.0266297810305
    }
}