{
    "counter": {
        "ACTIVE": 12729,
        "INACTIVE": 2,
        "INVALID": 0,
        "MALICIOUS": 0,
        "SANE": 0,
        "VALID": 0,
        "total": 12731
    },
    "percentage": {
        "ACTIVE": 99.98429031497919,
        "INACTIVE": 0.02557544757033248,
        "INVALID": 0,
        "MALICIOUS": 0,
        "SANE": 0,
        "VALID": 0,
        "total": 100.00986576254952
    }
}