{
    "counter": {
        "ACTIVE": 8900,
        "INACTIVE": 38,
        "INVALID": 0,
        "MALICIOUS": 0,
        "SANE": 0,
        "VALID": 0,
        "total": 8938
    },
    "percentage": {
        "ACTIVE": 99.57484895949877,
        "INACTIVE": 0.44351073762838467,
        "INVALID": 0,
        "MALICIOUS": 0,
        "SANE": 0,
        "VALID": 0,
        "total": 100.01835969712715
    }
}