{
    "counter": {
        "ACTIVE": 14721,
        "INACTIVE": 7,
        "INVALID": 0,
        "MALICIOUS": 0,
        "SANE": 0,
        "VALID": 0,
        "total": 14728
    },
    "percentage": {
        "ACTIVE": 99.95247148288973,
        "INACTIVE": 0.053353658536585365,
        "INVALID": 0,
        "MALICIOUS": 0,
        "SANE": 0,
        "VALID": 0,
        "total": 100.00582514142631
    }
}