{
    "counter": {
        "ACTIVE": 16382,
        "INACTIVE": 42,
        "INVALID": 0,
        "MALICIOUS": 0,
        "SANE": 0,
        "VALID": 0,
        "total": 16424
    },
    "percentage": {
        "ACTIVE": 99.74427666829031,
        "INACTIVE": 0.2821063944116067,
        "INVALID": 0,
        "MALICIOUS": 0,
        "SANE": 0,
        "VALID": 0,
        "total": 100.02638306270192
    }
}