{
    "counter": {
        "ACTIVE": 14181,
        "INACTIVE": 5,
        "INVALID": 0,
        "MALICIOUS": 0,
        "SANE": 0,
        "VALID": 0,
        "total": 14186
    },
    "percentage": {
        "ACTIVE": 99.96475398279995,
        "INACTIVE": 0.03558465589637748,
        "INVALID": 0,
        "MALICIOUS": 0,
        "SANE": 0,
        "VALID": 0,
        "total": 100.00033863869632
    }
}