{
    "counter": {
        "ACTIVE": 200382,
        "INACTIVE": 13,
        "INVALID": 0,
        "MALICIOUS": 0,
        "SANE": 0,
        "VALID": 0,
        "total": 200395
    },
    "percentage": {
        "ACTIVE": 99.99351281219592,
        "INACTIVE": 0.010932086514850819,
        "INVALID": 0,
        "MALICIOUS": 0,
        "SANE": 0,
        "VALID": 0,
        "total": 100.00444489871077
    }
}