{
    "counter": {
        "ACTIVE": 14988,
        "INACTIVE": 4,
        "INVALID": 0,
        "MALICIOUS": 0,
        "SANE": 0,
        "VALID": 0,
        "total": 14992
    },
    "percentage": {
        "ACTIVE": 99.97331910352187,
        "INACTIVE": 0.028606164628477437,
        "INVALID": 0,
        "MALICIOUS": 0,
        "SANE": 0,
        "VALID": 0,
        "total": 100.00192526815034
    }
}