{
    "counter": {
        "ACTIVE": 16016,
        "INACTIVE": 7,
        "INVALID": 0,
        "MALICIOUS": 0,
        "SANE": 0,
        "VALID": 0,
        "total": 16023
    },
    "percentage": {
        "ACTIVE": 99.9563128003495,
        "INACTIVE": 0.0477196809598473,
        "INVALID": 0,
        "MALICIOUS": 0,
        "SANE": 0,
        "VALID": 0,
        "total": 100.00403248130934
    }
}