{
    "counter": {
        "ACTIVE": 5295,
        "INACTIVE": 2,
        "INVALID": 0,
        "MALICIOUS": 0,
        "SANE": 0,
        "VALID": 0,
        "total": 5297
    },
    "percentage": {
        "ACTIVE": 99.96224277893147,
        "INACTIVE": 0.1179245283018868,
        "INVALID": 0,
        "MALICIOUS": 0,
        "SANE": 0,
        "VALID": 0,
        "total": 100.08016730723335
    }
}