{
    "counter": {
        "ACTIVE": 12064,
        "INACTIVE": 4,
        "INVALID": 0,
        "MALICIOUS": 0,
        "SANE": 0,
        "VALID": 0,
        "total": 12068
    },
    "percentage": {
        "ACTIVE": 99.96685449121644,
        "INACTIVE": 0.04607764082478977,
        "INVALID": 0,
        "MALICIOUS": 0,
        "SANE": 0,
        "VALID": 0,
        "total": 100.01293213204123
    }
}