{
    "counter": {
        "ACTIVE": 15313,
        "INACTIVE": 42,
        "INVALID": 0,
        "MALICIOUS": 0,
        "SANE": 0,
        "VALID": 0,
        "total": 15355
    },
    "percentage": {
        "ACTIVE": 99.72647346141322,
        "INACTIVE": 0.3643935450286309,
        "INVALID": 0,
        "MALICIOUS": 0,
        "SANE": 0,
        "VALID": 0,
        "total": 100.09086700644185
    }
}