{
    "counter": {
        "ACTIVE": 15296,
        "INACTIVE": 3,
        "INVALID": 0,
        "MALICIOUS": 0,
        "SANE": 0,
        "VALID": 0,
        "total": 15299
    },
    "percentage": {
        "ACTIVE": 99.9803908752206,
        "INACTIVE": 0.019719976336028396,
        "INVALID": 0,
        "MALICIOUS": 0,
        "SANE": 0,
        "VALID": 0,
        "total": 100.00011085155664
    }
}