{
    "counter": {
        "ACTIVE": 14880,
        "INACTIVE": 2,
        "INVALID": 0,
        "MALICIOUS": 0,
        "SANE": 0,
        "VALID": 0,
        "total": 14882
    },
    "percentage": {
        "ACTIVE": 99.98656094610939,
        "INACTIVE": 0.023258518432375856,
        "INVALID": 0,
        "MALICIOUS": 0,
        "SANE": 0,
        "VALID": 0,
        "total": 100.00981946454176
    }
}