{
    "counter": {
        "ACTIVE": 5959,
        "INACTIVE": 22,
        "INVALID": 0,
        "MALICIOUS": 0,
        "SANE": 0,
        "VALID": 0,
        "total": 5981
    },
    "percentage": {
        "ACTIVE": 99.63216853369002,
        "INACTIVE": 0.38394415357766143,
        "INVALID": 0,
        "MALICIOUS": 0,
        "SANE": 0,
        "VALID": 0,
        "total": 100.01611268726768
    }
}