{
    "counter": {
        "ACTIVE": 7723,
        "INACTIVE": 5,
        "INVALID": 0,
        "MALICIOUS": 0,
        "SANE": 0,
        "VALID": 0,
        "total": 7728
    },
    "percentage": {
        "ACTIVE": 99.93530020703933,
        "INACTIVE": 0.07038288288288289,
        "INVALID": 0,
        "MALICIOUS": 0,
        "SANE": 0,
        "VALID": 0,
        "total": 100.00568308992221
    }
}