{
    "counter": {
        "ACTIVE": 98366,
        "INACTIVE": 36,
        "INVALID": 1,
        "MALICIOUS": 0,
        "SANE": 0,
        "VALID": 0,
        "total": 98403
    },
    "percentage": {
        "ACTIVE": 99.96239952033983,
        "INACTIVE": 0.1837953744830755,
        "INVALID": 0.010577533319229955,
        "MALICIOUS": 0,
        "SANE": 0,
        "VALID": 0,
        "total": 100.15677242814213
    }
}