{
    "counter": {
        "ACTIVE": 15368,
        "INACTIVE": 5,
        "INVALID": 0,
        "MALICIOUS": 0,
        "SANE": 0,
        "VALID": 0,
        "total": 15373
    },
    "percentage": {
        "ACTIVE": 99.9674754439602,
        "INACTIVE": 0.035523978685612786,
        "INVALID": 0,
        "MALICIOUS": 0,
        "SANE": 0,
        "VALID": 0,
        "total": 100.00299942264581
    }
}