{
    "counter": {
        "ACTIVE": 15094,
        "INACTIVE": 2,
        "INVALID": 0,
        "MALICIOUS": 0,
        "SANE": 0,
        "VALID": 0,
        "total": 15096
    },
    "percentage": {
        "ACTIVE": 99.9867514573397,
        "INACTIVE": 0.013755158184319119,
        "INVALID": 0,
        "MALICIOUS": 0,
        "SANE": 0,
        "VALID": 0,
        "total": 100.00050661552402
    }
}