{
    "counter": {
        "ACTIVE": 14950,
        "INACTIVE": 28,
        "INVALID": 0,
        "MALICIOUS": 0,
        "SANE": 0,
        "VALID": 0,
        "total": 14978
    },
    "percentage": {
        "ACTIVE": 99.81305915342503,
        "INACTIVE": 0.19343696027633853,
        "INVALID": 0,
        "MALICIOUS": 0,
        "SANE": 0,
        "VALID": 0,
        "total": 100.00649611370137
    }
}