{
    "counter": {
        "ACTIVE": 7372,
        "INACTIVE": 32,
        "INVALID": 0,
        "MALICIOUS": 0,
        "SANE": 0,
        "VALID": 0,
        "total": 7404
    },
    "percentage": {
        "ACTIVE": 99.56780118854674,
        "INACTIVE": 0.44302921223868197,
        "INVALID": 0,
        "MALICIOUS": 0,
        "SANE": 0,
        "VALID": 0,
        "total": 100.01083040078542
    }
}