{
    "counter": {
        "ACTIVE": 17140,
        "INACTIVE": 555,
        "INVALID": 0,
        "MALICIOUS": 0,
        "SANE": 0,
        "VALID": 0,
        "total": 17695
    },
    "percentage": {
        "ACTIVE": 96.8635207685787,
        "INACTIVE": 3.162032816773017,
        "INVALID": 0,
        "MALICIOUS": 0,
        "SANE": 0,
        "VALID": 0,
        "total": 100.02555358535172
    }
}