{
    "counter": {
        "ACTIVE": 17113,
        "INACTIVE": 22,
        "INVALID": 0,
        "MALICIOUS": 0,
        "SANE": 0,
        "VALID": 0,
        "total": 17135
    },
    "percentage": {
        "ACTIVE": 99.87160782025094,
        "INACTIVE": 0.1770053906187143,
        "INVALID": 0,
        "MALICIOUS": 0,
        "SANE": 0,
        "VALID": 0,
        "total": 100.04861321086966
    }
}