{
    "counter": {
        "ACTIVE": 10029,
        "INACTIVE": 50,
        "INVALID": 0,
        "MALICIOUS": 0,
        "SANE": 0,
        "VALID": 0,
        "total": 10079
    },
    "percentage": {
        "ACTIVE": 99.50391903958726,
        "INACTIVE": 0.4985044865403789,
        "INVALID": 0,
        "MALICIOUS": 0,
        "SANE": 0,
        "VALID": 0,
        "total": 100.00242352612764
    }
}