{
    "counter": {
        "ACTIVE": 12872,
        "INACTIVE": 3,
        "INVALID": 0,
        "MALICIOUS": 0,
        "SANE": 0,
        "VALID": 0,
        "total": 12875
    },
    "percentage": {
        "ACTIVE": 99.97669902912621,
        "INACTIVE": 0.02536568867844762,
        "INVALID": 0,
        "MALICIOUS": 0,
        "SANE": 0,
        "VALID": 0,
        "total": 100.00206471780466
    }
}