{
    "counter": {
        "ACTIVE": 5199,
        "INACTIVE": 13,
        "INVALID": 0,
        "MALICIOUS": 0,
        "SANE": 0,
        "VALID": 0,
        "total": 5212
    },
    "percentage": {
        "ACTIVE": 99.75057559478127,
        "INACTIVE": 0.24971187091817135,
        "INVALID": 0,
        "MALICIOUS": 0,
        "SANE": 0,
        "VALID": 0,
        "total": 100.00028746569944
    }
}