{
    "counter": {
        "ACTIVE": 15896,
        "INACTIVE": 5,
        "INVALID": 0,
        "MALICIOUS": 0,
        "SANE": 0,
        "VALID": 0,
        "total": 15901
    },
    "percentage": {
        "ACTIVE": 99.96855543676499,
        "INACTIVE": 0.03375869286341233,
        "INVALID": 0,
        "MALICIOUS": 0,
        "SANE": 0,
        "VALID": 0,
        "total": 100.0023141296284
    }
}