{
    "counter": {
        "ACTIVE": 15020,
        "INACTIVE": 8,
        "INVALID": 0,
        "MALICIOUS": 0,
        "SANE": 0,
        "VALID": 0,
        "total": 15028
    },
    "percentage": {
        "ACTIVE": 99.94676603673143,
        "INACTIVE": 0.06608293408227325,
        "INVALID": 0,
        "MALICIOUS": 0,
        "SANE": 0,
        "VALID": 0,
        "total": 100.0128489708137
    }
}