{
    "counter": {
        "ACTIVE": 7962,
        "INACTIVE": 26,
        "INVALID": 0,
        "MALICIOUS": 0,
        "SANE": 0,
        "VALID": 0,
        "total": 7988
    },
    "percentage": {
        "ACTIVE": 99.67451176765148,
        "INACTIVE": 0.3422403580360669,
        "INVALID": 0,
        "MALICIOUS": 0,
        "SANE": 0,
        "VALID": 0,
        "total": 100.01675212568755
    }
}