{
    "counter": {
        "ACTIVE": 17009,
        "INACTIVE": 60,
        "INVALID": 0,
        "MALICIOUS": 0,
        "SANE": 0,
        "VALID": 0,
        "total": 17069
    },
    "percentage": {
        "ACTIVE": 99.64848555861504,
        "INACTIVE": 0.37007339789058163,
        "INVALID": 0,
        "MALICIOUS": 0,
        "SANE": 0,
        "VALID": 0,
        "total": 100.01855895650561
    }
}