{
    "counter": {
        "ACTIVE": 7694,
        "INACTIVE": 1,
        "INVALID": 0,
        "MALICIOUS": 0,
        "SANE": 0,
        "VALID": 0,
        "total": 7695
    },
    "percentage": {
        "ACTIVE": 99.98700454840805,
        "INACTIVE": 0.03635041802980734,
        "INVALID": 0,
        "MALICIOUS": 0,
        "SANE": 0,
        "VALID": 0,
        "total": 100.02335496643786
    }
}