{
    "counter": {
        "ACTIVE": 6075,
        "INACTIVE": 23,
        "INVALID": 0,
        "MALICIOUS": 0,
        "SANE": 0,
        "VALID": 0,
        "total": 6098
    },
    "percentage": {
        "ACTIVE": 99.62282715644474,
        "INACTIVE": 0.4019573575672842,
        "INVALID": 0,
        "MALICIOUS": 0,
        "SANE": 0,
        "VALID": 0,
        "total": 100.02478451401203
    }
}