{
    "counter": {
        "ACTIVE": 9906,
        "INACTIVE": 26,
        "INVALID": 0,
        "MALICIOUS": 0,
        "SANE": 0,
        "VALID": 0,
        "total": 9932
    },
    "percentage": {
        "ACTIVE": 99.73821989528795,
        "INACTIVE": 0.27745171273076513,
        "INVALID": 0,
        "MALICIOUS": 0,
        "SANE": 0,
        "VALID": 0,
        "total": 100.01567160801872
    }
}