{
    "counter": {
        "ACTIVE": 17193,
        "INACTIVE": 22,
        "INVALID": 0,
        "MALICIOUS": 0,
        "SANE": 0,
        "VALID": 0,
        "total": 17215
    },
    "percentage": {
        "ACTIVE": 99.87220447284345,
        "INACTIVE": 0.1770053906187143,
        "INVALID": 0,
        "MALICIOUS": 0,
        "SANE": 0,
        "VALID": 0,
        "total": 100.04920986346217
    }
}