{
    "counter": {
        "ACTIVE": 16407,
        "INACTIVE": 31,
        "INVALID": 0,
        "MALICIOUS": 0,
        "SANE": 0,
        "VALID": 0,
        "total": 16438
    },
    "percentage": {
        "ACTIVE": 99.81141258060592,
        "INACTIVE": 0.24073930263260077,
        "INVALID": 0,
        "MALICIOUS": 0,
        "SANE": 0,
        "VALID": 0,
        "total": 100.05215188323852
    }
}