{
    "counter": {
        "ACTIVE": 282156,
        "INACTIVE": 14,
        "INVALID": 0,
        "MALICIOUS": 0,
        "SANE": 0,
        "VALID": 0,
        "total": 282170
    },
    "percentage": {
        "ACTIVE": 99.99503845199702,
        "INACTIVE": 0.006299212598425197,
        "INVALID": 0,
        "MALICIOUS": 0,
        "SANE": 0,
        "VALID": 0,
        "total": 100.00133766459544
    }
}