{
    "counter": {
        "ACTIVE": 254489,
        "INACTIVE": 14,
        "INVALID": 0,
        "MALICIOUS": 0,
        "SANE": 0,
        "VALID": 0,
        "total": 254503
    },
    "percentage": {
        "ACTIVE": 99.99449908252555,
        "INACTIVE": 0.006299212598425197,
        "INVALID": 0,
        "MALICIOUS": 0,
        "SANE": 0,
        "VALID": 0,
        "total": 100.00079829512397
    }
}