{
    "counter": {
        "ACTIVE": 9338,
        "INACTIVE": 23,
        "INVALID": 0,
        "MALICIOUS": 0,
        "SANE": 0,
        "VALID": 0,
        "total": 9361
    },
    "percentage": {
        "ACTIVE": 99.75429975429975,
        "INACTIVE": 0.2745940783190067,
        "INVALID": 0,
        "MALICIOUS": 0,
        "SANE": 0,
        "VALID": 0,
        "total": 100.02889383261876
    }
}