{
    "counter": {
        "ACTIVE": 16926,
        "INACTIVE": 36,
        "INVALID": 0,
        "MALICIOUS": 0,
        "SANE": 0,
        "VALID": 0,
        "total": 16962
    },
    "percentage": {
        "ACTIVE": 99.78776087725504,
        "INACTIVE": 0.26191342306293197,
        "INVALID": 0,
        "MALICIOUS": 0,
        "SANE": 0,
        "VALID": 0,
        "total": 100.04967430031797
    }
}