{
    "counter": {
        "ACTIVE": 14076,
        "INACTIVE": 3,
        "INVALID": 0,
        "MALICIOUS": 0,
        "SANE": 0,
        "VALID": 0,
        "total": 14079
    },
    "percentage": {
        "ACTIVE": 99.97869166844237,
        "INACTIVE": 0.05466472303206997,
        "INVALID": 0,
        "MALICIOUS": 0,
        "SANE": 0,
        "VALID": 0,
        "total": 100.03335639147444
    }
}