{
    "counter": {
        "ACTIVE": 13486,
        "INACTIVE": 24,
        "INVALID": 0,
        "MALICIOUS": 0,
        "SANE": 0,
        "VALID": 0,
        "total": 13510
    },
    "percentage": {
        "ACTIVE": 99.82235381199112,
        "INACTIVE": 0.18703241895261846,
        "INVALID": 0,
        "MALICIOUS": 0,
        "SANE": 0,
        "VALID": 0,
        "total": 100.00938623094373
    }
}