{
    "counter": {
        "ACTIVE": 1828,
        "INACTIVE": 5,
        "INVALID": 0,
        "MALICIOUS": 0,
        "SANE": 0,
        "VALID": 0,
        "total": 1833
    },
    "percentage": {
        "ACTIVE": 99.72722313147845,
        "INACTIVE": 0.31036623215394166,
        "INVALID": 0,
        "MALICIOUS": 0,
        "SANE": 0,
        "VALID": 0,
        "total": 100.03758936363239
    }
}