{
    "counter": {
        "ACTIVE": 15449,
        "INACTIVE": 42,
        "INVALID": 0,
        "MALICIOUS": 0,
        "SANE": 0,
        "VALID": 0,
        "total": 15491
    },
    "percentage": {
        "ACTIVE": 99.72887483054677,
        "INACTIVE": 0.3643935450286309,
        "INVALID": 0,
        "MALICIOUS": 0,
        "SANE": 0,
        "VALID": 0,
        "total": 100.0932683755754
    }
}