{
    "counter": {
        "ACTIVE": 10331,
        "INACTIVE": 23,
        "INVALID": 0,
        "MALICIOUS": 0,
        "SANE": 0,
        "VALID": 0,
        "total": 10354
    },
    "percentage": {
        "ACTIVE": 99.77786362758354,
        "INACTIVE": 0.2358974358974359,
        "INVALID": 0,
        "MALICIOUS": 0,
        "SANE": 0,
        "VALID": 0,
        "total": 100.01376106348098
    }
}