{
    "counter": {
        "ACTIVE": 2318,
        "INACTIVE": 7,
        "INVALID": 0,
        "MALICIOUS": 0,
        "SANE": 0,
        "VALID": 0,
        "total": 2325
    },
    "percentage": {
        "ACTIVE": 99.6989247311828,
        "INACTIVE": 0.4229607250755287,
        "INVALID": 0,
        "MALICIOUS": 0,
        "SANE": 0,
        "VALID": 0,
        "total": 100.12188545625833
    }
}