{
    "counter": {
        "ACTIVE": 6938,
        "INACTIVE": 34,
        "INVALID": 0,
        "MALICIOUS": 0,
        "SANE": 0,
        "VALID": 0,
        "total": 6972
    },
    "percentage": {
        "ACTIVE": 99.51233505450372,
        "INACTIVE": 0.5558280202713749,
        "INVALID": 0,
        "MALICIOUS": 0,
        "SANE": 0,
        "VALID": 0,
        "total": 100.0681630747751
    }
}