{
    "counter": {
        "ACTIVE": 15611,
        "INACTIVE": 14,
        "INVALID": 0,
        "MALICIOUS": 0,
        "SANE": 0,
        "VALID": 0,
        "total": 15625
    },
    "percentage": {
        "ACTIVE": 99.9104,
        "INACTIVE": 0.09942475676443434,
        "INVALID": 0,
        "MALICIOUS": 0,
        "SANE": 0,
        "VALID": 0,
        "total": 100.00982475676443
    }
}