{
    "counter": {
        "ACTIVE": 16752,
        "INACTIVE": 29,
        "INVALID": 0,
        "MALICIOUS": 0,
        "SANE": 0,
        "VALID": 0,
        "total": 16781
    },
    "percentage": {
        "ACTIVE": 99.8271855074191,
        "INACTIVE": 0.17356954752214507,
        "INVALID": 0,
        "MALICIOUS": 0,
        "SANE": 0,
        "VALID": 0,
        "total": 100.00075505494125
    }
}