{
    "counter": {
        "ACTIVE": 215079,
        "INACTIVE": 13,
        "INVALID": 0,
        "MALICIOUS": 0,
        "SANE": 0,
        "VALID": 0,
        "total": 215092
    },
    "percentage": {
        "ACTIVE": 99.99395607460994,
        "INACTIVE": 0.010932086514850819,
        "INVALID": 0,
        "MALICIOUS": 0,
        "SANE": 0,
        "VALID": 0,
        "total": 100.0048881611248
    }
}