{
    "counter": {
        "ACTIVE": 13483,
        "INACTIVE": 3,
        "INVALID": 0,
        "MALICIOUS": 0,
        "SANE": 0,
        "VALID": 0,
        "total": 13486
    },
    "percentage": {
        "ACTIVE": 99.97775470858669,
        "INACTIVE": 0.025408655882103837,
        "INVALID": 0,
        "MALICIOUS": 0,
        "SANE": 0,
        "VALID": 0,
        "total": 100.00316336446879
    }
}