{
    "counter": {
        "ACTIVE": 14938,
        "INACTIVE": 10,
        "INVALID": 0,
        "MALICIOUS": 0,
        "SANE": 0,
        "VALID": 0,
        "total": 14948
    },
    "percentage": {
        "ACTIVE": 99.93310141824993,
        "INACTIVE": 0.08822232024702249,
        "INVALID": 0,
        "MALICIOUS": 0,
        "SANE": 0,
        "VALID": 0,
        "total": 100.02132373849696
    }
}