{
    "counter": {
        "ACTIVE": 156014,
        "INACTIVE": 13,
        "INVALID": 0,
        "MALICIOUS": 0,
        "SANE": 0,
        "VALID": 0,
        "total": 156027
    },
    "percentage": {
        "ACTIVE": 99.99166810872477,
        "INACTIVE": 0.010932086514850819,
        "INVALID": 0,
        "MALICIOUS": 0,
        "SANE": 0,
        "VALID": 0,
        "total": 100.00260019523962
    }
}