{
    "counter": {
        "ACTIVE": 11914,
        "INACTIVE": 22,
        "INVALID": 0,
        "MALICIOUS": 0,
        "SANE": 0,
        "VALID": 0,
        "total": 11936
    },
    "percentage": {
        "ACTIVE": 99.8156836461126,
        "INACTIVE": 0.3307773267177868,
        "INVALID": 0,
        "MALICIOUS": 0,
        "SANE": 0,
        "VALID": 0,
        "total": 100.1464609728304
    }
}