{
    "counter": {
        "ACTIVE": 9109,
        "INACTIVE": 20,
        "INVALID": 0,
        "MALICIOUS": 0,
        "SANE": 0,
        "VALID": 0,
        "total": 9129
    },
    "percentage": {
        "ACTIVE": 99.7809179537737,
        "INACTIVE": 0.2220988339811216,
        "INVALID": 0,
        "MALICIOUS": 0,
        "SANE": 0,
        "VALID": 0,
        "total": 100.00301678775482
    }
}