{
    "counter": {
        "ACTIVE": 18906,
        "INACTIVE": 7,
        "INVALID": 0,
        "MALICIOUS": 0,
        "SANE": 0,
        "VALID": 0,
        "total": 18913
    },
    "percentage": {
        "ACTIVE": 99.96298842066304,
        "INACTIVE": 0.037011579336963994,
        "INVALID": 0.0,
        "MALICIOUS": 0.0,
        "SANE": 0.0,
        "VALID": 0.0,
        "total": 100.0
    }
}