{
    "counter": {
        "ACTIVE": 16346,
        "INACTIVE": 25,
        "INVALID": 0,
        "MALICIOUS": 0,
        "SANE": 0,
        "VALID": 0,
        "total": 16371
    },
    "percentage": {
        "ACTIVE": 99.84729094129864,
        "INACTIVE": 0.15270905870136217,
        "INVALID": 0.0,
        "MALICIOUS": 0.0,
        "SANE": 0.0,
        "VALID": 0.0,
        "total": 100.0
    }
}