{
    "counter": {
        "ACTIVE": 15772,
        "INACTIVE": 4,
        "INVALID": 0,
        "MALICIOUS": 0,
        "SANE": 0,
        "VALID": 0,
        "total": 15776
    },
    "percentage": {
        "ACTIVE": 99.97464503042596,
        "INACTIVE": 0.08503401360544217,
        "INVALID": 0,
        "MALICIOUS": 0,
        "SANE": 0,
        "VALID": 0,
        "total": 100.0596790440314
    }
}