{
    "counter": {
        "ACTIVE": 11460,
        "INACTIVE": 5,
        "INVALID": 0,
        "MALICIOUS": 0,
        "SANE": 0,
        "VALID": 0,
        "total": 11465
    },
    "percentage": {
        "ACTIVE": 99.95638901003053,
        "INACTIVE": 0.066711140760507,
        "INVALID": 0,
        "MALICIOUS": 0,
        "SANE": 0,
        "VALID": 0,
        "total": 100.02310015079104
    }
}