{
    "counter": {
        "ACTIVE": 10003,
        "INACTIVE": 6,
        "INVALID": 0,
        "MALICIOUS": 0,
        "SANE": 0,
        "VALID": 0,
        "total": 10009
    },
    "percentage": {
        "ACTIVE": 99.9400539514437,
        "INACTIVE": 0.0644468313641246,
        "INVALID": 0,
        "MALICIOUS": 0,
        "SANE": 0,
        "VALID": 0,
        "total": 100.00450078280782
    }
}