{
    "counter": {
        "ACTIVE": 7388,
        "INACTIVE": 29,
        "INVALID": 0,
        "MALICIOUS": 0,
        "SANE": 0,
        "VALID": 0,
        "total": 7417
    },
    "percentage": {
        "ACTIVE": 99.60900633679385,
        "INACTIVE": 0.4114058731734998,
        "INVALID": 0,
        "MALICIOUS": 0,
        "SANE": 0,
        "VALID": 0,
        "total": 100.02041220996735
    }
}