{
    "counter": {
        "ACTIVE": 14951,
        "INACTIVE": 884,
        "INVALID": 0,
        "MALICIOUS": 0,
        "SANE": 0,
        "VALID": 0,
        "total": 15835
    },
    "percentage": {
        "ACTIVE": 94.41742974423745,
        "INACTIVE": 5.582570255762551,
        "INVALID": 0.0,
        "MALICIOUS": 0.0,
        "SANE": 0.0,
        "VALID": 0.0,
        "total": 100.0
    }
}