{
    "counter": {
        "ACTIVE": 16542,
        "INACTIVE": 31,
        "INVALID": 0,
        "MALICIOUS": 0,
        "SANE": 0,
        "VALID": 0,
        "total": 16573
    },
    "percentage": {
        "ACTIVE": 99.8129487720992,
        "INACTIVE": 0.24073930263260077,
        "INVALID": 0,
        "MALICIOUS": 0,
        "SANE": 0,
        "VALID": 0,
        "total": 100.05368807473181
    }
}