{
    "counter": {
        "ACTIVE": 100401,
        "INACTIVE": 10,
        "INVALID": 0,
        "MALICIOUS": 0,
        "SANE": 0,
        "VALID": 0,
        "total": 100411
    },
    "percentage": {
        "ACTIVE": 99.99004093177042,
        "INACTIVE": 0.02183549140773413,
        "INVALID": 0,
        "MALICIOUS": 0,
        "SANE": 0,
        "VALID": 0,
        "total": 100.01187642317815
    }
}