{
    "counter": {
        "ACTIVE": 5260,
        "INACTIVE": 13,
        "INVALID": 0,
        "MALICIOUS": 0,
        "SANE": 0,
        "VALID": 0,
        "total": 5273
    },
    "percentage": {
        "ACTIVE": 99.75346102787786,
        "INACTIVE": 0.2517915940344761,
        "INVALID": 0,
        "MALICIOUS": 0,
        "SANE": 0,
        "VALID": 0,
        "total": 100.00525262191233
    }
}