{
    "counter": {
        "ACTIVE": 10472,
        "INACTIVE": 4,
        "INVALID": 0,
        "MALICIOUS": 0,
        "SANE": 0,
        "VALID": 0,
        "total": 10476
    },
    "percentage": {
        "ACTIVE": 99.96181748759068,
        "INACTIVE": 0.040539170973953584,
        "INVALID": 0,
        "MALICIOUS": 0,
        "SANE": 0,
        "VALID": 0,
        "total": 100.00235665856464
    }
}