{
    "counter": {
        "ACTIVE": 6647,
        "INACTIVE": 1,
        "INVALID": 0,
        "MALICIOUS": 0,
        "SANE": 0,
        "VALID": 0,
        "total": 6648
    },
    "percentage": {
        "ACTIVE": 99.98495788206979,
        "INACTIVE": 0.024354603019970774,
        "INVALID": 0,
        "MALICIOUS": 0,
        "SANE": 0,
        "VALID": 0,
        "total": 100.00931248508977
    }
}