{
    "counter": {
        "ACTIVE": 4817,
        "INACTIVE": 5,
        "INVALID": 0,
        "MALICIOUS": 0,
        "SANE": 0,
        "VALID": 0,
        "total": 4822
    },
    "percentage": {
        "ACTIVE": 99.89630858564911,
        "INACTIVE": 0.13601741022850924,
        "INVALID": 0,
        "MALICIOUS": 0,
        "SANE": 0,
        "VALID": 0,
        "total": 100.03232599587761
    }
}