{
    "counter": {
        "ACTIVE": 16873,
        "INACTIVE": 11,
        "INVALID": 0,
        "MALICIOUS": 0,
        "SANE": 0,
        "VALID": 0,
        "total": 16884
    },
    "percentage": {
        "ACTIVE": 99.93484956171524,
        "INACTIVE": 0.06515043828476665,
        "INVALID": 0.0,
        "MALICIOUS": 0.0,
        "SANE": 0.0,
        "VALID": 0.0,
        "total": 100.0
    }
}