{
    "counter": {
        "ACTIVE": 5515,
        "INACTIVE": 2,
        "INVALID": 0,
        "MALICIOUS": 0,
        "SANE": 0,
        "VALID": 0,
        "total": 5517
    },
    "percentage": {
        "ACTIVE": 99.96374841399312,
        "INACTIVE": 0.11926058437686345,
        "INVALID": 0,
        "MALICIOUS": 0,
        "SANE": 0,
        "VALID": 0,
        "total": 100.08300899836998
    }
}