{
    "counter": {
        "ACTIVE": 13840,
        "INACTIVE": 6,
        "INVALID": 0,
        "MALICIOUS": 0,
        "SANE": 0,
        "VALID": 0,
        "total": 13846
    },
    "percentage": {
        "ACTIVE": 99.95666618517984,
        "INACTIVE": 0.048967599771484537,
        "INVALID": 0,
        "MALICIOUS": 0,
        "SANE": 0,
        "VALID": 0,
        "total": 100.00563378495133
    }
}