{
    "counter": {
        "ACTIVE": 6207,
        "INACTIVE": 4,
        "INVALID": 0,
        "MALICIOUS": 0,
        "SANE": 0,
        "VALID": 0,
        "total": 6211
    },
    "percentage": {
        "ACTIVE": 99.93559813234585,
        "INACTIVE": 0.06608293408227325,
        "INVALID": 0,
        "MALICIOUS": 0,
        "SANE": 0,
        "VALID": 0,
        "total": 100.00168106642812
    }
}