{
    "counter": {
        "ACTIVE": 8385,
        "INACTIVE": 22,
        "INVALID": 0,
        "MALICIOUS": 0,
        "SANE": 0,
        "VALID": 0,
        "total": 8407
    },
    "percentage": {
        "ACTIVE": 99.73831331033662,
        "INACTIVE": 0.27482823235477827,
        "INVALID": 0,
        "MALICIOUS": 0,
        "SANE": 0,
        "VALID": 0,
        "total": 100.0131415426914
    }
}