{
    "counter": {
        "ACTIVE": 7479,
        "INACTIVE": 13,
        "INVALID": 0,
        "MALICIOUS": 0,
        "SANE": 0,
        "VALID": 0,
        "total": 7492
    },
    "percentage": {
        "ACTIVE": 99.82648158035238,
        "INACTIVE": 0.27213732468076196,
        "INVALID": 0,
        "MALICIOUS": 0,
        "SANE": 0,
        "VALID": 0,
        "total": 100.09861890503313
    }
}