{
    "counter": {
        "ACTIVE": 16017,
        "INACTIVE": 7,
        "INVALID": 0,
        "MALICIOUS": 0,
        "SANE": 0,
        "VALID": 0,
        "total": 16024
    },
    "percentage": {
        "ACTIVE": 99.95631552670993,
        "INACTIVE": 0.0477196809598473,
        "INVALID": 0,
        "MALICIOUS": 0,
        "SANE": 0,
        "VALID": 0,
        "total": 100.00403520766977
    }
}