{
    "counter": {
        "ACTIVE": 4102,
        "INACTIVE": 1,
        "INVALID": 0,
        "MALICIOUS": 0,
        "SANE": 0,
        "VALID": 0,
        "total": 4103
    },
    "percentage": {
        "ACTIVE": 99.9756275895686,
        "INACTIVE": 0.21141649048625794,
        "INVALID": 0,
        "MALICIOUS": 0,
        "SANE": 0,
        "VALID": 0,
        "total": 100.18704408005486
    }
}