{
    "counter": {
        "ACTIVE": 27640,
        "INACTIVE": 36,
        "INVALID": 1,
        "MALICIOUS": 0,
        "SANE": 0,
        "VALID": 0,
        "total": 27677
    },
    "percentage": {
        "ACTIVE": 99.86631499078658,
        "INACTIVE": 0.1837953744830755,
        "INVALID": 0.010577533319229955,
        "MALICIOUS": 0,
        "SANE": 0,
        "VALID": 0,
        "total": 100.06068789858888
    }
}