{
    "counter": {
        "ACTIVE": 16847,
        "INACTIVE": 36,
        "INVALID": 0,
        "MALICIOUS": 0,
        "SANE": 0,
        "VALID": 0,
        "total": 16883
    },
    "percentage": {
        "ACTIVE": 99.78676775454599,
        "INACTIVE": 0.33222591362126247,
        "INVALID": 0,
        "MALICIOUS": 0,
        "SANE": 0,
        "VALID": 0,
        "total": 100.11899366816725
    }
}