{
    "counter": {
        "ACTIVE": 14513,
        "INACTIVE": 2,
        "INVALID": 0,
        "MALICIOUS": 0,
        "SANE": 0,
        "VALID": 0,
        "total": 14515
    },
    "percentage": {
        "ACTIVE": 99.98622115053394,
        "INACTIVE": 0.016488046166529265,
        "INVALID": 0,
        "MALICIOUS": 0,
        "SANE": 0,
        "VALID": 0,
        "total": 100.00270919670047
    }
}