{
    "counter": {
        "ACTIVE": 18875,
        "INACTIVE": 4,
        "INVALID": 0,
        "MALICIOUS": 0,
        "SANE": 0,
        "VALID": 0,
        "total": 18879
    },
    "percentage": {
        "ACTIVE": 99.97881243709942,
        "INACTIVE": 0.021187562900577363,
        "INVALID": 0.0,
        "MALICIOUS": 0.0,
        "SANE": 0.0,
        "VALID": 0.0,
        "total": 100.0
    }
}