{
    "counter": {
        "ACTIVE": 199194,
        "INACTIVE": 13,
        "INVALID": 0,
        "MALICIOUS": 0,
        "SANE": 0,
        "VALID": 0,
        "total": 199207
    },
    "percentage": {
        "ACTIVE": 99.99347412490525,
        "INACTIVE": 0.010932086514850819,
        "INVALID": 0,
        "MALICIOUS": 0,
        "SANE": 0,
        "VALID": 0,
        "total": 100.0044062114201
    }
}