{
    "counter": {
        "ACTIVE": 13218,
        "INACTIVE": 3,
        "INVALID": 0,
        "MALICIOUS": 0,
        "SANE": 0,
        "VALID": 0,
        "total": 13221
    },
    "percentage": {
        "ACTIVE": 99.97730882686635,
        "INACTIVE": 0.05185825410544512,
        "INVALID": 0,
        "MALICIOUS": 0,
        "SANE": 0,
        "VALID": 0,
        "total": 100.02916708097179
    }
}