{
    "counter": {
        "ACTIVE": 16721,
        "INACTIVE": 9,
        "INVALID": 0,
        "MALICIOUS": 0,
        "SANE": 0,
        "VALID": 0,
        "total": 16730
    },
    "percentage": {
        "ACTIVE": 99.94620442319187,
        "INACTIVE": 0.05379557680812911,
        "INVALID": 0.0,
        "MALICIOUS": 0.0,
        "SANE": 0.0,
        "VALID": 0.0,
        "total": 100.0
    }
}