{
    "counter": {
        "ACTIVE": 3837,
        "INACTIVE": 12,
        "INVALID": 0,
        "MALICIOUS": 0,
        "SANE": 0,
        "VALID": 0,
        "total": 3849
    },
    "percentage": {
        "ACTIVE": 99.68823070927513,
        "INACTIVE": 0.32336297493936944,
        "INVALID": 0,
        "MALICIOUS": 0,
        "SANE": 0,
        "VALID": 0,
        "total": 100.0115936842145
    }
}