{
    "counter": {
        "ACTIVE": 15374,
        "INACTIVE": 911,
        "INVALID": 0,
        "MALICIOUS": 0,
        "SANE": 0,
        "VALID": 0,
        "total": 16285
    },
    "percentage": {
        "ACTIVE": 94.40589499539453,
        "INACTIVE": 5.594105004605465,
        "INVALID": 0.0,
        "MALICIOUS": 0.0,
        "SANE": 0.0,
        "VALID": 0.0,
        "total": 100.0
    }
}