{
    "counter": {
        "ACTIVE": 12043,
        "INACTIVE": 2,
        "INVALID": 0,
        "MALICIOUS": 0,
        "SANE": 0,
        "VALID": 0,
        "total": 12045
    },
    "percentage": {
        "ACTIVE": 99.98339559983395,
        "INACTIVE": 0.023258518432375856,
        "INVALID": 0,
        "MALICIOUS": 0,
        "SANE": 0,
        "VALID": 0,
        "total": 100.00665411826633
    }
}