{
    "counter": {
        "ACTIVE": 15153,
        "INACTIVE": 2,
        "INVALID": 0,
        "MALICIOUS": 0,
        "SANE": 0,
        "VALID": 0,
        "total": 15155
    },
    "percentage": {
        "ACTIVE": 99.98680303530188,
        "INACTIVE": 0.03471017007983339,
        "INVALID": 0,
        "MALICIOUS": 0,
        "SANE": 0,
        "VALID": 0,
        "total": 100.02151320538171
    }
}