{
    "counter": {
        "ACTIVE": 50302,
        "INACTIVE": 10,
        "INVALID": 0,
        "MALICIOUS": 0,
        "SANE": 0,
        "VALID": 0,
        "total": 50312
    },
    "percentage": {
        "ACTIVE": 99.98012402607728,
        "INACTIVE": 0.02183549140773413,
        "INVALID": 0,
        "MALICIOUS": 0,
        "SANE": 0,
        "VALID": 0,
        "total": 100.001959517485
    }
}