{
    "counter": {
        "ACTIVE": 226623,
        "INACTIVE": 14,
        "INVALID": 0,
        "MALICIOUS": 0,
        "SANE": 0,
        "VALID": 0,
        "total": 226637
    },
    "percentage": {
        "ACTIVE": 99.99382272091495,
        "INACTIVE": 0.006299212598425197,
        "INVALID": 0,
        "MALICIOUS": 0,
        "SANE": 0,
        "VALID": 0,
        "total": 100.00012193351337
    }
}