{
    "counter": {
        "ACTIVE": 10320,
        "INACTIVE": 6,
        "INVALID": 0,
        "MALICIOUS": 0,
        "SANE": 0,
        "VALID": 0,
        "total": 10326
    },
    "percentage": {
        "ACTIVE": 99.9418942475305,
        "INACTIVE": 0.06113715100876299,
        "INVALID": 0,
        "MALICIOUS": 0,
        "SANE": 0,
        "VALID": 0,
        "total": 100.00303139853926
    }
}