{
    "counter": {
        "ACTIVE": 73232,
        "INACTIVE": 10,
        "INVALID": 0,
        "MALICIOUS": 0,
        "SANE": 0,
        "VALID": 0,
        "total": 73242
    },
    "percentage": {
        "ACTIVE": 99.98634663171404,
        "INACTIVE": 0.02183549140773413,
        "INVALID": 0,
        "MALICIOUS": 0,
        "SANE": 0,
        "VALID": 0,
        "total": 100.00818212312177
    }
}