{
    "counter": {
        "ACTIVE": 13975,
        "INACTIVE": 31,
        "INVALID": 0,
        "MALICIOUS": 0,
        "SANE": 0,
        "VALID": 0,
        "total": 14006
    },
    "percentage": {
        "ACTIVE": 99.77866628587748,
        "INACTIVE": 0.2251434381581814,
        "INVALID": 0,
        "MALICIOUS": 0,
        "SANE": 0,
        "VALID": 0,
        "total": 100.00380972403566
    }
}