{
    "counter": {
        "ACTIVE": 15815,
        "INACTIVE": 9,
        "INVALID": 0,
        "MALICIOUS": 0,
        "SANE": 0,
        "VALID": 0,
        "total": 15824
    },
    "percentage": {
        "ACTIVE": 99.94312436804853,
        "INACTIVE": 0.057814607824243594,
        "INVALID": 0,
        "MALICIOUS": 0,
        "SANE": 0,
        "VALID": 0,
        "total": 100.00093897587277
    }
}