{
    "counter": {
        "ACTIVE": 16891,
        "INACTIVE": 28,
        "INVALID": 0,
        "MALICIOUS": 0,
        "SANE": 0,
        "VALID": 0,
        "total": 16919
    },
    "percentage": {
        "ACTIVE": 99.83450558543649,
        "INACTIVE": 0.19343696027633853,
        "INVALID": 0,
        "MALICIOUS": 0,
        "SANE": 0,
        "VALID": 0,
        "total": 100.02794254571283
    }
}