{
    "counter": {
        "ACTIVE": 13408,
        "INACTIVE": 2,
        "INVALID": 0,
        "MALICIOUS": 0,
        "SANE": 0,
        "VALID": 0,
        "total": 13410
    },
    "percentage": {
        "ACTIVE": 99.98508575689783,
        "INACTIVE": 0.04096681687832855,
        "INVALID": 0,
        "MALICIOUS": 0,
        "SANE": 0,
        "VALID": 0,
        "total": 100.02605257377616
    }
}