{
    "counter": {
        "ACTIVE": 15985,
        "INACTIVE": 18,
        "INVALID": 0,
        "MALICIOUS": 0,
        "SANE": 0,
        "VALID": 0,
        "total": 16003
    },
    "percentage": {
        "ACTIVE": 99.88752108979567,
        "INACTIVE": 0.1601993592025632,
        "INVALID": 0,
        "MALICIOUS": 0,
        "SANE": 0,
        "VALID": 0,
        "total": 100.04772044899823
    }
}