{
    "counter": {
        "ACTIVE": 13606,
        "INACTIVE": 6,
        "INVALID": 0,
        "MALICIOUS": 0,
        "SANE": 0,
        "VALID": 0,
        "total": 13612
    },
    "percentage": {
        "ACTIVE": 99.95592124595944,
        "INACTIVE": 0.04439511653718091,
        "INVALID": 0,
        "MALICIOUS": 0,
        "SANE": 0,
        "VALID": 0,
        "total": 100.00031636249662
    }
}