{
    "counter": {
        "ACTIVE": 3639,
        "INACTIVE": 37,
        "INVALID": 0,
        "MALICIOUS": 0,
        "SANE": 0,
        "VALID": 0,
        "total": 3676
    },
    "percentage": {
        "ACTIVE": 98.99347116430903,
        "INACTIVE": 1.0920897284533648,
        "INVALID": 0,
        "MALICIOUS": 0,
        "SANE": 0,
        "VALID": 0,
        "total": 100.08556089276239
    }
}