{
    "counter": {
        "ACTIVE": 15270,
        "INACTIVE": 5,
        "INVALID": 0,
        "MALICIOUS": 0,
        "SANE": 0,
        "VALID": 0,
        "total": 15275
    },
    "percentage": {
        "ACTIVE": 99.96726677577742,
        "INACTIVE": 0.05283178360101437,
        "INVALID": 0,
        "MALICIOUS": 0,
        "SANE": 0,
        "VALID": 0,
        "total": 100.02009855937843
    }
}