{
    "counter": {
        "ACTIVE": 6160,
        "INACTIVE": 1,
        "INVALID": 0,
        "MALICIOUS": 0,
        "SANE": 0,
        "VALID": 0,
        "total": 6161
    },
    "percentage": {
        "ACTIVE": 99.98376886869015,
        "INACTIVE": 0.019916351324437365,
        "INVALID": 0,
        "MALICIOUS": 0,
        "SANE": 0,
        "VALID": 0,
        "total": 100.00368522001459
    }
}