{
    "counter": {
        "ACTIVE": 11501,
        "INACTIVE": 4,
        "INVALID": 0,
        "MALICIOUS": 0,
        "SANE": 0,
        "VALID": 0,
        "total": 11505
    },
    "percentage": {
        "ACTIVE": 99.96523250760539,
        "INACTIVE": 0.10802052389954091,
        "INVALID": 0,
        "MALICIOUS": 0,
        "SANE": 0,
        "VALID": 0,
        "total": 100.07325303150493
    }
}