{
    "counter": {
        "ACTIVE": 40206,
        "INACTIVE": 35,
        "INVALID": 0,
        "MALICIOUS": 0,
        "SANE": 0,
        "VALID": 0,
        "total": 40241
    },
    "percentage": {
        "ACTIVE": 99.91302403021794,
        "INACTIVE": 0.18809114359415305,
        "INVALID": 0,
        "MALICIOUS": 0,
        "SANE": 0,
        "VALID": 0,
        "total": 100.10111517381209
    }
}