{
    "counter": {
        "ACTIVE": 15447,
        "INACTIVE": 2,
        "INVALID": 0,
        "MALICIOUS": 0,
        "SANE": 0,
        "VALID": 0,
        "total": 15449
    },
    "percentage": {
        "ACTIVE": 99.98705417826396,
        "INACTIVE": 0.01349345567399811,
        "INVALID": 0,
        "MALICIOUS": 0,
        "SANE": 0,
        "VALID": 0,
        "total": 100.00054763393796
    }
}