{
    "counter": {
        "ACTIVE": 14988,
        "INACTIVE": 7,
        "INVALID": 0,
        "MALICIOUS": 0,
        "SANE": 0,
        "VALID": 0,
        "total": 14995
    },
    "percentage": {
        "ACTIVE": 99.95331777259086,
        "INACTIVE": 0.0477196809598473,
        "INVALID": 0,
        "MALICIOUS": 0,
        "SANE": 0,
        "VALID": 0,
        "total": 100.00103745355071
    }
}