{
    "counter": {
        "ACTIVE": 5319,
        "INACTIVE": 13,
        "INVALID": 0,
        "MALICIOUS": 0,
        "SANE": 0,
        "VALID": 0,
        "total": 5332
    },
    "percentage": {
        "ACTIVE": 99.75618904726181,
        "INACTIVE": 0.26865054763380863,
        "INVALID": 0,
        "MALICIOUS": 0,
        "SANE": 0,
        "VALID": 0,
        "total": 100.02483959489562
    }
}