{
    "counter": {
        "ACTIVE": 13629,
        "INACTIVE": 2,
        "INVALID": 0,
        "MALICIOUS": 0,
        "SANE": 0,
        "VALID": 0,
        "total": 13631
    },
    "percentage": {
        "ACTIVE": 99.98532756217446,
        "INACTIVE": 0.017627357659086903,
        "INVALID": 0,
        "MALICIOUS": 0,
        "SANE": 0,
        "VALID": 0,
        "total": 100.00295491983354
    }
}