{
    "counter": {
        "ACTIVE": 14026,
        "INACTIVE": 2,
        "INVALID": 0,
        "MALICIOUS": 0,
        "SANE": 0,
        "VALID": 0,
        "total": 14028
    },
    "percentage": {
        "ACTIVE": 99.98574280011405,
        "INACTIVE": 0.03471017007983339,
        "INVALID": 0,
        "MALICIOUS": 0,
        "SANE": 0,
        "VALID": 0,
        "total": 100.02045297019389
    }
}