{
    "counter": {
        "ACTIVE": 6969,
        "INACTIVE": 15,
        "INVALID": 0,
        "MALICIOUS": 0,
        "SANE": 0,
        "VALID": 0,
        "total": 6984
    },
    "percentage": {
        "ACTIVE": 99.7852233676976,
        "INACTIVE": 0.22404779686333084,
        "INVALID": 0,
        "MALICIOUS": 0,
        "SANE": 0,
        "VALID": 0,
        "total": 100.00927116456093
    }
}