{
    "counter": {
        "ACTIVE": 13538,
        "INACTIVE": 2,
        "INVALID": 0,
        "MALICIOUS": 0,
        "SANE": 0,
        "VALID": 0,
        "total": 13540
    },
    "percentage": {
        "ACTIVE": 99.98522895125554,
        "INACTIVE": 0.03471017007983339,
        "INVALID": 0,
        "MALICIOUS": 0,
        "SANE": 0,
        "VALID": 0,
        "total": 100.01993912133537
    }
}