{
    "counter": {
        "ACTIVE": 15162,
        "INACTIVE": 37,
        "INVALID": 0,
        "MALICIOUS": 0,
        "SANE": 0,
        "VALID": 0,
        "total": 15199
    },
    "percentage": {
        "ACTIVE": 99.75656293177182,
        "INACTIVE": 0.285010013865352,
        "INVALID": 0,
        "MALICIOUS": 0,
        "SANE": 0,
        "VALID": 0,
        "total": 100.04157294563717
    }
}