{
    "counter": {
        "ACTIVE": 14882,
        "INACTIVE": 4,
        "INVALID": 0,
        "MALICIOUS": 0,
        "SANE": 0,
        "VALID": 0,
        "total": 14886
    },
    "percentage": {
        "ACTIVE": 99.97312911460433,
        "INACTIVE": 0.03755868544600939,
        "INVALID": 0,
        "MALICIOUS": 0,
        "SANE": 0,
        "VALID": 0,
        "total": 100.01068780005035
    }
}