{
    "counter": {
        "ACTIVE": 15887,
        "INACTIVE": 38,
        "INVALID": 0,
        "MALICIOUS": 0,
        "SANE": 0,
        "VALID": 0,
        "total": 15925
    },
    "percentage": {
        "ACTIVE": 99.76138147566719,
        "INACTIVE": 0.25423161838496017,
        "INVALID": 0,
        "MALICIOUS": 0,
        "SANE": 0,
        "VALID": 0,
        "total": 100.01561309405216
    }
}