{
    "counter": {
        "ACTIVE": 16257,
        "INACTIVE": 5,
        "INVALID": 0,
        "MALICIOUS": 0,
        "SANE": 0,
        "VALID": 0,
        "total": 16262
    },
    "percentage": {
        "ACTIVE": 99.9692534743574,
        "INACTIVE": 0.03126367785906334,
        "INVALID": 0,
        "MALICIOUS": 0,
        "SANE": 0,
        "VALID": 0,
        "total": 100.00051715221646
    }
}