{
    "counter": {
        "ACTIVE": 16720,
        "INACTIVE": 8,
        "INVALID": 0,
        "MALICIOUS": 0,
        "SANE": 0,
        "VALID": 0,
        "total": 16728
    },
    "percentage": {
        "ACTIVE": 99.95217599234816,
        "INACTIVE": 0.06608293408227325,
        "INVALID": 0,
        "MALICIOUS": 0,
        "SANE": 0,
        "VALID": 0,
        "total": 100.01825892643043
    }
}