{
    "counter": {
        "ACTIVE": 5280,
        "INACTIVE": 19,
        "INVALID": 0,
        "MALICIOUS": 0,
        "SANE": 0,
        "VALID": 0,
        "total": 5299
    },
    "percentage": {
        "ACTIVE": 99.6414417814682,
        "INACTIVE": 0.37758346581875996,
        "INVALID": 0,
        "MALICIOUS": 0,
        "SANE": 0,
        "VALID": 0,
        "total": 100.01902524728696
    }
}