{
    "counter": {
        "ACTIVE": 18892,
        "INACTIVE": 8,
        "INVALID": 0,
        "MALICIOUS": 0,
        "SANE": 0,
        "VALID": 0,
        "total": 18900
    },
    "percentage": {
        "ACTIVE": 99.95767195767196,
        "INACTIVE": 0.042328042328042326,
        "INVALID": 0.0,
        "MALICIOUS": 0.0,
        "SANE": 0.0,
        "VALID": 0.0,
        "total": 100.0
    }
}