{
    "counter": {
        "ACTIVE": 6769,
        "INACTIVE": 187,
        "INVALID": 0,
        "MALICIOUS": 0,
        "SANE": 0,
        "VALID": 0,
        "total": 6956
    },
    "percentage": {
        "ACTIVE": 97.31167337550316,
        "INACTIVE": 2.691809414135598,
        "INVALID": 0,
        "MALICIOUS": 0,
        "SANE": 0,
        "VALID": 0,
        "total": 100.00348278963875
    }
}