{
    "counter": {
        "ACTIVE": 12770,
        "INACTIVE": 5,
        "INVALID": 0,
        "MALICIOUS": 0,
        "SANE": 0,
        "VALID": 0,
        "total": 12775
    },
    "percentage": {
        "ACTIVE": 99.96086105675147,
        "INACTIVE": 0.05283178360101437,
        "INVALID": 0,
        "MALICIOUS": 0,
        "SANE": 0,
        "VALID": 0,
        "total": 100.01369284035248
    }
}