{
    "counter": {
        "ACTIVE": 13160,
        "INACTIVE": 20,
        "INVALID": 0,
        "MALICIOUS": 0,
        "SANE": 0,
        "VALID": 0,
        "total": 13180
    },
    "percentage": {
        "ACTIVE": 99.84825493171472,
        "INACTIVE": 0.16701461377870563,
        "INVALID": 0,
        "MALICIOUS": 0,
        "SANE": 0,
        "VALID": 0,
        "total": 100.01526954549342
    }
}