{
    "counter": {
        "ACTIVE": 5844,
        "INACTIVE": 21,
        "INVALID": 0,
        "MALICIOUS": 0,
        "SANE": 0,
        "VALID": 0,
        "total": 5865
    },
    "percentage": {
        "ACTIVE": 99.64194373401534,
        "INACTIVE": 0.38181818181818183,
        "INVALID": 0,
        "MALICIOUS": 0,
        "SANE": 0,
        "VALID": 0,
        "total": 100.02376191583352
    }
}