{
    "counter": {
        "ACTIVE": 16916,
        "INACTIVE": 4,
        "INVALID": 0,
        "MALICIOUS": 0,
        "SANE": 0,
        "VALID": 0,
        "total": 16920
    },
    "percentage": {
        "ACTIVE": 99.97635933806147,
        "INACTIVE": 0.03021376236875897,
        "INVALID": 0,
        "MALICIOUS": 0,
        "SANE": 0,
        "VALID": 0,
        "total": 100.00657310043023
    }
}