{
    "counter": {
        "ACTIVE": 13696,
        "INACTIVE": 47,
        "INVALID": 0,
        "MALICIOUS": 0,
        "SANE": 0,
        "VALID": 0,
        "total": 13743
    },
    "percentage": {
        "ACTIVE": 99.65800771301754,
        "INACTIVE": 0.35522636233088956,
        "INVALID": 0,
        "MALICIOUS": 0,
        "SANE": 0,
        "VALID": 0,
        "total": 100.01323407534844
    }
}