{
    "counter": {
        "ACTIVE": 9881,
        "INACTIVE": 28,
        "INVALID": 0,
        "MALICIOUS": 0,
        "SANE": 0,
        "VALID": 0,
        "total": 9909
    },
    "percentage": {
        "ACTIVE": 99.7174286002624,
        "INACTIVE": 0.35718841688990943,
        "INVALID": 0,
        "MALICIOUS": 0,
        "SANE": 0,
        "VALID": 0,
        "total": 100.0746170171523
    }
}