{
    "counter": {
        "ACTIVE": 15361,
        "INACTIVE": 6,
        "INVALID": 0,
        "MALICIOUS": 0,
        "SANE": 0,
        "VALID": 0,
        "total": 15367
    },
    "percentage": {
        "ACTIVE": 99.96095529381141,
        "INACTIVE": 0.04785452225235285,
        "INVALID": 0,
        "MALICIOUS": 0,
        "SANE": 0,
        "VALID": 0,
        "total": 100.00880981606376
    }
}