{
    "counter": {
        "ACTIVE": 31197,
        "INACTIVE": 4,
        "INVALID": 0,
        "MALICIOUS": 0,
        "SANE": 0,
        "VALID": 0,
        "total": 31201
    },
    "percentage": {
        "ACTIVE": 99.98717989808019,
        "INACTIVE": 0.013466199838405602,
        "INVALID": 0,
        "MALICIOUS": 0,
        "SANE": 0,
        "VALID": 0,
        "total": 100.00064609791859
    }
}