{
    "counter": {
        "ACTIVE": 7852,
        "INACTIVE": 3,
        "INVALID": 0,
        "MALICIOUS": 0,
        "SANE": 0,
        "VALID": 0,
        "total": 7855
    },
    "percentage": {
        "ACTIVE": 99.9618077657543,
        "INACTIVE": 0.040328001075413365,
        "INVALID": 0,
        "MALICIOUS": 0,
        "SANE": 0,
        "VALID": 0,
        "total": 100.00213576682971
    }
}