{
    "counter": {
        "ACTIVE": 9314,
        "INACTIVE": 19,
        "INVALID": 0,
        "MALICIOUS": 0,
        "SANE": 0,
        "VALID": 0,
        "total": 9333
    },
    "percentage": {
        "ACTIVE": 99.79642130076074,
        "INACTIVE": 0.22651406771578445,
        "INVALID": 0,
        "MALICIOUS": 0,
        "SANE": 0,
        "VALID": 0,
        "total": 100.02293536847652
    }
}