{
    "counter": {
        "ACTIVE": 10304,
        "INACTIVE": 462,
        "INVALID": 0,
        "MALICIOUS": 0,
        "SANE": 0,
        "VALID": 0,
        "total": 10766
    },
    "percentage": {
        "ACTIVE": 95.70871261378413,
        "INACTIVE": 4.307290695506246,
        "INVALID": 0,
        "MALICIOUS": 0,
        "SANE": 0,
        "VALID": 0,
        "total": 100.01600330929037
    }
}