{
    "counter": {
        "ACTIVE": 3033,
        "INACTIVE": 5,
        "INVALID": 0,
        "MALICIOUS": 0,
        "SANE": 0,
        "VALID": 0,
        "total": 3038
    },
    "percentage": {
        "ACTIVE": 99.83541803818302,
        "INACTIVE": 0.17259233690024162,
        "INVALID": 0,
        "MALICIOUS": 0,
        "SANE": 0,
        "VALID": 0,
        "total": 100.00801037508326
    }
}