{
    "counter": {
        "ACTIVE": 18892,
        "INACTIVE": 9,
        "INVALID": 0,
        "MALICIOUS": 0,
        "SANE": 0,
        "VALID": 0,
        "total": 18901
    },
    "percentage": {
        "ACTIVE": 99.95238347177398,
        "INACTIVE": 0.047616528226019784,
        "INVALID": 0.0,
        "MALICIOUS": 0.0,
        "SANE": 0.0,
        "VALID": 0.0,
        "total": 100.0
    }
}