{
    "counter": {
        "ACTIVE": 14391,
        "INACTIVE": 53,
        "INVALID": 0,
        "MALICIOUS": 0,
        "SANE": 0,
        "VALID": 0,
        "total": 14444
    },
    "percentage": {
        "ACTIVE": 99.6330656327887,
        "INACTIVE": 0.3878237962827455,
        "INVALID": 0,
        "MALICIOUS": 0,
        "SANE": 0,
        "VALID": 0,
        "total": 100.02088942907145
    }
}