{
    "counter": {
        "ACTIVE": 218599,
        "INACTIVE": 13,
        "INVALID": 0,
        "MALICIOUS": 0,
        "SANE": 0,
        "VALID": 0,
        "total": 218612
    },
    "percentage": {
        "ACTIVE": 99.99405339139663,
        "INACTIVE": 0.010932086514850819,
        "INVALID": 0,
        "MALICIOUS": 0,
        "SANE": 0,
        "VALID": 0,
        "total": 100.00498547791149
    }
}