{
    "counter": {
        "ACTIVE": 11895,
        "INACTIVE": 2,
        "INVALID": 0,
        "MALICIOUS": 0,
        "SANE": 0,
        "VALID": 0,
        "total": 11897
    },
    "percentage": {
        "ACTIVE": 99.98318903925359,
        "INACTIVE": 0.04096681687832855,
        "INVALID": 0,
        "MALICIOUS": 0,
        "SANE": 0,
        "VALID": 0,
        "total": 100.02415585613191
    }
}