{
    "counter": {
        "ACTIVE": 16248,
        "INACTIVE": 3,
        "INVALID": 0,
        "MALICIOUS": 0,
        "SANE": 0,
        "VALID": 0,
        "total": 16251
    },
    "percentage": {
        "ACTIVE": 99.98153959756323,
        "INACTIVE": 0.019719976336028396,
        "INVALID": 0,
        "MALICIOUS": 0,
        "SANE": 0,
        "VALID": 0,
        "total": 100.00125957389926
    }
}