{
    "counter": {
        "ACTIVE": 7947,
        "INACTIVE": 27,
        "INVALID": 0,
        "MALICIOUS": 0,
        "SANE": 0,
        "VALID": 0,
        "total": 7974
    },
    "percentage": {
        "ACTIVE": 99.66139954853273,
        "INACTIVE": 0.37651652489192583,
        "INVALID": 0,
        "MALICIOUS": 0,
        "SANE": 0,
        "VALID": 0,
        "total": 100.03791607342465
    }
}