{
    "counter": {
        "ACTIVE": 4060,
        "INACTIVE": 2,
        "INVALID": 0,
        "MALICIOUS": 0,
        "SANE": 0,
        "VALID": 0,
        "total": 4062
    },
    "percentage": {
        "ACTIVE": 99.9507631708518,
        "INACTIVE": 0.05649717514124294,
        "INVALID": 0,
        "MALICIOUS": 0,
        "SANE": 0,
        "VALID": 0,
        "total": 100.00726034599305
    }
}