{
    "counter": {
        "ACTIVE": 14932,
        "INACTIVE": 20,
        "INVALID": 0,
        "MALICIOUS": 0,
        "SANE": 0,
        "VALID": 0,
        "total": 14952
    },
    "percentage": {
        "ACTIVE": 99.86623863028358,
        "INACTIVE": 0.13455328310010764,
        "INVALID": 0,
        "MALICIOUS": 0,
        "SANE": 0,
        "VALID": 0,
        "total": 100.00079191338368
    }
}