{
    "counter": {
        "ACTIVE": 15610,
        "INACTIVE": 31,
        "INVALID": 0,
        "MALICIOUS": 0,
        "SANE": 0,
        "VALID": 0,
        "total": 15641
    },
    "percentage": {
        "ACTIVE": 99.80180295377534,
        "INACTIVE": 0.24073930263260077,
        "INVALID": 0,
        "MALICIOUS": 0,
        "SANE": 0,
        "VALID": 0,
        "total": 100.04254225640794
    }
}