{
    "counter": {
        "ACTIVE": 18854,
        "INACTIVE": 1,
        "INVALID": 0,
        "MALICIOUS": 0,
        "SANE": 0,
        "VALID": 0,
        "total": 18855
    },
    "percentage": {
        "ACTIVE": 99.9946963670114,
        "INACTIVE": 0.005303632988597189,
        "INVALID": 0.0,
        "MALICIOUS": 0.0,
        "SANE": 0.0,
        "VALID": 0.0,
        "total": 100.0
    }
}