{
    "counter": {
        "ACTIVE": 10351,
        "INACTIVE": 14,
        "INVALID": 0,
        "MALICIOUS": 0,
        "SANE": 0,
        "VALID": 0,
        "total": 10365
    },
    "percentage": {
        "ACTIVE": 99.86493005306319,
        "INACTIVE": 0.1469970600587988,
        "INVALID": 0,
        "MALICIOUS": 0,
        "SANE": 0,
        "VALID": 0,
        "total": 100.01192711312198
    }
}