{
    "counter": {
        "ACTIVE": 11898,
        "INACTIVE": 3,
        "INVALID": 0,
        "MALICIOUS": 0,
        "SANE": 0,
        "VALID": 0,
        "total": 11901
    },
    "percentage": {
        "ACTIVE": 99.97479203428283,
        "INACTIVE": 0.08027829810008028,
        "INVALID": 0,
        "MALICIOUS": 0,
        "SANE": 0,
        "VALID": 0,
        "total": 100.05507033238291
    }
}