{
    "counter": {
        "ACTIVE": 17219,
        "INACTIVE": 22,
        "INVALID": 0,
        "MALICIOUS": 0,
        "SANE": 0,
        "VALID": 0,
        "total": 17241
    },
    "percentage": {
        "ACTIVE": 99.87239719273823,
        "INACTIVE": 0.1770053906187143,
        "INVALID": 0,
        "MALICIOUS": 0,
        "SANE": 0,
        "VALID": 0,
        "total": 100.04940258335695
    }
}