{
    "counter": {
        "ACTIVE": 10983,
        "INACTIVE": 225,
        "INVALID": 0,
        "MALICIOUS": 0,
        "SANE": 0,
        "VALID": 0,
        "total": 11208
    },
    "percentage": {
        "ACTIVE": 97.99250535331906,
        "INACTIVE": 2.028671896131999,
        "INVALID": 0,
        "MALICIOUS": 0,
        "SANE": 0,
        "VALID": 0,
        "total": 100.02117724945106
    }
}