{
    "counter": {
        "ACTIVE": 15595,
        "INACTIVE": 37,
        "INVALID": 0,
        "MALICIOUS": 0,
        "SANE": 0,
        "VALID": 0,
        "total": 15632
    },
    "percentage": {
        "ACTIVE": 99.76330603889457,
        "INACTIVE": 0.23788093095023788,
        "INVALID": 0,
        "MALICIOUS": 0,
        "SANE": 0,
        "VALID": 0,
        "total": 100.00118696984481
    }
}