{
    "counter": {
        "ACTIVE": 15670,
        "INACTIVE": 4,
        "INVALID": 0,
        "MALICIOUS": 0,
        "SANE": 0,
        "VALID": 0,
        "total": 15674
    },
    "percentage": {
        "ACTIVE": 99.97448003062397,
        "INACTIVE": 0.03755868544600939,
        "INVALID": 0,
        "MALICIOUS": 0,
        "SANE": 0,
        "VALID": 0,
        "total": 100.01203871606998
    }
}