{
    "counter": {
        "ACTIVE": 68314,
        "INACTIVE": 10,
        "INVALID": 0,
        "MALICIOUS": 0,
        "SANE": 0,
        "VALID": 0,
        "total": 68324
    },
    "percentage": {
        "ACTIVE": 99.98536385457525,
        "INACTIVE": 0.02183549140773413,
        "INVALID": 0,
        "MALICIOUS": 0,
        "SANE": 0,
        "VALID": 0,
        "total": 100.00719934598298
    }
}