{
    "counter": {
        "ACTIVE": 14385,
        "INACTIVE": 4,
        "INVALID": 0,
        "MALICIOUS": 0,
        "SANE": 0,
        "VALID": 0,
        "total": 14389
    },
    "percentage": {
        "ACTIVE": 99.97220098686496,
        "INACTIVE": 0.04607764082478977,
        "INVALID": 0,
        "MALICIOUS": 0,
        "SANE": 0,
        "VALID": 0,
        "total": 100.01827862768975
    }
}