{
    "counter": {
        "ACTIVE": 15879,
        "INACTIVE": 8,
        "INVALID": 0,
        "MALICIOUS": 0,
        "SANE": 0,
        "VALID": 0,
        "total": 15887
    },
    "percentage": {
        "ACTIVE": 99.94964436331591,
        "INACTIVE": 0.06234413965087282,
        "INVALID": 0,
        "MALICIOUS": 0,
        "SANE": 0,
        "VALID": 0,
        "total": 100.01198850296679
    }
}