{
    "counter": {
        "ACTIVE": 4711,
        "INACTIVE": 12,
        "INVALID": 0,
        "MALICIOUS": 0,
        "SANE": 0,
        "VALID": 0,
        "total": 4723
    },
    "percentage": {
        "ACTIVE": 99.74592420071988,
        "INACTIVE": 0.28846153846153844,
        "INVALID": 0,
        "MALICIOUS": 0,
        "SANE": 0,
        "VALID": 0,
        "total": 100.03438573918142
    }
}