{
    "counter": {
        "ACTIVE": 9889,
        "INACTIVE": 6,
        "INVALID": 0,
        "MALICIOUS": 0,
        "SANE": 0,
        "VALID": 0,
        "total": 9895
    },
    "percentage": {
        "ACTIVE": 99.93936331480546,
        "INACTIVE": 0.08823529411764706,
        "INVALID": 0,
        "MALICIOUS": 0,
        "SANE": 0,
        "VALID": 0,
        "total": 100.02759860892311
    }
}