{
    "counter": {
        "ACTIVE": 17547,
        "INACTIVE": 556,
        "INVALID": 0,
        "MALICIOUS": 0,
        "SANE": 0,
        "VALID": 0,
        "total": 18103
    },
    "percentage": {
        "ACTIVE": 96.9286858531735,
        "INACTIVE": 3.14106547652675,
        "INVALID": 0,
        "MALICIOUS": 0,
        "SANE": 0,
        "VALID": 0,
        "total": 100.06975132970025
    }
}