{
    "counter": {
        "ACTIVE": 15468,
        "INACTIVE": 7,
        "INVALID": 0,
        "MALICIOUS": 0,
        "SANE": 0,
        "VALID": 0,
        "total": 15475
    },
    "percentage": {
        "ACTIVE": 99.95476575121164,
        "INACTIVE": 0.06070592316364582,
        "INVALID": 0,
        "MALICIOUS": 0,
        "SANE": 0,
        "VALID": 0,
        "total": 100.01547167437529
    }
}