{
    "counter": {
        "ACTIVE": 14118,
        "INACTIVE": 8,
        "INVALID": 0,
        "MALICIOUS": 0,
        "SANE": 0,
        "VALID": 0,
        "total": 14126
    },
    "percentage": {
        "ACTIVE": 99.94336684128557,
        "INACTIVE": 0.06234413965087282,
        "INVALID": 0,
        "MALICIOUS": 0,
        "SANE": 0,
        "VALID": 0,
        "total": 100.00571098093644
    }
}