{
    "counter": {
        "ACTIVE": 15714,
        "INACTIVE": 18,
        "INVALID": 0,
        "MALICIOUS": 0,
        "SANE": 0,
        "VALID": 0,
        "total": 15732
    },
    "percentage": {
        "ACTIVE": 99.88558352402745,
        "INACTIVE": 0.1601993592025632,
        "INVALID": 0,
        "MALICIOUS": 0,
        "SANE": 0,
        "VALID": 0,
        "total": 100.04578288323002
    }
}