{
    "counter": {
        "ACTIVE": 12338,
        "INACTIVE": 55,
        "INVALID": 0,
        "MALICIOUS": 0,
        "SANE": 0,
        "VALID": 0,
        "total": 12393
    },
    "percentage": {
        "ACTIVE": 99.55620108125555,
        "INACTIVE": 0.4707292023279699,
        "INVALID": 0,
        "MALICIOUS": 0,
        "SANE": 0,
        "VALID": 0,
        "total": 100.02693028358352
    }
}