{
    "counter": {
        "ACTIVE": 15701,
        "INACTIVE": 35,
        "INVALID": 0,
        "MALICIOUS": 0,
        "SANE": 0,
        "VALID": 0,
        "total": 15736
    },
    "percentage": {
        "ACTIVE": 99.77758007117438,
        "INACTIVE": 0.24354603019970775,
        "INVALID": 0,
        "MALICIOUS": 0,
        "SANE": 0,
        "VALID": 0,
        "total": 100.0211261013741
    }
}