{
    "counter": {
        "ACTIVE": 16742,
        "INACTIVE": 40,
        "INVALID": 0,
        "MALICIOUS": 0,
        "SANE": 0,
        "VALID": 0,
        "total": 16782
    },
    "percentage": {
        "ACTIVE": 99.76164938624717,
        "INACTIVE": 0.24880263730795546,
        "INVALID": 0,
        "MALICIOUS": 0,
        "SANE": 0,
        "VALID": 0,
        "total": 100.01045202355513
    }
}