{
    "counter": {
        "ACTIVE": 3017,
        "INACTIVE": 4,
        "INVALID": 0,
        "MALICIOUS": 0,
        "SANE": 0,
        "VALID": 0,
        "total": 3021
    },
    "percentage": {
        "ACTIVE": 99.8675935120821,
        "INACTIVE": 0.19203072491598655,
        "INVALID": 0,
        "MALICIOUS": 0,
        "SANE": 0,
        "VALID": 0,
        "total": 100.05962423699808
    }
}