{
    "counter": {
        "ACTIVE": 72851,
        "INACTIVE": 4,
        "INVALID": 0,
        "MALICIOUS": 0,
        "SANE": 0,
        "VALID": 0,
        "total": 72855
    },
    "percentage": {
        "ACTIVE": 99.99450964244046,
        "INACTIVE": 0.013466199838405602,
        "INVALID": 0,
        "MALICIOUS": 0,
        "SANE": 0,
        "VALID": 0,
        "total": 100.00797584227887
    }
}