{
    "counter": {
        "ACTIVE": 39297,
        "INACTIVE": 36,
        "INVALID": 1,
        "MALICIOUS": 0,
        "SANE": 0,
        "VALID": 0,
        "total": 39334
    },
    "percentage": {
        "ACTIVE": 99.90593379773225,
        "INACTIVE": 0.1837953744830755,
        "INVALID": 0.010577533319229955,
        "MALICIOUS": 0,
        "SANE": 0,
        "VALID": 0,
        "total": 100.10030670553455
    }
}