{
    "counter": {
        "ACTIVE": 15302,
        "INACTIVE": 4,
        "INVALID": 0,
        "MALICIOUS": 0,
        "SANE": 0,
        "VALID": 0,
        "total": 15306
    },
    "percentage": {
        "ACTIVE": 99.97386645759833,
        "INACTIVE": 0.02659397646433083,
        "INVALID": 0,
        "MALICIOUS": 0,
        "SANE": 0,
        "VALID": 0,
        "total": 100.00046043406266
    }
}