{
    "counter": {
        "ACTIVE": 7401,
        "INACTIVE": 2,
        "INVALID": 0,
        "MALICIOUS": 0,
        "SANE": 0,
        "VALID": 0,
        "total": 7403
    },
    "percentage": {
        "ACTIVE": 99.97298392543563,
        "INACTIVE": 0.04094165813715456,
        "INVALID": 0,
        "MALICIOUS": 0,
        "SANE": 0,
        "VALID": 0,
        "total": 100.01392558357279
    }
}