{
    "counter": {
        "ACTIVE": 13061,
        "INACTIVE": 34,
        "INVALID": 0,
        "MALICIOUS": 0,
        "SANE": 0,
        "VALID": 0,
        "total": 13095
    },
    "percentage": {
        "ACTIVE": 99.74035891561665,
        "INACTIVE": 0.27128381073964736,
        "INVALID": 0,
        "MALICIOUS": 0,
        "SANE": 0,
        "VALID": 0,
        "total": 100.0116427263563
    }
}