{
    "counter": {
        "ACTIVE": 14422,
        "INACTIVE": 10,
        "INVALID": 0,
        "MALICIOUS": 0,
        "SANE": 0,
        "VALID": 0,
        "total": 14432
    },
    "percentage": {
        "ACTIVE": 99.93070953436808,
        "INACTIVE": 0.13449899125756556,
        "INVALID": 0,
        "MALICIOUS": 0,
        "SANE": 0,
        "VALID": 0,
        "total": 100.06520852562564
    }
}