{
    "counter": {
        "ACTIVE": 16717,
        "INACTIVE": 3,
        "INVALID": 0,
        "MALICIOUS": 0,
        "SANE": 0,
        "VALID": 0,
        "total": 16720
    },
    "percentage": {
        "ACTIVE": 99.98205741626795,
        "INACTIVE": 0.018685767673621925,
        "INVALID": 0,
        "MALICIOUS": 0,
        "SANE": 0,
        "VALID": 0,
        "total": 100.00074318394157
    }
}