{
    "counter": {
        "ACTIVE": 16217,
        "INACTIVE": 39,
        "INVALID": 0,
        "MALICIOUS": 0,
        "SANE": 0,
        "VALID": 0,
        "total": 16256
    },
    "percentage": {
        "ACTIVE": 99.76008858267717,
        "INACTIVE": 0.24361296770566557,
        "INVALID": 0,
        "MALICIOUS": 0,
        "SANE": 0,
        "VALID": 0,
        "total": 100.00370155038284
    }
}