{
    "counter": {
        "ACTIVE": 17983,
        "INACTIVE": 556,
        "INVALID": 0,
        "MALICIOUS": 0,
        "SANE": 0,
        "VALID": 0,
        "total": 18539
    },
    "percentage": {
        "ACTIVE": 97.00091698581369,
        "INACTIVE": 2.99908301418631,
        "INVALID": 0.0,
        "MALICIOUS": 0.0,
        "SANE": 0.0,
        "VALID": 0.0,
        "total": 100.0
    }
}