{
    "counter": {
        "ACTIVE": 8933,
        "INACTIVE": 29,
        "INVALID": 0,
        "MALICIOUS": 0,
        "SANE": 0,
        "VALID": 0,
        "total": 8962
    },
    "percentage": {
        "ACTIVE": 99.67641151528677,
        "INACTIVE": 0.3332950235605103,
        "INVALID": 0,
        "MALICIOUS": 0,
        "SANE": 0,
        "VALID": 0,
        "total": 100.00970653884728
    }
}