{
    "counter": {
        "ACTIVE": 16807,
        "INACTIVE": 32,
        "INVALID": 0,
        "MALICIOUS": 0,
        "SANE": 0,
        "VALID": 0,
        "total": 16839
    },
    "percentage": {
        "ACTIVE": 99.80996496228992,
        "INACTIVE": 0.2056819642627587,
        "INVALID": 0,
        "MALICIOUS": 0,
        "SANE": 0,
        "VALID": 0,
        "total": 100.01564692655268
    }
}