{
    "counter": {
        "ACTIVE": 15599,
        "INACTIVE": 10,
        "INVALID": 0,
        "MALICIOUS": 0,
        "SANE": 0,
        "VALID": 0,
        "total": 15609
    },
    "percentage": {
        "ACTIVE": 99.93593439682235,
        "INACTIVE": 0.13449899125756556,
        "INVALID": 0,
        "MALICIOUS": 0,
        "SANE": 0,
        "VALID": 0,
        "total": 100.0704333880799
    }
}