{
    "counter": {
        "ACTIVE": 16363,
        "INACTIVE": 7,
        "INVALID": 0,
        "MALICIOUS": 0,
        "SANE": 0,
        "VALID": 0,
        "total": 16370
    },
    "percentage": {
        "ACTIVE": 99.95723885155773,
        "INACTIVE": 0.04276114844227245,
        "INVALID": 0.0,
        "MALICIOUS": 0.0,
        "SANE": 0.0,
        "VALID": 0.0,
        "total": 100.0
    }
}