{
    "counter": {
        "ACTIVE": 16724,
        "INACTIVE": 33,
        "INVALID": 0,
        "MALICIOUS": 0,
        "SANE": 0,
        "VALID": 0,
        "total": 16757
    },
    "percentage": {
        "ACTIVE": 99.80306737482843,
        "INACTIVE": 0.23093072078376486,
        "INVALID": 0,
        "MALICIOUS": 0,
        "SANE": 0,
        "VALID": 0,
        "total": 100.03399809561219
    }
}