{
    "counter": {
        "ACTIVE": 13703,
        "INACTIVE": 4,
        "INVALID": 0,
        "MALICIOUS": 0,
        "SANE": 0,
        "VALID": 0,
        "total": 13707
    },
    "percentage": {
        "ACTIVE": 99.97081783030568,
        "INACTIVE": 0.037965072133637055,
        "INVALID": 0,
        "MALICIOUS": 0,
        "SANE": 0,
        "VALID": 0,
        "total": 100.00878290243931
    }
}