{
    "counter": {
        "ACTIVE": 17383,
        "INACTIVE": 24,
        "INVALID": 0,
        "MALICIOUS": 0,
        "SANE": 0,
        "VALID": 0,
        "total": 17407
    },
    "percentage": {
        "ACTIVE": 99.86212443269949,
        "INACTIVE": 0.1379786133149362,
        "INVALID": 0,
        "MALICIOUS": 0,
        "SANE": 0,
        "VALID": 0,
        "total": 100.00010304601443
    }
}