{
    "counter": {
        "ACTIVE": 8361,
        "INACTIVE": 20,
        "INVALID": 0,
        "MALICIOUS": 0,
        "SANE": 0,
        "VALID": 0,
        "total": 8381
    },
    "percentage": {
        "ACTIVE": 99.76136499224437,
        "INACTIVE": 0.2612671456564337,
        "INVALID": 0,
        "MALICIOUS": 0,
        "SANE": 0,
        "VALID": 0,
        "total": 100.0226321379008
    }
}