{
    "counter": {
        "ACTIVE": 10068,
        "INACTIVE": 4,
        "INVALID": 0,
        "MALICIOUS": 0,
        "SANE": 0,
        "VALID": 0,
        "total": 10072
    },
    "percentage": {
        "ACTIVE": 99.96028594122319,
        "INACTIVE": 0.4048582995951417,
        "INVALID": 0,
        "MALICIOUS": 0,
        "SANE": 0,
        "VALID": 0,
        "total": 100.36514424081834
    }
}