{
    "counter": {
        "ACTIVE": 12430,
        "INACTIVE": 2,
        "INVALID": 0,
        "MALICIOUS": 0,
        "SANE": 0,
        "VALID": 0,
        "total": 12432
    },
    "percentage": {
        "ACTIVE": 99.98391248391249,
        "INACTIVE": 0.03129890453834116,
        "INVALID": 0,
        "MALICIOUS": 0,
        "SANE": 0,
        "VALID": 0,
        "total": 100.01521138845084
    }
}