{
    "counter": {
        "ACTIVE": 15973,
        "INACTIVE": 37,
        "INVALID": 0,
        "MALICIOUS": 0,
        "SANE": 0,
        "VALID": 0,
        "total": 16010
    },
    "percentage": {
        "ACTIVE": 99.76889444097439,
        "INACTIVE": 0.285010013865352,
        "INVALID": 0,
        "MALICIOUS": 0,
        "SANE": 0,
        "VALID": 0,
        "total": 100.05390445483974
    }
}