{
    "counter": {
        "ACTIVE": 16362,
        "INACTIVE": 322,
        "INVALID": 0,
        "MALICIOUS": 0,
        "SANE": 0,
        "VALID": 0,
        "total": 16684
    },
    "percentage": {
        "ACTIVE": 98.07000719251978,
        "INACTIVE": 1.9330051626845959,
        "INVALID": 0,
        "MALICIOUS": 0,
        "SANE": 0,
        "VALID": 0,
        "total": 100.00301235520438
    }
}