{
    "counter": {
        "ACTIVE": 16714,
        "INACTIVE": 15,
        "INVALID": 0,
        "MALICIOUS": 0,
        "SANE": 0,
        "VALID": 0,
        "total": 16729
    },
    "percentage": {
        "ACTIVE": 99.91033534580669,
        "INACTIVE": 0.09531071292413268,
        "INVALID": 0,
        "MALICIOUS": 0,
        "SANE": 0,
        "VALID": 0,
        "total": 100.00564605873082
    }
}