{
    "counter": {
        "ACTIVE": 9641,
        "INACTIVE": 1,
        "INVALID": 0,
        "MALICIOUS": 0,
        "SANE": 0,
        "VALID": 0,
        "total": 9642
    },
    "percentage": {
        "ACTIVE": 99.98962870773698,
        "INACTIVE": 0.01226391954868776,
        "INVALID": 0,
        "MALICIOUS": 0,
        "SANE": 0,
        "VALID": 0,
        "total": 100.00189262728567
    }
}