{
    "counter": {
        "ACTIVE": 15824,
        "INACTIVE": 36,
        "INVALID": 0,
        "MALICIOUS": 0,
        "SANE": 0,
        "VALID": 0,
        "total": 15860
    },
    "percentage": {
        "ACTIVE": 99.77301387137453,
        "INACTIVE": 0.33222591362126247,
        "INVALID": 0,
        "MALICIOUS": 0,
        "SANE": 0,
        "VALID": 0,
        "total": 100.10523978499579
    }
}