{
    "counter": {
        "ACTIVE": 13253,
        "INACTIVE": 4,
        "INVALID": 0,
        "MALICIOUS": 0,
        "SANE": 0,
        "VALID": 0,
        "total": 13257
    },
    "percentage": {
        "ACTIVE": 99.96982726106963,
        "INACTIVE": 0.03644314868804665,
        "INVALID": 0,
        "MALICIOUS": 0,
        "SANE": 0,
        "VALID": 0,
        "total": 100.00627040975768
    }
}