{
    "counter": {
        "ACTIVE": 2038,
        "INACTIVE": 58,
        "INVALID": 0,
        "MALICIOUS": 0,
        "SANE": 0,
        "VALID": 0,
        "total": 2096
    },
    "percentage": {
        "ACTIVE": 97.23282442748092,
        "INACTIVE": 2.871287128712871,
        "INVALID": 0,
        "MALICIOUS": 0,
        "SANE": 0,
        "VALID": 0,
        "total": 100.10411155619379
    }
}