{
    "counter": {
        "ACTIVE": 16880,
        "INACTIVE": 17,
        "INVALID": 0,
        "MALICIOUS": 0,
        "SANE": 0,
        "VALID": 0,
        "total": 16897
    },
    "percentage": {
        "ACTIVE": 99.89939042433568,
        "INACTIVE": 0.10086027884900622,
        "INVALID": 0,
        "MALICIOUS": 0,
        "SANE": 0,
        "VALID": 0,
        "total": 100.00025070318469
    }
}