{
    "counter": {
        "ACTIVE": 10070,
        "INACTIVE": 2,
        "INVALID": 0,
        "MALICIOUS": 0,
        "SANE": 0,
        "VALID": 0,
        "total": 10072
    },
    "percentage": {
        "ACTIVE": 99.9801429706116,
        "INACTIVE": 0.0700770847932726,
        "INVALID": 0,
        "MALICIOUS": 0,
        "SANE": 0,
        "VALID": 0,
        "total": 100.05022005540486
    }
}