{
    "counter": {
        "ACTIVE": 16940,
        "INACTIVE": 36,
        "INVALID": 0,
        "MALICIOUS": 0,
        "SANE": 0,
        "VALID": 0,
        "total": 16976
    },
    "percentage": {
        "ACTIVE": 99.78793590951932,
        "INACTIVE": 0.26191342306293197,
        "INVALID": 0,
        "MALICIOUS": 0,
        "SANE": 0,
        "VALID": 0,
        "total": 100.04984933258226
    }
}