{
    "counter": {
        "ACTIVE": 219499,
        "INACTIVE": 13,
        "INVALID": 0,
        "MALICIOUS": 0,
        "SANE": 0,
        "VALID": 0,
        "total": 219512
    },
    "percentage": {
        "ACTIVE": 99.99407777251358,
        "INACTIVE": 0.010932086514850819,
        "INVALID": 0,
        "MALICIOUS": 0,
        "SANE": 0,
        "VALID": 0,
        "total": 100.00500985902843
    }
}