{
    "counter": {
        "ACTIVE": 15931,
        "INACTIVE": 42,
        "INVALID": 0,
        "MALICIOUS": 0,
        "SANE": 0,
        "VALID": 0,
        "total": 15973
    },
    "percentage": {
        "ACTIVE": 99.73705628247669,
        "INACTIVE": 0.3643935450286309,
        "INVALID": 0,
        "MALICIOUS": 0,
        "SANE": 0,
        "VALID": 0,
        "total": 100.10144982750532
    }
}