{
    "counter": {
        "ACTIVE": 14539,
        "INACTIVE": 23,
        "INVALID": 0,
        "MALICIOUS": 0,
        "SANE": 0,
        "VALID": 0,
        "total": 14562
    },
    "percentage": {
        "ACTIVE": 99.84205466282104,
        "INACTIVE": 0.21479267837131116,
        "INVALID": 0,
        "MALICIOUS": 0,
        "SANE": 0,
        "VALID": 0,
        "total": 100.05684734119235
    }
}