{
    "counter": {
        "ACTIVE": 175318,
        "INACTIVE": 13,
        "INVALID": 0,
        "MALICIOUS": 0,
        "SANE": 0,
        "VALID": 0,
        "total": 175331
    },
    "percentage": {
        "ACTIVE": 99.99258545265812,
        "INACTIVE": 0.010932086514850819,
        "INVALID": 0,
        "MALICIOUS": 0,
        "SANE": 0,
        "VALID": 0,
        "total": 100.00351753917298
    }
}