{
    "counter": {
        "ACTIVE": 13699,
        "INACTIVE": 3,
        "INVALID": 0,
        "MALICIOUS": 0,
        "SANE": 0,
        "VALID": 0,
        "total": 13702
    },
    "percentage": {
        "ACTIVE": 99.97810538607503,
        "INACTIVE": 0.023232401455897157,
        "INVALID": 0,
        "MALICIOUS": 0,
        "SANE": 0,
        "VALID": 0,
        "total": 100.00133778753093
    }
}