{
    "counter": {
        "ACTIVE": 18856,
        "INACTIVE": 7,
        "INVALID": 0,
        "MALICIOUS": 0,
        "SANE": 0,
        "VALID": 0,
        "total": 18863
    },
    "percentage": {
        "ACTIVE": 99.96289031437205,
        "INACTIVE": 0.0371096856279489,
        "INVALID": 0.0,
        "MALICIOUS": 0.0,
        "SANE": 0.0,
        "VALID": 0.0,
        "total": 100.0
    }
}