{
    "counter": {
        "ACTIVE": 609,
        "INACTIVE": 1,
        "INVALID": 0,
        "MALICIOUS": 0,
        "SANE": 0,
        "VALID": 0,
        "total": 610
    },
    "percentage": {
        "ACTIVE": 99.8360655737705,
        "INACTIVE": 0.2070393374741201,
        "INVALID": 0,
        "MALICIOUS": 0,
        "SANE": 0,
        "VALID": 0,
        "total": 100.04310491124461
    }
}