{
    "counter": {
        "ACTIVE": 16846,
        "INACTIVE": 38,
        "INVALID": 1,
        "MALICIOUS": 0,
        "SANE": 0,
        "VALID": 0,
        "total": 16885
    },
    "percentage": {
        "ACTIVE": 99.7690257625111,
        "INACTIVE": 0.23565891472868217,
        "INVALID": 0.005923117929277972,
        "MALICIOUS": 0,
        "SANE": 0,
        "VALID": 0,
        "total": 100.01060779516907
    }
}