{
    "counter": {
        "ACTIVE": 12772,
        "INACTIVE": 28,
        "INVALID": 0,
        "MALICIOUS": 0,
        "SANE": 0,
        "VALID": 0,
        "total": 12800
    },
    "percentage": {
        "ACTIVE": 99.78125,
        "INACTIVE": 0.24142093464390413,
        "INVALID": 0,
        "MALICIOUS": 0,
        "SANE": 0,
        "VALID": 0,
        "total": 100.0226709346439
    }
}