{
    "counter": {
        "ACTIVE": 15398,
        "INACTIVE": 2,
        "INVALID": 0,
        "MALICIOUS": 0,
        "SANE": 0,
        "VALID": 0,
        "total": 15400
    },
    "percentage": {
        "ACTIVE": 99.98701298701299,
        "INACTIVE": 0.017627357659086903,
        "INVALID": 0,
        "MALICIOUS": 0,
        "SANE": 0,
        "VALID": 0,
        "total": 100.00464034467207
    }
}