{
    "counter": {
        "ACTIVE": 186314,
        "INACTIVE": 13,
        "INVALID": 0,
        "MALICIOUS": 0,
        "SANE": 0,
        "VALID": 0,
        "total": 186327
    },
    "percentage": {
        "ACTIVE": 99.99302301867148,
        "INACTIVE": 0.010932086514850819,
        "INVALID": 0,
        "MALICIOUS": 0,
        "SANE": 0,
        "VALID": 0,
        "total": 100.00395510518634
    }
}