{
    "counter": {
        "ACTIVE": 17114,
        "INACTIVE": 555,
        "INVALID": 0,
        "MALICIOUS": 0,
        "SANE": 0,
        "VALID": 0,
        "total": 17669
    },
    "percentage": {
        "ACTIVE": 96.85890542758504,
        "INACTIVE": 3.162032816773017,
        "INVALID": 0,
        "MALICIOUS": 0,
        "SANE": 0,
        "VALID": 0,
        "total": 100.02093824435806
    }
}