{
    "counter": {
        "ACTIVE": 16561,
        "INACTIVE": 36,
        "INVALID": 0,
        "MALICIOUS": 0,
        "SANE": 0,
        "VALID": 0,
        "total": 16597
    },
    "percentage": {
        "ACTIVE": 99.7830933301199,
        "INACTIVE": 0.21867217396586283,
        "INVALID": 0,
        "MALICIOUS": 0,
        "SANE": 0,
        "VALID": 0,
        "total": 100.00176550408575
    }
}