{
    "counter": {
        "ACTIVE": 16009,
        "INACTIVE": 457,
        "INVALID": 0,
        "MALICIOUS": 0,
        "SANE": 0,
        "VALID": 0,
        "total": 16466
    },
    "percentage": {
        "ACTIVE": 97.2245839912547,
        "INACTIVE": 2.7767650990399804,
        "INVALID": 0,
        "MALICIOUS": 0,
        "SANE": 0,
        "VALID": 0,
        "total": 100.00134909029468
    }
}