{
    "counter": {
        "ACTIVE": 13947,
        "INACTIVE": 1,
        "INVALID": 0,
        "MALICIOUS": 0,
        "SANE": 0,
        "VALID": 0,
        "total": 13948
    },
    "percentage": {
        "ACTIVE": 99.99283051333525,
        "INACTIVE": 0.013933398355858995,
        "INVALID": 0,
        "MALICIOUS": 0,
        "SANE": 0,
        "VALID": 0,
        "total": 100.00676391169111
    }
}