{
    "counter": {
        "ACTIVE": 18886,
        "INACTIVE": 4,
        "INVALID": 0,
        "MALICIOUS": 0,
        "SANE": 0,
        "VALID": 0,
        "total": 18890
    },
    "percentage": {
        "ACTIVE": 99.97882477501324,
        "INACTIVE": 0.021175224986765485,
        "INVALID": 0.0,
        "MALICIOUS": 0.0,
        "SANE": 0.0,
        "VALID": 0.0,
        "total": 100.0
    }
}