{
    "counter": {
        "ACTIVE": 15410,
        "INACTIVE": 31,
        "INVALID": 0,
        "MALICIOUS": 0,
        "SANE": 0,
        "VALID": 0,
        "total": 15441
    },
    "percentage": {
        "ACTIVE": 99.7992358007901,
        "INACTIVE": 0.24073930263260077,
        "INVALID": 0,
        "MALICIOUS": 0,
        "SANE": 0,
        "VALID": 0,
        "total": 100.0399751034227
    }
}