{
    "counter": {
        "ACTIVE": 16908,
        "INACTIVE": 3,
        "INVALID": 0,
        "MALICIOUS": 0,
        "SANE": 0,
        "VALID": 0,
        "total": 16911
    },
    "percentage": {
        "ACTIVE": 99.98226006741174,
        "INACTIVE": 0.018685767673621925,
        "INVALID": 0,
        "MALICIOUS": 0,
        "SANE": 0,
        "VALID": 0,
        "total": 100.00094583508536
    }
}