{
    "counter": {
        "ACTIVE": 13863,
        "INACTIVE": 1,
        "INVALID": 0,
        "MALICIOUS": 0,
        "SANE": 0,
        "VALID": 0,
        "total": 13864
    },
    "percentage": {
        "ACTIVE": 99.99278707443739,
        "INACTIVE": 0.0093711929528629,
        "INVALID": 0,
        "MALICIOUS": 0,
        "SANE": 0,
        "VALID": 0,
        "total": 100.00215826739026
    }
}