{
    "counter": {
        "ACTIVE": 12830,
        "INACTIVE": 9,
        "INVALID": 0,
        "MALICIOUS": 0,
        "SANE": 0,
        "VALID": 0,
        "total": 12839
    },
    "percentage": {
        "ACTIVE": 99.92990108263884,
        "INACTIVE": 0.07339748817484913,
        "INVALID": 0,
        "MALICIOUS": 0,
        "SANE": 0,
        "VALID": 0,
        "total": 100.00329857081368
    }
}