{
    "counter": {
        "ACTIVE": 15931,
        "INACTIVE": 5,
        "INVALID": 0,
        "MALICIOUS": 0,
        "SANE": 0,
        "VALID": 0,
        "total": 15936
    },
    "percentage": {
        "ACTIVE": 99.96862449799197,
        "INACTIVE": 0.03375869286341233,
        "INVALID": 0,
        "MALICIOUS": 0,
        "SANE": 0,
        "VALID": 0,
        "total": 100.00238319085538
    }
}