{
    "counter": {
        "ACTIVE": 8777,
        "INACTIVE": 147,
        "INVALID": 0,
        "MALICIOUS": 0,
        "SANE": 0,
        "VALID": 0,
        "total": 8924
    },
    "percentage": {
        "ACTIVE": 98.35275661138503,
        "INACTIVE": 1.6786570743405276,
        "INVALID": 0,
        "MALICIOUS": 0,
        "SANE": 0,
        "VALID": 0,
        "total": 100.03141368572555
    }
}