{
    "counter": {
        "ACTIVE": 9826,
        "INACTIVE": 3,
        "INVALID": 0,
        "MALICIOUS": 0,
        "SANE": 0,
        "VALID": 0,
        "total": 9829
    },
    "percentage": {
        "ACTIVE": 99.96947807508394,
        "INACTIVE": 0.04056246619794483,
        "INVALID": 0,
        "MALICIOUS": 0,
        "SANE": 0,
        "VALID": 0,
        "total": 100.01004054128188
    }
}