{
    "counter": {
        "ACTIVE": 15354,
        "INACTIVE": 3,
        "INVALID": 0,
        "MALICIOUS": 0,
        "SANE": 0,
        "VALID": 0,
        "total": 15357
    },
    "percentage": {
        "ACTIVE": 99.98046493455753,
        "INACTIVE": 0.020344500203445002,
        "INVALID": 0,
        "MALICIOUS": 0,
        "SANE": 0,
        "VALID": 0,
        "total": 100.00080943476098
    }
}