{
    "counter": {
        "ACTIVE": 16451,
        "INACTIVE": 28,
        "INVALID": 0,
        "MALICIOUS": 0,
        "SANE": 0,
        "VALID": 0,
        "total": 16479
    },
    "percentage": {
        "ACTIVE": 99.83008677711027,
        "INACTIVE": 0.19343696027633853,
        "INVALID": 0,
        "MALICIOUS": 0,
        "SANE": 0,
        "VALID": 0,
        "total": 100.02352373738661
    }
}