{
    "counter": {
        "ACTIVE": 14611,
        "INACTIVE": 4,
        "INVALID": 0,
        "MALICIOUS": 0,
        "SANE": 0,
        "VALID": 0,
        "total": 14615
    },
    "percentage": {
        "ACTIVE": 99.97263085870681,
        "INACTIVE": 0.03755868544600939,
        "INVALID": 0,
        "MALICIOUS": 0,
        "SANE": 0,
        "VALID": 0,
        "total": 100.01018954415282
    }
}