{
    "counter": {
        "ACTIVE": 16957,
        "INACTIVE": 7,
        "INVALID": 0,
        "MALICIOUS": 0,
        "SANE": 0,
        "VALID": 0,
        "total": 16964
    },
    "percentage": {
        "ACTIVE": 99.95873614713511,
        "INACTIVE": 0.05964045326744483,
        "INVALID": 0,
        "MALICIOUS": 0,
        "SANE": 0,
        "VALID": 0,
        "total": 100.01837660040256
    }
}