{
    "counter": {
        "ACTIVE": 5446,
        "INACTIVE": 16,
        "INVALID": 0,
        "MALICIOUS": 0,
        "SANE": 0,
        "VALID": 0,
        "total": 5462
    },
    "percentage": {
        "ACTIVE": 99.70706700842182,
        "INACTIVE": 0.3015454202789295,
        "INVALID": 0,
        "MALICIOUS": 0,
        "SANE": 0,
        "VALID": 0,
        "total": 100.00861242870074
    }
}