{
    "counter": {
        "ACTIVE": 18854,
        "INACTIVE": 2,
        "INVALID": 0,
        "MALICIOUS": 0,
        "SANE": 0,
        "VALID": 0,
        "total": 18856
    },
    "percentage": {
        "ACTIVE": 99.98939329656343,
        "INACTIVE": 0.010606703436571913,
        "INVALID": 0.0,
        "MALICIOUS": 0.0,
        "SANE": 0.0,
        "VALID": 0.0,
        "total": 100.0
    }
}