{
    "counter": {
        "ACTIVE": 17025,
        "INACTIVE": 555,
        "INVALID": 0,
        "MALICIOUS": 0,
        "SANE": 0,
        "VALID": 0,
        "total": 17580
    },
    "percentage": {
        "ACTIVE": 96.84300341296928,
        "INACTIVE": 3.162032816773017,
        "INVALID": 0,
        "MALICIOUS": 0,
        "SANE": 0,
        "VALID": 0,
        "total": 100.0050362297423
    }
}