{
    "counter": {
        "ACTIVE": 15857,
        "INACTIVE": 9,
        "INVALID": 0,
        "MALICIOUS": 0,
        "SANE": 0,
        "VALID": 0,
        "total": 15866
    },
    "percentage": {
        "ACTIVE": 99.94327492751796,
        "INACTIVE": 0.11335012594458438,
        "INVALID": 0,
        "MALICIOUS": 0,
        "SANE": 0,
        "VALID": 0,
        "total": 100.05662505346254
    }
}