{
    "counter": {
        "ACTIVE": 10250,
        "INACTIVE": 12,
        "INVALID": 0,
        "MALICIOUS": 0,
        "SANE": 0,
        "VALID": 0,
        "total": 10262
    },
    "percentage": {
        "ACTIVE": 99.88306373026701,
        "INACTIVE": 0.414651002073255,
        "INVALID": 0,
        "MALICIOUS": 0,
        "SANE": 0,
        "VALID": 0,
        "total": 100.29771473234027
    }
}