{
    "counter": {
        "ACTIVE": 9067,
        "INACTIVE": 6,
        "INVALID": 0,
        "MALICIOUS": 0,
        "SANE": 0,
        "VALID": 0,
        "total": 9073
    },
    "percentage": {
        "ACTIVE": 99.93386972335502,
        "INACTIVE": 0.07202881152460984,
        "INVALID": 0,
        "MALICIOUS": 0,
        "SANE": 0,
        "VALID": 0,
        "total": 100.00589853487962
    }
}