{
    "counter": {
        "ACTIVE": 14981,
        "INACTIVE": 33,
        "INVALID": 0,
        "MALICIOUS": 0,
        "SANE": 0,
        "VALID": 0,
        "total": 15014
    },
    "percentage": {
        "ACTIVE": 99.7802051418676,
        "INACTIVE": 0.2232746955345061,
        "INVALID": 0,
        "MALICIOUS": 0,
        "SANE": 0,
        "VALID": 0,
        "total": 100.0034798374021
    }
}