{
    "counter": {
        "ACTIVE": 6446,
        "INACTIVE": 25,
        "INVALID": 0,
        "MALICIOUS": 0,
        "SANE": 0,
        "VALID": 0,
        "total": 6471
    },
    "percentage": {
        "ACTIVE": 99.6136609488487,
        "INACTIVE": 0.39357682619647355,
        "INVALID": 0,
        "MALICIOUS": 0,
        "SANE": 0,
        "VALID": 0,
        "total": 100.00723777504518
    }
}