{
    "counter": {
        "ACTIVE": 280250,
        "INACTIVE": 14,
        "INVALID": 0,
        "MALICIOUS": 0,
        "SANE": 0,
        "VALID": 0,
        "total": 280264
    },
    "percentage": {
        "ACTIVE": 99.995004709845,
        "INACTIVE": 0.006299212598425197,
        "INVALID": 0,
        "MALICIOUS": 0,
        "SANE": 0,
        "VALID": 0,
        "total": 100.00130392244343
    }
}