{
    "counter": {
        "ACTIVE": 13796,
        "INACTIVE": 5,
        "INVALID": 0,
        "MALICIOUS": 0,
        "SANE": 0,
        "VALID": 0,
        "total": 13801
    },
    "percentage": {
        "ACTIVE": 99.96377074125063,
        "INACTIVE": 0.04475875033569063,
        "INVALID": 0,
        "MALICIOUS": 0,
        "SANE": 0,
        "VALID": 0,
        "total": 100.00852949158632
    }
}