{
    "counter": {
        "ACTIVE": 4902,
        "INACTIVE": 25,
        "INVALID": 0,
        "MALICIOUS": 0,
        "SANE": 0,
        "VALID": 0,
        "total": 4927
    },
    "percentage": {
        "ACTIVE": 99.4925918408768,
        "INACTIVE": 0.5088540606554041,
        "INVALID": 0,
        "MALICIOUS": 0,
        "SANE": 0,
        "VALID": 0,
        "total": 100.00144590153221
    }
}