{
    "counter": {
        "ACTIVE": 16455,
        "INACTIVE": 36,
        "INVALID": 0,
        "MALICIOUS": 0,
        "SANE": 0,
        "VALID": 0,
        "total": 16491
    },
    "percentage": {
        "ACTIVE": 99.7816991086047,
        "INACTIVE": 0.33222591362126247,
        "INVALID": 0,
        "MALICIOUS": 0,
        "SANE": 0,
        "VALID": 0,
        "total": 100.11392502222596
    }
}