{
    "counter": {
        "ACTIVE": 15148,
        "INACTIVE": 3,
        "INVALID": 0,
        "MALICIOUS": 0,
        "SANE": 0,
        "VALID": 0,
        "total": 15151
    },
    "percentage": {
        "ACTIVE": 99.98019932677711,
        "INACTIVE": 0.02041510717931269,
        "INVALID": 0,
        "MALICIOUS": 0,
        "SANE": 0,
        "VALID": 0,
        "total": 100.00061443395643
    }
}