{
    "counter": {
        "ACTIVE": 16673,
        "INACTIVE": 25,
        "INVALID": 0,
        "MALICIOUS": 0,
        "SANE": 0,
        "VALID": 0,
        "total": 16698
    },
    "percentage": {
        "ACTIVE": 99.85028147083483,
        "INACTIVE": 0.20733123237684525,
        "INVALID": 0,
        "MALICIOUS": 0,
        "SANE": 0,
        "VALID": 0,
        "total": 100.05761270321167
    }
}