{
    "counter": {
        "ACTIVE": 18903,
        "INACTIVE": 9,
        "INVALID": 0,
        "MALICIOUS": 0,
        "SANE": 0,
        "VALID": 0,
        "total": 18912
    },
    "percentage": {
        "ACTIVE": 99.9524111675127,
        "INACTIVE": 0.04758883248730964,
        "INVALID": 0.0,
        "MALICIOUS": 0.0,
        "SANE": 0.0,
        "VALID": 0.0,
        "total": 100.0
    }
}