{
    "counter": {
        "ACTIVE": 17186,
        "INACTIVE": 556,
        "INVALID": 0,
        "MALICIOUS": 0,
        "SANE": 0,
        "VALID": 0,
        "total": 17742
    },
    "percentage": {
        "ACTIVE": 96.86619321384286,
        "INACTIVE": 3.14106547652675,
        "INVALID": 0,
        "MALICIOUS": 0,
        "SANE": 0,
        "VALID": 0,
        "total": 100.00725869036961
    }
}