{
    "counter": {
        "ACTIVE": 10273,
        "INACTIVE": 6,
        "INVALID": 0,
        "MALICIOUS": 0,
        "SANE": 0,
        "VALID": 0,
        "total": 10279
    },
    "percentage": {
        "ACTIVE": 99.9416285630898,
        "INACTIVE": 0.12074864157778226,
        "INVALID": 0,
        "MALICIOUS": 0,
        "SANE": 0,
        "VALID": 0,
        "total": 100.06237720466757
    }
}