{
    "counter": {
        "ACTIVE": 277097,
        "INACTIVE": 14,
        "INVALID": 0,
        "MALICIOUS": 0,
        "SANE": 0,
        "VALID": 0,
        "total": 277111
    },
    "percentage": {
        "ACTIVE": 99.99494787287405,
        "INACTIVE": 0.006299212598425197,
        "INVALID": 0,
        "MALICIOUS": 0,
        "SANE": 0,
        "VALID": 0,
        "total": 100.00124708547247
    }
}