{
    "counter": {
        "ACTIVE": 292379,
        "INACTIVE": 14,
        "INVALID": 0,
        "MALICIOUS": 0,
        "SANE": 0,
        "VALID": 0,
        "total": 292393
    },
    "percentage": {
        "ACTIVE": 99.99521192367807,
        "INACTIVE": 0.006299212598425197,
        "INVALID": 0,
        "MALICIOUS": 0,
        "SANE": 0,
        "VALID": 0,
        "total": 100.00151113627649
    }
}