{
    "counter": {
        "ACTIVE": 16693,
        "INACTIVE": 4,
        "INVALID": 0,
        "MALICIOUS": 0,
        "SANE": 0,
        "VALID": 0,
        "total": 16697
    },
    "percentage": {
        "ACTIVE": 99.97604360064682,
        "INACTIVE": 0.03021376236875897,
        "INVALID": 0,
        "MALICIOUS": 0,
        "SANE": 0,
        "VALID": 0,
        "total": 100.00625736301558
    }
}