{
    "counter": {
        "ACTIVE": 14254,
        "INACTIVE": 4,
        "INVALID": 0,
        "MALICIOUS": 0,
        "SANE": 0,
        "VALID": 0,
        "total": 14258
    },
    "percentage": {
        "ACTIVE": 99.97194557441436,
        "INACTIVE": 0.029967036260113874,
        "INVALID": 0,
        "MALICIOUS": 0,
        "SANE": 0,
        "VALID": 0,
        "total": 100.00191261067448
    }
}