{
    "counter": {
        "ACTIVE": 14998,
        "INACTIVE": 16,
        "INVALID": 0,
        "MALICIOUS": 0,
        "SANE": 0,
        "VALID": 0,
        "total": 15014
    },
    "percentage": {
        "ACTIVE": 99.89343279605701,
        "INACTIVE": 0.11218622914037302,
        "INVALID": 0,
        "MALICIOUS": 0,
        "SANE": 0,
        "VALID": 0,
        "total": 100.00561902519739
    }
}