{
    "counter": {
        "ACTIVE": 11844,
        "INACTIVE": 4,
        "INVALID": 0,
        "MALICIOUS": 0,
        "SANE": 0,
        "VALID": 0,
        "total": 11848
    },
    "percentage": {
        "ACTIVE": 99.966239027684,
        "INACTIVE": 0.040539170973953584,
        "INVALID": 0,
        "MALICIOUS": 0,
        "SANE": 0,
        "VALID": 0,
        "total": 100.00677819865795
    }
}