{
    "counter": {
        "ACTIVE": 16132,
        "INACTIVE": 5,
        "INVALID": 0,
        "MALICIOUS": 0,
        "SANE": 0,
        "VALID": 0,
        "total": 16137
    },
    "percentage": {
        "ACTIVE": 99.96901530643862,
        "INACTIVE": 0.05283178360101437,
        "INVALID": 0,
        "MALICIOUS": 0,
        "SANE": 0,
        "VALID": 0,
        "total": 100.02184709003963
    }
}