{
    "counter": {
        "ACTIVE": 16553,
        "INACTIVE": 3,
        "INVALID": 0,
        "MALICIOUS": 0,
        "SANE": 0,
        "VALID": 0,
        "total": 16556
    },
    "percentage": {
        "ACTIVE": 99.98187968108239,
        "INACTIVE": 0.03944254535892716,
        "INVALID": 0,
        "MALICIOUS": 0,
        "SANE": 0,
        "VALID": 0,
        "total": 100.02132222644131
    }
}