{
    "counter": {
        "ACTIVE": 16026,
        "INACTIVE": 8,
        "INVALID": 0,
        "MALICIOUS": 0,
        "SANE": 0,
        "VALID": 0,
        "total": 16034
    },
    "percentage": {
        "ACTIVE": 99.95010602469752,
        "INACTIVE": 0.050068844661409435,
        "INVALID": 0,
        "MALICIOUS": 0,
        "SANE": 0,
        "VALID": 0,
        "total": 100.00017486935893
    }
}