{
    "counter": {
        "ACTIVE": 13976,
        "INACTIVE": 5,
        "INVALID": 0,
        "MALICIOUS": 0,
        "SANE": 0,
        "VALID": 0,
        "total": 13981
    },
    "percentage": {
        "ACTIVE": 99.96423717902869,
        "INACTIVE": 0.04221903233977877,
        "INVALID": 0,
        "MALICIOUS": 0,
        "SANE": 0,
        "VALID": 0,
        "total": 100.00645621136846
    }
}