{
    "counter": {
        "ACTIVE": 6133,
        "INACTIVE": 6,
        "INVALID": 0,
        "MALICIOUS": 0,
        "SANE": 0,
        "VALID": 0,
        "total": 6139
    },
    "percentage": {
        "ACTIVE": 99.90226421241245,
        "INACTIVE": 0.12074864157778226,
        "INVALID": 0,
        "MALICIOUS": 0,
        "SANE": 0,
        "VALID": 0,
        "total": 100.02301285399022
    }
}