{
    "counter": {
        "ACTIVE": 251347,
        "INACTIVE": 14,
        "INVALID": 0,
        "MALICIOUS": 0,
        "SANE": 0,
        "VALID": 0,
        "total": 251361
    },
    "percentage": {
        "ACTIVE": 99.99443032133068,
        "INACTIVE": 0.006299212598425197,
        "INVALID": 0,
        "MALICIOUS": 0,
        "SANE": 0,
        "VALID": 0,
        "total": 100.0007295339291
    }
}