{
    "counter": {
        "ACTIVE": 6993,
        "INACTIVE": 23,
        "INVALID": 0,
        "MALICIOUS": 0,
        "SANE": 0,
        "VALID": 0,
        "total": 7016
    },
    "percentage": {
        "ACTIVE": 99.67217787913341,
        "INACTIVE": 0.37618580307491006,
        "INVALID": 0,
        "MALICIOUS": 0,
        "SANE": 0,
        "VALID": 0,
        "total": 100.04836368220832
    }
}