{
    "counter": {
        "ACTIVE": 16019,
        "INACTIVE": 18,
        "INVALID": 0,
        "MALICIOUS": 0,
        "SANE": 0,
        "VALID": 0,
        "total": 16037
    },
    "percentage": {
        "ACTIVE": 99.8877595560267,
        "INACTIVE": 0.1601993592025632,
        "INVALID": 0,
        "MALICIOUS": 0,
        "SANE": 0,
        "VALID": 0,
        "total": 100.04795891522926
    }
}