{
    "counter": {
        "ACTIVE": 16716,
        "INACTIVE": 28,
        "INVALID": 0,
        "MALICIOUS": 0,
        "SANE": 0,
        "VALID": 0,
        "total": 16744
    },
    "percentage": {
        "ACTIVE": 99.83277591973244,
        "INACTIVE": 0.19343696027633853,
        "INVALID": 0,
        "MALICIOUS": 0,
        "SANE": 0,
        "VALID": 0,
        "total": 100.02621288000879
    }
}