{
    "counter": {
        "ACTIVE": 10272,
        "INACTIVE": 4,
        "INVALID": 0,
        "MALICIOUS": 0,
        "SANE": 0,
        "VALID": 0,
        "total": 10276
    },
    "percentage": {
        "ACTIVE": 99.96107434799534,
        "INACTIVE": 0.06608293408227325,
        "INVALID": 0,
        "MALICIOUS": 0,
        "SANE": 0,
        "VALID": 0,
        "total": 100.02715728207761
    }
}