{
    "counter": {
        "ACTIVE": 278787,
        "INACTIVE": 14,
        "INVALID": 0,
        "MALICIOUS": 0,
        "SANE": 0,
        "VALID": 0,
        "total": 278801
    },
    "percentage": {
        "ACTIVE": 99.99497849720768,
        "INACTIVE": 0.006299212598425197,
        "INVALID": 0,
        "MALICIOUS": 0,
        "SANE": 0,
        "VALID": 0,
        "total": 100.0012777098061
    }
}