{
    "counter": {
        "ACTIVE": 10089,
        "INACTIVE": 22,
        "INVALID": 0,
        "MALICIOUS": 0,
        "SANE": 0,
        "VALID": 0,
        "total": 10111
    },
    "percentage": {
        "ACTIVE": 99.78241519137573,
        "INACTIVE": 0.27482823235477827,
        "INVALID": 0,
        "MALICIOUS": 0,
        "SANE": 0,
        "VALID": 0,
        "total": 100.05724342373051
    }
}