{
    "counter": {
        "ACTIVE": 16736,
        "INACTIVE": 26,
        "INVALID": 0,
        "MALICIOUS": 0,
        "SANE": 0,
        "VALID": 0,
        "total": 16762
    },
    "percentage": {
        "ACTIVE": 99.84488724495884,
        "INACTIVE": 0.16448408932751313,
        "INVALID": 0,
        "MALICIOUS": 0,
        "SANE": 0,
        "VALID": 0,
        "total": 100.00937133428636
    }
}