{
    "counter": {
        "ACTIVE": 15870,
        "INACTIVE": 41,
        "INVALID": 0,
        "MALICIOUS": 0,
        "SANE": 0,
        "VALID": 0,
        "total": 15911
    },
    "percentage": {
        "ACTIVE": 99.74231663628936,
        "INACTIVE": 0.27828683906875723,
        "INVALID": 0,
        "MALICIOUS": 0,
        "SANE": 0,
        "VALID": 0,
        "total": 100.02060347535812
    }
}