{
    "counter": {
        "ACTIVE": 11611,
        "INACTIVE": 2,
        "INVALID": 0,
        "MALICIOUS": 0,
        "SANE": 0,
        "VALID": 0,
        "total": 11613
    },
    "percentage": {
        "ACTIVE": 99.9827779212951,
        "INACTIVE": 0.05082592121982211,
        "INVALID": 0,
        "MALICIOUS": 0,
        "SANE": 0,
        "VALID": 0,
        "total": 100.03360384251492
    }
}