{
    "counter": {
        "ACTIVE": 9690,
        "INACTIVE": 2,
        "INVALID": 0,
        "MALICIOUS": 0,
        "SANE": 0,
        "VALID": 0,
        "total": 9692
    },
    "percentage": {
        "ACTIVE": 99.97936442426743,
        "INACTIVE": 0.054570259208731244,
        "INVALID": 0,
        "MALICIOUS": 0,
        "SANE": 0,
        "VALID": 0,
        "total": 100.03393468347616
    }
}