{
    "counter": {
        "ACTIVE": 14610,
        "INACTIVE": 3,
        "INVALID": 0,
        "MALICIOUS": 0,
        "SANE": 0,
        "VALID": 0,
        "total": 14613
    },
    "percentage": {
        "ACTIVE": 99.97947033463355,
        "INACTIVE": 0.0206711224419486,
        "INVALID": 0,
        "MALICIOUS": 0,
        "SANE": 0,
        "VALID": 0,
        "total": 100.0001414570755
    }
}