{
    "counter": {
        "ACTIVE": 9224,
        "INACTIVE": 18,
        "INVALID": 0,
        "MALICIOUS": 0,
        "SANE": 0,
        "VALID": 0,
        "total": 9242
    },
    "percentage": {
        "ACTIVE": 99.80523696169661,
        "INACTIVE": 0.2003338898163606,
        "INVALID": 0,
        "MALICIOUS": 0,
        "SANE": 0,
        "VALID": 0,
        "total": 100.00557085151297
    }
}