{
    "counter": {
        "ACTIVE": 14511,
        "INACTIVE": 16,
        "INVALID": 0,
        "MALICIOUS": 0,
        "SANE": 0,
        "VALID": 0,
        "total": 14527
    },
    "percentage": {
        "ACTIVE": 99.88986026020514,
        "INACTIVE": 0.11218622914037302,
        "INVALID": 0,
        "MALICIOUS": 0,
        "SANE": 0,
        "VALID": 0,
        "total": 100.00204648934552
    }
}