{
    "counter": {
        "ACTIVE": 15727,
        "INACTIVE": 47,
        "INVALID": 0,
        "MALICIOUS": 0,
        "SANE": 0,
        "VALID": 0,
        "total": 15774
    },
    "percentage": {
        "ACTIVE": 99.7020413338405,
        "INACTIVE": 0.3018431699955045,
        "INVALID": 0,
        "MALICIOUS": 0,
        "SANE": 0,
        "VALID": 0,
        "total": 100.003884503836
    }
}