{
    "counter": {
        "ACTIVE": 8531,
        "INACTIVE": 6,
        "INVALID": 0,
        "MALICIOUS": 0,
        "SANE": 0,
        "VALID": 0,
        "total": 8537
    },
    "percentage": {
        "ACTIVE": 99.92971769942602,
        "INACTIVE": 0.12074864157778226,
        "INVALID": 0,
        "MALICIOUS": 0,
        "SANE": 0,
        "VALID": 0,
        "total": 100.0504663410038
    }
}