{
    "counter": {
        "ACTIVE": 14004,
        "INACTIVE": 8,
        "INVALID": 0,
        "MALICIOUS": 0,
        "SANE": 0,
        "VALID": 0,
        "total": 14012
    },
    "percentage": {
        "ACTIVE": 99.94290608050242,
        "INACTIVE": 0.06565988181221274,
        "INVALID": 0,
        "MALICIOUS": 0,
        "SANE": 0,
        "VALID": 0,
        "total": 100.00856596231463
    }
}