{
    "counter": {
        "ACTIVE": 18872,
        "INACTIVE": 2,
        "INVALID": 0,
        "MALICIOUS": 0,
        "SANE": 0,
        "VALID": 0,
        "total": 18874
    },
    "percentage": {
        "ACTIVE": 99.9894034121013,
        "INACTIVE": 0.01059658789869662,
        "INVALID": 0.0,
        "MALICIOUS": 0.0,
        "SANE": 0.0,
        "VALID": 0.0,
        "total": 100.0
    }
}