{
    "counter": {
        "ACTIVE": 174992,
        "INACTIVE": 13,
        "INVALID": 0,
        "MALICIOUS": 0,
        "SANE": 0,
        "VALID": 0,
        "total": 175005
    },
    "percentage": {
        "ACTIVE": 99.99257164081027,
        "INACTIVE": 0.010932086514850819,
        "INVALID": 0,
        "MALICIOUS": 0,
        "SANE": 0,
        "VALID": 0,
        "total": 100.00350372732512
    }
}