{
    "counter": {
        "ACTIVE": 15842,
        "INACTIVE": 4,
        "INVALID": 0,
        "MALICIOUS": 0,
        "SANE": 0,
        "VALID": 0,
        "total": 15846
    },
    "percentage": {
        "ACTIVE": 99.97475703647608,
        "INACTIVE": 0.03755868544600939,
        "INVALID": 0,
        "MALICIOUS": 0,
        "SANE": 0,
        "VALID": 0,
        "total": 100.01231572192209
    }
}