{
    "counter": {
        "ACTIVE": 16745,
        "INACTIVE": 10,
        "INVALID": 0,
        "MALICIOUS": 0,
        "SANE": 0,
        "VALID": 0,
        "total": 16755
    },
    "percentage": {
        "ACTIVE": 99.94031632348553,
        "INACTIVE": 0.0639386189258312,
        "INVALID": 0,
        "MALICIOUS": 0,
        "SANE": 0,
        "VALID": 0,
        "total": 100.00425494241136
    }
}