{
    "counter": {
        "ACTIVE": 255929,
        "INACTIVE": 14,
        "INVALID": 0,
        "MALICIOUS": 0,
        "SANE": 0,
        "VALID": 0,
        "total": 255943
    },
    "percentage": {
        "ACTIVE": 99.99453003207745,
        "INACTIVE": 0.006299212598425197,
        "INVALID": 0,
        "MALICIOUS": 0,
        "SANE": 0,
        "VALID": 0,
        "total": 100.00082924467587
    }
}