{
    "counter": {
        "ACTIVE": 3368,
        "INACTIVE": 2,
        "INVALID": 0,
        "MALICIOUS": 0,
        "SANE": 0,
        "VALID": 0,
        "total": 3370
    },
    "percentage": {
        "ACTIVE": 99.9406528189911,
        "INACTIVE": 0.09746588693957114,
        "INVALID": 0,
        "MALICIOUS": 0,
        "SANE": 0,
        "VALID": 0,
        "total": 100.03811870593067
    }
}