{
    "counter": {
        "ACTIVE": 44403,
        "INACTIVE": 6,
        "INVALID": 0,
        "MALICIOUS": 0,
        "SANE": 0,
        "VALID": 0,
        "total": 44409
    },
    "percentage": {
        "ACTIVE": 99.98648922515706,
        "INACTIVE": 0.0205761316872428,
        "INVALID": 0,
        "MALICIOUS": 0,
        "SANE": 0,
        "VALID": 0,
        "total": 100.00706535684431
    }
}