{
    "counter": {
        "ACTIVE": 119249,
        "INACTIVE": 13,
        "INVALID": 0,
        "MALICIOUS": 0,
        "SANE": 0,
        "VALID": 0,
        "total": 119262
    },
    "percentage": {
        "ACTIVE": 99.9890996293874,
        "INACTIVE": 0.010932086514850819,
        "INVALID": 0,
        "MALICIOUS": 0,
        "SANE": 0,
        "VALID": 0,
        "total": 100.00003171590225
    }
}