{
    "counter": {
        "ACTIVE": 15801,
        "INACTIVE": 6,
        "INVALID": 0,
        "MALICIOUS": 0,
        "SANE": 0,
        "VALID": 0,
        "total": 15807
    },
    "percentage": {
        "ACTIVE": 99.96204213323212,
        "INACTIVE": 0.04010159069643096,
        "INVALID": 0,
        "MALICIOUS": 0,
        "SANE": 0,
        "VALID": 0,
        "total": 100.00214372392855
    }
}