{
    "counter": {
        "ACTIVE": 15227,
        "INACTIVE": 41,
        "INVALID": 0,
        "MALICIOUS": 0,
        "SANE": 0,
        "VALID": 0,
        "total": 15268
    },
    "percentage": {
        "ACTIVE": 99.73146450091696,
        "INACTIVE": 0.27828683906875723,
        "INVALID": 0,
        "MALICIOUS": 0,
        "SANE": 0,
        "VALID": 0,
        "total": 100.00975133998571
    }
}