{
    "counter": {
        "ACTIVE": 14978,
        "INACTIVE": 1,
        "INVALID": 0,
        "MALICIOUS": 0,
        "SANE": 0,
        "VALID": 0,
        "total": 14979
    },
    "percentage": {
        "ACTIVE": 99.99332398691502,
        "INACTIVE": 0.0093711929528629,
        "INVALID": 0,
        "MALICIOUS": 0,
        "SANE": 0,
        "VALID": 0,
        "total": 100.00269517986789
    }
}