{
    "counter": {
        "ACTIVE": 16852,
        "INACTIVE": 39,
        "INVALID": 1,
        "MALICIOUS": 0,
        "SANE": 0,
        "VALID": 0,
        "total": 16892
    },
    "percentage": {
        "ACTIVE": 99.7632015155103,
        "INACTIVE": 0.23093320701089531,
        "INVALID": 0.005923117929277972,
        "MALICIOUS": 0,
        "SANE": 0,
        "VALID": 0,
        "total": 100.00005784045047
    }
}