{
    "counter": {
        "ACTIVE": 16848,
        "INACTIVE": 39,
        "INVALID": 1,
        "MALICIOUS": 0,
        "SANE": 0,
        "VALID": 0,
        "total": 16888
    },
    "percentage": {
        "ACTIVE": 99.7690531177829,
        "INACTIVE": 0.23093320701089531,
        "INVALID": 0.005923117929277972,
        "MALICIOUS": 0,
        "SANE": 0,
        "VALID": 0,
        "total": 100.00590944272307
    }
}