{
    "counter": {
        "ACTIVE": 7989,
        "INACTIVE": 19,
        "INVALID": 0,
        "MALICIOUS": 0,
        "SANE": 0,
        "VALID": 0,
        "total": 8008
    },
    "percentage": {
        "ACTIVE": 99.76273726273726,
        "INACTIVE": 0.24081115335868186,
        "INVALID": 0,
        "MALICIOUS": 0,
        "SANE": 0,
        "VALID": 0,
        "total": 100.00354841609594
    }
}