{
    "counter": {
        "ACTIVE": 159187,
        "INACTIVE": 13,
        "INVALID": 0,
        "MALICIOUS": 0,
        "SANE": 0,
        "VALID": 0,
        "total": 159200
    },
    "percentage": {
        "ACTIVE": 99.99183417085428,
        "INACTIVE": 0.010932086514850819,
        "INVALID": 0,
        "MALICIOUS": 0,
        "SANE": 0,
        "VALID": 0,
        "total": 100.00276625736913
    }
}