{
    "counter": {
        "ACTIVE": 14186,
        "INACTIVE": 2,
        "INVALID": 0,
        "MALICIOUS": 0,
        "SANE": 0,
        "VALID": 0,
        "total": 14188
    },
    "percentage": {
        "ACTIVE": 99.98590358049056,
        "INACTIVE": 0.014552863275849523,
        "INVALID": 0,
        "MALICIOUS": 0,
        "SANE": 0,
        "VALID": 0,
        "total": 100.00045644376641
    }
}