{
    "counter": {
        "ACTIVE": 9492,
        "INACTIVE": 21,
        "INVALID": 0,
        "MALICIOUS": 0,
        "SANE": 0,
        "VALID": 0,
        "total": 9513
    },
    "percentage": {
        "ACTIVE": 99.77924944812362,
        "INACTIVE": 0.24656569214512153,
        "INVALID": 0,
        "MALICIOUS": 0,
        "SANE": 0,
        "VALID": 0,
        "total": 100.02581514026875
    }
}