{
    "counter": {
        "ACTIVE": 16781,
        "INACTIVE": 24,
        "INVALID": 0,
        "MALICIOUS": 0,
        "SANE": 0,
        "VALID": 0,
        "total": 16805
    },
    "percentage": {
        "ACTIVE": 99.85718536149956,
        "INACTIVE": 0.1428146385004463,
        "INVALID": 0.0,
        "MALICIOUS": 0.0,
        "SANE": 0.0,
        "VALID": 0.0,
        "total": 100.0
    }
}