{
    "counter": {
        "ACTIVE": 13854,
        "INACTIVE": 3,
        "INVALID": 0,
        "MALICIOUS": 0,
        "SANE": 0,
        "VALID": 0,
        "total": 13857
    },
    "percentage": {
        "ACTIVE": 99.97835029227106,
        "INACTIVE": 0.05185825410544512,
        "INVALID": 0,
        "MALICIOUS": 0,
        "SANE": 0,
        "VALID": 0,
        "total": 100.0302085463765
    }
}