{
    "counter": {
        "ACTIVE": 4295,
        "INACTIVE": 16,
        "INVALID": 0,
        "MALICIOUS": 0,
        "SANE": 0,
        "VALID": 0,
        "total": 4311
    },
    "percentage": {
        "ACTIVE": 99.6288564138251,
        "INACTIVE": 0.4621606008087811,
        "INVALID": 0,
        "MALICIOUS": 0,
        "SANE": 0,
        "VALID": 0,
        "total": 100.09101701463389
    }
}