{
    "counter": {
        "ACTIVE": 14310,
        "INACTIVE": 5,
        "INVALID": 0,
        "MALICIOUS": 0,
        "SANE": 0,
        "VALID": 0,
        "total": 14315
    },
    "percentage": {
        "ACTIVE": 99.96507160321342,
        "INACTIVE": 0.03572959839931399,
        "INVALID": 0,
        "MALICIOUS": 0,
        "SANE": 0,
        "VALID": 0,
        "total": 100.00080120161273
    }
}