{
    "counter": {
        "ACTIVE": 13861,
        "INACTIVE": 4,
        "INVALID": 0,
        "MALICIOUS": 0,
        "SANE": 0,
        "VALID": 0,
        "total": 13865
    },
    "percentage": {
        "ACTIVE": 99.97115037865127,
        "INACTIVE": 0.0324254215304799,
        "INVALID": 0,
        "MALICIOUS": 0,
        "SANE": 0,
        "VALID": 0,
        "total": 100.00357580018175
    }
}