{
    "counter": {
        "ACTIVE": 15964,
        "INACTIVE": 18,
        "INVALID": 0,
        "MALICIOUS": 0,
        "SANE": 0,
        "VALID": 0,
        "total": 15982
    },
    "percentage": {
        "ACTIVE": 99.88737329495683,
        "INACTIVE": 0.1601993592025632,
        "INVALID": 0,
        "MALICIOUS": 0,
        "SANE": 0,
        "VALID": 0,
        "total": 100.0475726541594
    }
}