{
    "counter": {
        "ACTIVE": 13714,
        "INACTIVE": 31,
        "INVALID": 0,
        "MALICIOUS": 0,
        "SANE": 0,
        "VALID": 0,
        "total": 13745
    },
    "percentage": {
        "ACTIVE": 99.77446344125137,
        "INACTIVE": 0.24513680215087774,
        "INVALID": 0,
        "MALICIOUS": 0,
        "SANE": 0,
        "VALID": 0,
        "total": 100.01960024340225
    }
}