{
    "counter": {
        "ACTIVE": 1210,
        "INACTIVE": 5,
        "INVALID": 0,
        "MALICIOUS": 0,
        "SANE": 0,
        "VALID": 0,
        "total": 1215
    },
    "percentage": {
        "ACTIVE": 99.58847736625515,
        "INACTIVE": 0.5045408678102926,
        "INVALID": 0,
        "MALICIOUS": 0,
        "SANE": 0,
        "VALID": 0,
        "total": 100.09301823406544
    }
}