{
    "counter": {
        "ACTIVE": 5114,
        "INACTIVE": 20,
        "INVALID": 0,
        "MALICIOUS": 0,
        "SANE": 0,
        "VALID": 0,
        "total": 5134
    },
    "percentage": {
        "ACTIVE": 99.6104402025711,
        "INACTIVE": 0.44424700133274103,
        "INVALID": 0,
        "MALICIOUS": 0,
        "SANE": 0,
        "VALID": 0,
        "total": 100.05468720390384
    }
}