{
    "counter": {
        "ACTIVE": 9910,
        "INACTIVE": 18,
        "INVALID": 0,
        "MALICIOUS": 0,
        "SANE": 0,
        "VALID": 0,
        "total": 9928
    },
    "percentage": {
        "ACTIVE": 99.81869460112813,
        "INACTIVE": 0.18604651162790697,
        "INVALID": 0,
        "MALICIOUS": 0,
        "SANE": 0,
        "VALID": 0,
        "total": 100.00474111275604
    }
}