{
    "counter": {
        "ACTIVE": 250319,
        "INACTIVE": 14,
        "INVALID": 0,
        "MALICIOUS": 0,
        "SANE": 0,
        "VALID": 0,
        "total": 250333
    },
    "percentage": {
        "ACTIVE": 99.99440744927756,
        "INACTIVE": 0.006299212598425197,
        "INVALID": 0,
        "MALICIOUS": 0,
        "SANE": 0,
        "VALID": 0,
        "total": 100.00070666187598
    }
}