{
    "counter": {
        "ACTIVE": 3875,
        "INACTIVE": 5,
        "INVALID": 0,
        "MALICIOUS": 0,
        "SANE": 0,
        "VALID": 0,
        "total": 3880
    },
    "percentage": {
        "ACTIVE": 99.87113402061856,
        "INACTIVE": 0.13455328310010764,
        "INVALID": 0,
        "MALICIOUS": 0,
        "SANE": 0,
        "VALID": 0,
        "total": 100.00568730371866
    }
}