{
    "counter": {
        "ACTIVE": 14985,
        "INACTIVE": 2,
        "INVALID": 0,
        "MALICIOUS": 0,
        "SANE": 0,
        "VALID": 0,
        "total": 14987
    },
    "percentage": {
        "ACTIVE": 99.9866551010876,
        "INACTIVE": 0.01349345567399811,
        "INVALID": 0,
        "MALICIOUS": 0,
        "SANE": 0,
        "VALID": 0,
        "total": 100.0001485567616
    }
}