{
    "counter": {
        "ACTIVE": 4289,
        "INACTIVE": 8,
        "INVALID": 0,
        "MALICIOUS": 0,
        "SANE": 0,
        "VALID": 0,
        "total": 4297
    },
    "percentage": {
        "ACTIVE": 99.81382359785897,
        "INACTIVE": 0.1941747572815534,
        "INVALID": 0,
        "MALICIOUS": 0,
        "SANE": 0,
        "VALID": 0,
        "total": 100.00799835514053
    }
}