{
    "counter": {
        "ACTIVE": 16312,
        "INACTIVE": 28,
        "INVALID": 0,
        "MALICIOUS": 0,
        "SANE": 0,
        "VALID": 0,
        "total": 16340
    },
    "percentage": {
        "ACTIVE": 99.82864137086904,
        "INACTIVE": 0.17757483510908167,
        "INVALID": 0,
        "MALICIOUS": 0,
        "SANE": 0,
        "VALID": 0,
        "total": 100.00621620597812
    }
}