{
    "counter": {
        "ACTIVE": 15867,
        "INACTIVE": 26,
        "INVALID": 0,
        "MALICIOUS": 0,
        "SANE": 0,
        "VALID": 0,
        "total": 15893
    },
    "percentage": {
        "ACTIVE": 99.8364059648902,
        "INACTIVE": 0.21460998761865457,
        "INVALID": 0,
        "MALICIOUS": 0,
        "SANE": 0,
        "VALID": 0,
        "total": 100.05101595250886
    }
}