{
    "counter": {
        "ACTIVE": 290347,
        "INACTIVE": 14,
        "INVALID": 0,
        "MALICIOUS": 0,
        "SANE": 0,
        "VALID": 0,
        "total": 290361
    },
    "percentage": {
        "ACTIVE": 99.99517841583408,
        "INACTIVE": 0.006299212598425197,
        "INVALID": 0,
        "MALICIOUS": 0,
        "SANE": 0,
        "VALID": 0,
        "total": 100.0014776284325
    }
}