{
    "counter": {
        "ACTIVE": 14042,
        "INACTIVE": 10,
        "INVALID": 0,
        "MALICIOUS": 0,
        "SANE": 0,
        "VALID": 0,
        "total": 14052
    },
    "percentage": {
        "ACTIVE": 99.92883575291773,
        "INACTIVE": 0.08822232024702249,
        "INVALID": 0,
        "MALICIOUS": 0,
        "SANE": 0,
        "VALID": 0,
        "total": 100.01705807316476
    }
}