{
    "counter": {
        "ACTIVE": 9679,
        "INACTIVE": 6,
        "INVALID": 0,
        "MALICIOUS": 0,
        "SANE": 0,
        "VALID": 0,
        "total": 9685
    },
    "percentage": {
        "ACTIVE": 99.93804852865256,
        "INACTIVE": 0.0724812756704518,
        "INVALID": 0,
        "MALICIOUS": 0,
        "SANE": 0,
        "VALID": 0,
        "total": 100.01052980432301
    }
}