{
    "counter": {
        "ACTIVE": 259609,
        "INACTIVE": 14,
        "INVALID": 0,
        "MALICIOUS": 0,
        "SANE": 0,
        "VALID": 0,
        "total": 259623
    },
    "percentage": {
        "ACTIVE": 99.99460756558548,
        "INACTIVE": 0.006299212598425197,
        "INVALID": 0,
        "MALICIOUS": 0,
        "SANE": 0,
        "VALID": 0,
        "total": 100.0009067781839
    }
}