{
    "counter": {
        "ACTIVE": 16192,
        "INACTIVE": 18,
        "INVALID": 0,
        "MALICIOUS": 0,
        "SANE": 0,
        "VALID": 0,
        "total": 16210
    },
    "percentage": {
        "ACTIVE": 99.88895743368292,
        "INACTIVE": 0.1601993592025632,
        "INVALID": 0,
        "MALICIOUS": 0,
        "SANE": 0,
        "VALID": 0,
        "total": 100.04915679288548
    }
}