{
    "counter": {
        "ACTIVE": 8605,
        "INACTIVE": 28,
        "INVALID": 0,
        "MALICIOUS": 0,
        "SANE": 0,
        "VALID": 0,
        "total": 8633
    },
    "percentage": {
        "ACTIVE": 99.6756631530175,
        "INACTIVE": 0.35718841688990943,
        "INVALID": 0,
        "MALICIOUS": 0,
        "SANE": 0,
        "VALID": 0,
        "total": 100.03285156990741
    }
}