{
    "counter": {
        "ACTIVE": 12337,
        "INACTIVE": 42,
        "INVALID": 0,
        "MALICIOUS": 0,
        "SANE": 0,
        "VALID": 0,
        "total": 12379
    },
    "percentage": {
        "ACTIVE": 99.66071572824946,
        "INACTIVE": 0.34831647039310004,
        "INVALID": 0,
        "MALICIOUS": 0,
        "SANE": 0,
        "VALID": 0,
        "total": 100.00903219864256
    }
}