{
    "counter": {
        "ACTIVE": 9186,
        "INACTIVE": 28,
        "INVALID": 0,
        "MALICIOUS": 0,
        "SANE": 0,
        "VALID": 0,
        "total": 9214
    },
    "percentage": {
        "ACTIVE": 99.69611460820491,
        "INACTIVE": 0.3547896604156107,
        "INVALID": 0,
        "MALICIOUS": 0,
        "SANE": 0,
        "VALID": 0,
        "total": 100.05090426862051
    }
}