{
    "counter": {
        "ACTIVE": 11228,
        "INACTIVE": 20,
        "INVALID": 0,
        "MALICIOUS": 0,
        "SANE": 0,
        "VALID": 0,
        "total": 11248
    },
    "percentage": {
        "ACTIVE": 99.8221906116643,
        "INACTIVE": 0.2349900129244507,
        "INVALID": 0,
        "MALICIOUS": 0,
        "SANE": 0,
        "VALID": 0,
        "total": 100.05718062458875
    }
}