{
    "counter": {
        "ACTIVE": 15112,
        "INACTIVE": 25,
        "INVALID": 0,
        "MALICIOUS": 0,
        "SANE": 0,
        "VALID": 0,
        "total": 15137
    },
    "percentage": {
        "ACTIVE": 99.83484177842374,
        "INACTIVE": 0.1698023500645249,
        "INVALID": 0,
        "MALICIOUS": 0,
        "SANE": 0,
        "VALID": 0,
        "total": 100.00464412848827
    }
}