{
    "counter": {
        "ACTIVE": 14734,
        "INACTIVE": 10,
        "INVALID": 0,
        "MALICIOUS": 0,
        "SANE": 0,
        "VALID": 0,
        "total": 14744
    },
    "percentage": {
        "ACTIVE": 99.93217580032555,
        "INACTIVE": 0.06809669731018046,
        "INVALID": 0,
        "MALICIOUS": 0,
        "SANE": 0,
        "VALID": 0,
        "total": 100.00027249763573
    }
}