{
    "counter": {
        "ACTIVE": 12807,
        "INACTIVE": 19,
        "INVALID": 0,
        "MALICIOUS": 0,
        "SANE": 0,
        "VALID": 0,
        "total": 12826
    },
    "percentage": {
        "ACTIVE": 99.85186340246375,
        "INACTIVE": 0.15498817195529815,
        "INVALID": 0,
        "MALICIOUS": 0,
        "SANE": 0,
        "VALID": 0,
        "total": 100.00685157441904
    }
}