{
    "counter": {
        "ACTIVE": 15138,
        "INACTIVE": 4,
        "INVALID": 0,
        "MALICIOUS": 0,
        "SANE": 0,
        "VALID": 0,
        "total": 15142
    },
    "percentage": {
        "ACTIVE": 99.97358341038172,
        "INACTIVE": 0.038895371450797356,
        "INVALID": 0,
        "MALICIOUS": 0,
        "SANE": 0,
        "VALID": 0,
        "total": 100.01247878183251
    }
}