{
    "counter": {
        "ACTIVE": 11251,
        "INACTIVE": 3,
        "INVALID": 0,
        "MALICIOUS": 0,
        "SANE": 0,
        "VALID": 0,
        "total": 11254
    },
    "percentage": {
        "ACTIVE": 99.97334281144482,
        "INACTIVE": 0.08027829810008028,
        "INVALID": 0,
        "MALICIOUS": 0,
        "SANE": 0,
        "VALID": 0,
        "total": 100.0536211095449
    }
}