{
    "counter": {
        "ACTIVE": 16914,
        "INACTIVE": 4,
        "INVALID": 0,
        "MALICIOUS": 0,
        "SANE": 0,
        "VALID": 0,
        "total": 16918
    },
    "percentage": {
        "ACTIVE": 99.97635654332663,
        "INACTIVE": 0.03021376236875897,
        "INVALID": 0,
        "MALICIOUS": 0,
        "SANE": 0,
        "VALID": 0,
        "total": 100.00657030569539
    }
}