{
    "counter": {
        "ACTIVE": 18832,
        "INACTIVE": 1,
        "INVALID": 0,
        "MALICIOUS": 0,
        "SANE": 0,
        "VALID": 0,
        "total": 18833
    },
    "percentage": {
        "ACTIVE": 99.99469017150746,
        "INACTIVE": 0.005309828492539691,
        "INVALID": 0.0,
        "MALICIOUS": 0.0,
        "SANE": 0.0,
        "VALID": 0.0,
        "total": 100.0
    }
}