{
    "counter": {
        "ACTIVE": 5426,
        "INACTIVE": 26,
        "INVALID": 0,
        "MALICIOUS": 0,
        "SANE": 0,
        "VALID": 0,
        "total": 5452
    },
    "percentage": {
        "ACTIVE": 99.52311078503301,
        "INACTIVE": 0.49056603773584906,
        "INVALID": 0,
        "MALICIOUS": 0,
        "SANE": 0,
        "VALID": 0,
        "total": 100.01367682276886
    }
}