{
    "counter": {
        "ACTIVE": 16151,
        "INACTIVE": 35,
        "INVALID": 0,
        "MALICIOUS": 0,
        "SANE": 0,
        "VALID": 0,
        "total": 16186
    },
    "percentage": {
        "ACTIVE": 99.78376374644755,
        "INACTIVE": 0.24354603019970775,
        "INVALID": 0,
        "MALICIOUS": 0,
        "SANE": 0,
        "VALID": 0,
        "total": 100.02730977664726
    }
}