{
    "counter": {
        "ACTIVE": 16876,
        "INACTIVE": 996,
        "INVALID": 0,
        "MALICIOUS": 0,
        "SANE": 0,
        "VALID": 0,
        "total": 17872
    },
    "percentage": {
        "ACTIVE": 94.42703670546106,
        "INACTIVE": 5.572963294538944,
        "INVALID": 0.0,
        "MALICIOUS": 0.0,
        "SANE": 0.0,
        "VALID": 0.0,
        "total": 100.0
    }
}