{
    "counter": {
        "ACTIVE": 15999,
        "INACTIVE": 35,
        "INVALID": 0,
        "MALICIOUS": 0,
        "SANE": 0,
        "VALID": 0,
        "total": 16034
    },
    "percentage": {
        "ACTIVE": 99.78171385805165,
        "INACTIVE": 0.2345687286374908,
        "INVALID": 0,
        "MALICIOUS": 0,
        "SANE": 0,
        "VALID": 0,
        "total": 100.01628258668913
    }
}