{
    "counter": {
        "ACTIVE": 2425,
        "INACTIVE": 3,
        "INVALID": 0,
        "MALICIOUS": 0,
        "SANE": 0,
        "VALID": 0,
        "total": 2428
    },
    "percentage": {
        "ACTIVE": 99.87644151565074,
        "INACTIVE": 0.13580805794477138,
        "INVALID": 0,
        "MALICIOUS": 0,
        "SANE": 0,
        "VALID": 0,
        "total": 100.01224957359551
    }
}