{
    "counter": {
        "ACTIVE": 15685,
        "INACTIVE": 47,
        "INVALID": 0,
        "MALICIOUS": 0,
        "SANE": 0,
        "VALID": 0,
        "total": 15732
    },
    "percentage": {
        "ACTIVE": 99.70124586829392,
        "INACTIVE": 0.35522636233088956,
        "INVALID": 0,
        "MALICIOUS": 0,
        "SANE": 0,
        "VALID": 0,
        "total": 100.05647223062482
    }
}