{
    "counter": {
        "ACTIVE": 16708,
        "INACTIVE": 24,
        "INVALID": 0,
        "MALICIOUS": 0,
        "SANE": 0,
        "VALID": 0,
        "total": 16732
    },
    "percentage": {
        "ACTIVE": 99.85656227587856,
        "INACTIVE": 0.14343772412144393,
        "INVALID": 0.0,
        "MALICIOUS": 0.0,
        "SANE": 0.0,
        "VALID": 0.0,
        "total": 100.0
    }
}