{
    "counter": {
        "ACTIVE": 12961,
        "INACTIVE": 15,
        "INVALID": 0,
        "MALICIOUS": 0,
        "SANE": 0,
        "VALID": 0,
        "total": 12976
    },
    "percentage": {
        "ACTIVE": 99.884401972873,
        "INACTIVE": 0.12573344509639564,
        "INVALID": 0,
        "MALICIOUS": 0,
        "SANE": 0,
        "VALID": 0,
        "total": 100.0101354179694
    }
}