{
    "counter": {
        "ACTIVE": 13039,
        "INACTIVE": 1,
        "INVALID": 0,
        "MALICIOUS": 0,
        "SANE": 0,
        "VALID": 0,
        "total": 13040
    },
    "percentage": {
        "ACTIVE": 99.99233128834356,
        "INACTIVE": 0.012080212611741966,
        "INVALID": 0,
        "MALICIOUS": 0,
        "SANE": 0,
        "VALID": 0,
        "total": 100.0044115009553
    }
}