{
    "counter": {
        "ACTIVE": 10483,
        "INACTIVE": 23,
        "INVALID": 0,
        "MALICIOUS": 0,
        "SANE": 0,
        "VALID": 0,
        "total": 10506
    },
    "percentage": {
        "ACTIVE": 99.7810774795355,
        "INACTIVE": 0.225115004404424,
        "INVALID": 0,
        "MALICIOUS": 0,
        "SANE": 0,
        "VALID": 0,
        "total": 100.00619248393993
    }
}