{
    "counter": {
        "ACTIVE": 12255,
        "INACTIVE": 5,
        "INVALID": 0,
        "MALICIOUS": 0,
        "SANE": 0,
        "VALID": 0,
        "total": 12260
    },
    "percentage": {
        "ACTIVE": 99.95921696574226,
        "INACTIVE": 0.10229132569558101,
        "INVALID": 0,
        "MALICIOUS": 0,
        "SANE": 0,
        "VALID": 0,
        "total": 100.06150829143783
    }
}