{
    "counter": {
        "ACTIVE": 12674,
        "INACTIVE": 7,
        "INVALID": 0,
        "MALICIOUS": 0,
        "SANE": 0,
        "VALID": 0,
        "total": 12681
    },
    "percentage": {
        "ACTIVE": 99.94479930604842,
        "INACTIVE": 0.06070592316364582,
        "INVALID": 0,
        "MALICIOUS": 0,
        "SANE": 0,
        "VALID": 0,
        "total": 100.00550522921208
    }
}