{
    "counter": {
        "ACTIVE": 63318,
        "INACTIVE": 4,
        "INVALID": 0,
        "MALICIOUS": 0,
        "SANE": 0,
        "VALID": 0,
        "total": 63322
    },
    "percentage": {
        "ACTIVE": 99.99368308013013,
        "INACTIVE": 0.013466199838405602,
        "INVALID": 0,
        "MALICIOUS": 0,
        "SANE": 0,
        "VALID": 0,
        "total": 100.00714927996853
    }
}