{
    "counter": {
        "ACTIVE": 16727,
        "INACTIVE": 28,
        "INVALID": 0,
        "MALICIOUS": 0,
        "SANE": 0,
        "VALID": 0,
        "total": 16755
    },
    "percentage": {
        "ACTIVE": 99.83288570575948,
        "INACTIVE": 0.17346053772766695,
        "INVALID": 0,
        "MALICIOUS": 0,
        "SANE": 0,
        "VALID": 0,
        "total": 100.00634624348714
    }
}