{
    "counter": {
        "ACTIVE": 10885,
        "INACTIVE": 23,
        "INVALID": 0,
        "MALICIOUS": 0,
        "SANE": 0,
        "VALID": 0,
        "total": 10908
    },
    "percentage": {
        "ACTIVE": 99.78914558122479,
        "INACTIVE": 0.225115004404424,
        "INVALID": 0,
        "MALICIOUS": 0,
        "SANE": 0,
        "VALID": 0,
        "total": 100.01426058562922
    }
}