{
    "counter": {
        "ACTIVE": 12884,
        "INACTIVE": 4,
        "INVALID": 0,
        "MALICIOUS": 0,
        "SANE": 0,
        "VALID": 0,
        "total": 12888
    },
    "percentage": {
        "ACTIVE": 99.9689633767846,
        "INACTIVE": 0.03755868544600939,
        "INVALID": 0,
        "MALICIOUS": 0,
        "SANE": 0,
        "VALID": 0,
        "total": 100.00652206223062
    }
}