{
    "counter": {
        "ACTIVE": 10975,
        "INACTIVE": 23,
        "INVALID": 0,
        "MALICIOUS": 0,
        "SANE": 0,
        "VALID": 0,
        "total": 10998
    },
    "percentage": {
        "ACTIVE": 99.79087106746681,
        "INACTIVE": 0.21769995267392334,
        "INVALID": 0,
        "MALICIOUS": 0,
        "SANE": 0,
        "VALID": 0,
        "total": 100.00857102014074
    }
}