{
    "counter": {
        "ACTIVE": 16100,
        "INACTIVE": 6,
        "INVALID": 0,
        "MALICIOUS": 0,
        "SANE": 0,
        "VALID": 0,
        "total": 16106
    },
    "percentage": {
        "ACTIVE": 99.96274680243387,
        "INACTIVE": 0.0374859427714607,
        "INVALID": 0,
        "MALICIOUS": 0,
        "SANE": 0,
        "VALID": 0,
        "total": 100.00023274520532
    }
}