{
    "counter": {
        "ACTIVE": 16536,
        "INACTIVE": 1,
        "INVALID": 0,
        "MALICIOUS": 0,
        "SANE": 0,
        "VALID": 0,
        "total": 16537
    },
    "percentage": {
        "ACTIVE": 99.99395295398197,
        "INACTIVE": 0.007995522507395858,
        "INVALID": 0,
        "MALICIOUS": 0,
        "SANE": 0,
        "VALID": 0,
        "total": 100.00194847648937
    }
}