{
    "counter": {
        "ACTIVE": 2123,
        "INACTIVE": 6,
        "INVALID": 0,
        "MALICIOUS": 0,
        "SANE": 0,
        "VALID": 0,
        "total": 2129
    },
    "percentage": {
        "ACTIVE": 99.71817754814467,
        "INACTIVE": 0.5042016806722689,
        "INVALID": 0,
        "MALICIOUS": 0,
        "SANE": 0,
        "VALID": 0,
        "total": 100.22237922881693
    }
}