{
    "counter": {
        "ACTIVE": 16297,
        "INACTIVE": 25,
        "INVALID": 0,
        "MALICIOUS": 0,
        "SANE": 0,
        "VALID": 0,
        "total": 16322
    },
    "percentage": {
        "ACTIVE": 99.84683249601764,
        "INACTIVE": 0.19152685206465947,
        "INVALID": 0,
        "MALICIOUS": 0,
        "SANE": 0,
        "VALID": 0,
        "total": 100.0383593480823
    }
}