{
    "counter": {
        "ACTIVE": 14619,
        "INACTIVE": 7,
        "INVALID": 0,
        "MALICIOUS": 0,
        "SANE": 0,
        "VALID": 0,
        "total": 14626
    },
    "percentage": {
        "ACTIVE": 99.9521400246137,
        "INACTIVE": 0.052718782949239346,
        "INVALID": 0,
        "MALICIOUS": 0,
        "SANE": 0,
        "VALID": 0,
        "total": 100.00485880756294
    }
}