{
    "counter": {
        "ACTIVE": 11213,
        "INACTIVE": 10,
        "INVALID": 0,
        "MALICIOUS": 0,
        "SANE": 0,
        "VALID": 0,
        "total": 11223
    },
    "percentage": {
        "ACTIVE": 99.91089726454602,
        "INACTIVE": 0.09415309292910272,
        "INVALID": 0,
        "MALICIOUS": 0,
        "SANE": 0,
        "VALID": 0,
        "total": 100.00505035747513
    }
}