{
    "counter": {
        "ACTIVE": 10921,
        "INACTIVE": 2,
        "INVALID": 0,
        "MALICIOUS": 0,
        "SANE": 0,
        "VALID": 0,
        "total": 10923
    },
    "percentage": {
        "ACTIVE": 99.98169001190149,
        "INACTIVE": 0.04094165813715456,
        "INVALID": 0,
        "MALICIOUS": 0,
        "SANE": 0,
        "VALID": 0,
        "total": 100.02263167003865
    }
}