{
    "counter": {
        "ACTIVE": 1784,
        "INACTIVE": 6,
        "INVALID": 0,
        "MALICIOUS": 0,
        "SANE": 0,
        "VALID": 0,
        "total": 1790
    },
    "percentage": {
        "ACTIVE": 99.66480446927375,
        "INACTIVE": 0.3560830860534125,
        "INVALID": 0,
        "MALICIOUS": 0,
        "SANE": 0,
        "VALID": 0,
        "total": 100.02088755532716
    }
}