{
    "counter": {
        "ACTIVE": 14202,
        "INACTIVE": 3,
        "INVALID": 0,
        "MALICIOUS": 0,
        "SANE": 0,
        "VALID": 0,
        "total": 14205
    },
    "percentage": {
        "ACTIVE": 99.97888067581837,
        "INACTIVE": 0.025408655882103837,
        "INVALID": 0,
        "MALICIOUS": 0,
        "SANE": 0,
        "VALID": 0,
        "total": 100.00428933170048
    }
}