{
    "counter": {
        "ACTIVE": 14672,
        "INACTIVE": 9,
        "INVALID": 0,
        "MALICIOUS": 0,
        "SANE": 0,
        "VALID": 0,
        "total": 14681
    },
    "percentage": {
        "ACTIVE": 99.93869627409578,
        "INACTIVE": 0.06985950477373283,
        "INVALID": 0,
        "MALICIOUS": 0,
        "SANE": 0,
        "VALID": 0,
        "total": 100.0085557788695
    }
}