{
    "counter": {
        "ACTIVE": 15542,
        "INACTIVE": 18,
        "INVALID": 0,
        "MALICIOUS": 0,
        "SANE": 0,
        "VALID": 0,
        "total": 15560
    },
    "percentage": {
        "ACTIVE": 99.88431876606684,
        "INACTIVE": 0.1601993592025632,
        "INVALID": 0,
        "MALICIOUS": 0,
        "SANE": 0,
        "VALID": 0,
        "total": 100.0445181252694
    }
}