{
    "counter": {
        "ACTIVE": 14745,
        "INACTIVE": 6,
        "INVALID": 0,
        "MALICIOUS": 0,
        "SANE": 0,
        "VALID": 0,
        "total": 14751
    },
    "percentage": {
        "ACTIVE": 99.95932479153956,
        "INACTIVE": 0.04785452225235285,
        "INVALID": 0,
        "MALICIOUS": 0,
        "SANE": 0,
        "VALID": 0,
        "total": 100.00717931379191
    }
}