{
    "counter": {
        "ACTIVE": 18883,
        "INACTIVE": 16,
        "INVALID": 0,
        "MALICIOUS": 0,
        "SANE": 0,
        "VALID": 0,
        "total": 18899
    },
    "percentage": {
        "ACTIVE": 99.915339435949,
        "INACTIVE": 0.08466056405100798,
        "INVALID": 0.0,
        "MALICIOUS": 0.0,
        "SANE": 0.0,
        "VALID": 0.0,
        "total": 100.0
    }
}