{
    "counter": {
        "ACTIVE": 1600,
        "INACTIVE": 9,
        "INVALID": 0,
        "MALICIOUS": 0,
        "SANE": 0,
        "VALID": 0,
        "total": 1609
    },
    "percentage": {
        "ACTIVE": 99.44064636420137,
        "INACTIVE": 0.5810200129115558,
        "INVALID": 0,
        "MALICIOUS": 0,
        "SANE": 0,
        "VALID": 0,
        "total": 100.02166637711292
    }
}