{
    "counter": {
        "ACTIVE": 148537,
        "INACTIVE": 13,
        "INVALID": 0,
        "MALICIOUS": 0,
        "SANE": 0,
        "VALID": 0,
        "total": 148550
    },
    "percentage": {
        "ACTIVE": 99.99124873779873,
        "INACTIVE": 0.010932086514850819,
        "INVALID": 0,
        "MALICIOUS": 0,
        "SANE": 0,
        "VALID": 0,
        "total": 100.00218082431358
    }
}