{
    "counter": {
        "ACTIVE": 13935,
        "INACTIVE": 300,
        "INVALID": 0,
        "MALICIOUS": 0,
        "SANE": 0,
        "VALID": 0,
        "total": 14235
    },
    "percentage": {
        "ACTIVE": 97.89251844046365,
        "INACTIVE": 2.391772303276728,
        "INVALID": 0,
        "MALICIOUS": 0,
        "SANE": 0,
        "VALID": 0,
        "total": 100.28429074374037
    }
}