{
    "counter": {
        "ACTIVE": 15611,
        "INACTIVE": 26,
        "INVALID": 0,
        "MALICIOUS": 0,
        "SANE": 0,
        "VALID": 0,
        "total": 15637
    },
    "percentage": {
        "ACTIVE": 99.83372769712861,
        "INACTIVE": 0.21460998761865457,
        "INVALID": 0,
        "MALICIOUS": 0,
        "SANE": 0,
        "VALID": 0,
        "total": 100.04833768474727
    }
}