{
    "counter": {
        "ACTIVE": 9738,
        "INACTIVE": 22,
        "INVALID": 0,
        "MALICIOUS": 0,
        "SANE": 0,
        "VALID": 0,
        "total": 9760
    },
    "percentage": {
        "ACTIVE": 99.77459016393442,
        "INACTIVE": 0.24027959807776322,
        "INVALID": 0,
        "MALICIOUS": 0,
        "SANE": 0,
        "VALID": 0,
        "total": 100.01486976201218
    }
}