{
    "counter": {
        "ACTIVE": 2353,
        "INACTIVE": 11,
        "INVALID": 0,
        "MALICIOUS": 0,
        "SANE": 0,
        "VALID": 0,
        "total": 2364
    },
    "percentage": {
        "ACTIVE": 99.53468697123519,
        "INACTIVE": 0.5181347150259067,
        "INVALID": 0,
        "MALICIOUS": 0,
        "SANE": 0,
        "VALID": 0,
        "total": 100.0528216862611
    }
}