{
    "counter": {
        "ACTIVE": 8508,
        "INACTIVE": 12,
        "INVALID": 0,
        "MALICIOUS": 0,
        "SANE": 0,
        "VALID": 0,
        "total": 8520
    },
    "percentage": {
        "ACTIVE": 99.85915492957747,
        "INACTIVE": 0.414651002073255,
        "INVALID": 0,
        "MALICIOUS": 0,
        "SANE": 0,
        "VALID": 0,
        "total": 100.27380593165073
    }
}