{
    "counter": {
        "ACTIVE": 15231,
        "INACTIVE": 35,
        "INVALID": 0,
        "MALICIOUS": 0,
        "SANE": 0,
        "VALID": 0,
        "total": 15266
    },
    "percentage": {
        "ACTIVE": 99.77073234639067,
        "INACTIVE": 0.24354603019970775,
        "INVALID": 0,
        "MALICIOUS": 0,
        "SANE": 0,
        "VALID": 0,
        "total": 100.01427837659038
    }
}