{
    "counter": {
        "ACTIVE": 12581,
        "INACTIVE": 2,
        "INVALID": 0,
        "MALICIOUS": 0,
        "SANE": 0,
        "VALID": 0,
        "total": 12583
    },
    "percentage": {
        "ACTIVE": 99.98410553921958,
        "INACTIVE": 0.022067747986317995,
        "INVALID": 0,
        "MALICIOUS": 0,
        "SANE": 0,
        "VALID": 0,
        "total": 100.0061732872059
    }
}