{
    "counter": {
        "ACTIVE": 79281,
        "INACTIVE": 4,
        "INVALID": 0,
        "MALICIOUS": 0,
        "SANE": 0,
        "VALID": 0,
        "total": 79285
    },
    "percentage": {
        "ACTIVE": 99.99495490950369,
        "INACTIVE": 0.013466199838405602,
        "INVALID": 0,
        "MALICIOUS": 0,
        "SANE": 0,
        "VALID": 0,
        "total": 100.0084211093421
    }
}