{
    "counter": {
        "ACTIVE": 164739,
        "INACTIVE": 13,
        "INVALID": 0,
        "MALICIOUS": 0,
        "SANE": 0,
        "VALID": 0,
        "total": 164752
    },
    "percentage": {
        "ACTIVE": 99.99210935223851,
        "INACTIVE": 0.010932086514850819,
        "INVALID": 0,
        "MALICIOUS": 0,
        "SANE": 0,
        "VALID": 0,
        "total": 100.00304143875337
    }
}