{
    "counter": {
        "ACTIVE": 219199,
        "INACTIVE": 13,
        "INVALID": 0,
        "MALICIOUS": 0,
        "SANE": 0,
        "VALID": 0,
        "total": 219212
    },
    "percentage": {
        "ACTIVE": 99.99406966771892,
        "INACTIVE": 0.010932086514850819,
        "INVALID": 0,
        "MALICIOUS": 0,
        "SANE": 0,
        "VALID": 0,
        "total": 100.00500175423377
    }
}