{
    "counter": {
        "ACTIVE": 11262,
        "INACTIVE": 2,
        "INVALID": 0,
        "MALICIOUS": 0,
        "SANE": 0,
        "VALID": 0,
        "total": 11264
    },
    "percentage": {
        "ACTIVE": 99.98224431818181,
        "INACTIVE": 0.03129890453834116,
        "INVALID": 0,
        "MALICIOUS": 0,
        "SANE": 0,
        "VALID": 0,
        "total": 100.01354322272016
    }
}