{
    "counter": {
        "ACTIVE": 15729,
        "INACTIVE": 47,
        "INVALID": 0,
        "MALICIOUS": 0,
        "SANE": 0,
        "VALID": 0,
        "total": 15776
    },
    "percentage": {
        "ACTIVE": 99.70207910750507,
        "INACTIVE": 0.35522636233088956,
        "INVALID": 0,
        "MALICIOUS": 0,
        "SANE": 0,
        "VALID": 0,
        "total": 100.05730546983597
    }
}