{
    "counter": {
        "ACTIVE": 14730,
        "INACTIVE": 10,
        "INVALID": 0,
        "MALICIOUS": 0,
        "SANE": 0,
        "VALID": 0,
        "total": 14740
    },
    "percentage": {
        "ACTIVE": 99.93215739484395,
        "INACTIVE": 0.13449899125756556,
        "INVALID": 0,
        "MALICIOUS": 0,
        "SANE": 0,
        "VALID": 0,
        "total": 100.06665638610151
    }
}