{
    "counter": {
        "ACTIVE": 9433,
        "INACTIVE": 6,
        "INVALID": 0,
        "MALICIOUS": 0,
        "SANE": 0,
        "VALID": 0,
        "total": 9439
    },
    "percentage": {
        "ACTIVE": 99.93643394427376,
        "INACTIVE": 0.06922810661128419,
        "INVALID": 0,
        "MALICIOUS": 0,
        "SANE": 0,
        "VALID": 0,
        "total": 100.00566205088505
    }
}