{
    "counter": {
        "ACTIVE": 2283,
        "INACTIVE": 2,
        "INVALID": 0,
        "MALICIOUS": 0,
        "SANE": 0,
        "VALID": 0,
        "total": 2285
    },
    "percentage": {
        "ACTIVE": 99.9124726477024,
        "INACTIVE": 0.09746588693957114,
        "INVALID": 0,
        "MALICIOUS": 0,
        "SANE": 0,
        "VALID": 0,
        "total": 100.00993853464198
    }
}