{
    "counter": {
        "ACTIVE": 11471,
        "INACTIVE": 5,
        "INVALID": 0,
        "MALICIOUS": 0,
        "SANE": 0,
        "VALID": 0,
        "total": 11476
    },
    "percentage": {
        "ACTIVE": 99.95643081212967,
        "INACTIVE": 0.046742077217911564,
        "INVALID": 0,
        "MALICIOUS": 0,
        "SANE": 0,
        "VALID": 0,
        "total": 100.00317288934758
    }
}