{
    "counter": {
        "ACTIVE": 16949,
        "INACTIVE": 7,
        "INVALID": 0,
        "MALICIOUS": 0,
        "SANE": 0,
        "VALID": 0,
        "total": 16956
    },
    "percentage": {
        "ACTIVE": 99.9587166784619,
        "INACTIVE": 0.05964045326744483,
        "INVALID": 0,
        "MALICIOUS": 0,
        "SANE": 0,
        "VALID": 0,
        "total": 100.01835713172935
    }
}