{
    "counter": {
        "ACTIVE": 16789,
        "INACTIVE": 4,
        "INVALID": 0,
        "MALICIOUS": 0,
        "SANE": 0,
        "VALID": 0,
        "total": 16793
    },
    "percentage": {
        "ACTIVE": 99.97618055142023,
        "INACTIVE": 0.02482005460412013,
        "INVALID": 0,
        "MALICIOUS": 0,
        "SANE": 0,
        "VALID": 0,
        "total": 100.00100060602435
    }
}