{
    "counter": {
        "ACTIVE": 10505,
        "INACTIVE": 5,
        "INVALID": 0,
        "MALICIOUS": 0,
        "SANE": 0,
        "VALID": 0,
        "total": 10510
    },
    "percentage": {
        "ACTIVE": 99.95242626070409,
        "INACTIVE": 0.05041847332862761,
        "INVALID": 0,
        "MALICIOUS": 0,
        "SANE": 0,
        "VALID": 0,
        "total": 100.00284473403272
    }
}