{
    "counter": {
        "ACTIVE": 54327,
        "INACTIVE": 4,
        "INVALID": 0,
        "MALICIOUS": 0,
        "SANE": 0,
        "VALID": 0,
        "total": 54331
    },
    "percentage": {
        "ACTIVE": 99.99263772063831,
        "INACTIVE": 0.013466199838405602,
        "INVALID": 0,
        "MALICIOUS": 0,
        "SANE": 0,
        "VALID": 0,
        "total": 100.00610392047672
    }
}