{
    "counter": {
        "ACTIVE": 16200,
        "INACTIVE": 8,
        "INVALID": 0,
        "MALICIOUS": 0,
        "SANE": 0,
        "VALID": 0,
        "total": 16208
    },
    "percentage": {
        "ACTIVE": 99.95064165844028,
        "INACTIVE": 0.049361387054976245,
        "INVALID": 0,
        "MALICIOUS": 0,
        "SANE": 0,
        "VALID": 0,
        "total": 100.00000304549525
    }
}