{
    "counter": {
        "ACTIVE": 8928,
        "INACTIVE": 6,
        "INVALID": 0,
        "MALICIOUS": 0,
        "SANE": 0,
        "VALID": 0,
        "total": 8934
    },
    "percentage": {
        "ACTIVE": 99.93284083277368,
        "INACTIVE": 0.06817407112828087,
        "INVALID": 0,
        "MALICIOUS": 0,
        "SANE": 0,
        "VALID": 0,
        "total": 100.00101490390196
    }
}