{
    "counter": {
        "ACTIVE": 13891,
        "INACTIVE": 5,
        "INVALID": 0,
        "MALICIOUS": 0,
        "SANE": 0,
        "VALID": 0,
        "total": 13896
    },
    "percentage": {
        "ACTIVE": 99.96401842256765,
        "INACTIVE": 0.05041847332862761,
        "INVALID": 0,
        "MALICIOUS": 0,
        "SANE": 0,
        "VALID": 0,
        "total": 100.01443689589628
    }
}