{
    "counter": {
        "ACTIVE": 89375,
        "INACTIVE": 10,
        "INVALID": 0,
        "MALICIOUS": 0,
        "SANE": 0,
        "VALID": 0,
        "total": 89385
    },
    "percentage": {
        "ACTIVE": 99.9888124405661,
        "INACTIVE": 0.02183549140773413,
        "INVALID": 0,
        "MALICIOUS": 0,
        "SANE": 0,
        "VALID": 0,
        "total": 100.01064793197382
    }
}