{
    "counter": {
        "ACTIVE": 15749,
        "INACTIVE": 3,
        "INVALID": 0,
        "MALICIOUS": 0,
        "SANE": 0,
        "VALID": 0,
        "total": 15752
    },
    "percentage": {
        "ACTIVE": 99.98095479939056,
        "INACTIVE": 0.019214756933324792,
        "INVALID": 0,
        "MALICIOUS": 0,
        "SANE": 0,
        "VALID": 0,
        "total": 100.00016955632388
    }
}