{
    "counter": {
        "ACTIVE": 8188,
        "INACTIVE": 5,
        "INVALID": 0,
        "MALICIOUS": 0,
        "SANE": 0,
        "VALID": 0,
        "total": 8193
    },
    "percentage": {
        "ACTIVE": 99.93897229342122,
        "INACTIVE": 0.06496037417175522,
        "INVALID": 0,
        "MALICIOUS": 0,
        "SANE": 0,
        "VALID": 0,
        "total": 100.00393266759298
    }
}