{
    "counter": {
        "ACTIVE": 11761,
        "INACTIVE": 30,
        "INVALID": 0,
        "MALICIOUS": 0,
        "SANE": 0,
        "VALID": 0,
        "total": 11791
    },
    "percentage": {
        "ACTIVE": 99.74556865405818,
        "INACTIVE": 0.2598977735424067,
        "INVALID": 0,
        "MALICIOUS": 0,
        "SANE": 0,
        "VALID": 0,
        "total": 100.00546642760058
    }
}