{
    "counter": {
        "ACTIVE": 11155,
        "INACTIVE": 12,
        "INVALID": 0,
        "MALICIOUS": 0,
        "SANE": 0,
        "VALID": 0,
        "total": 11167
    },
    "percentage": {
        "ACTIVE": 99.89254052117847,
        "INACTIVE": 0.10880406201831536,
        "INVALID": 0,
        "MALICIOUS": 0,
        "SANE": 0,
        "VALID": 0,
        "total": 100.0013445831968
    }
}