{
    "counter": {
        "ACTIVE": 15267,
        "INACTIVE": 7,
        "INVALID": 0,
        "MALICIOUS": 0,
        "SANE": 0,
        "VALID": 0,
        "total": 15274
    },
    "percentage": {
        "ACTIVE": 99.95417048579284,
        "INACTIVE": 0.059427795228797015,
        "INVALID": 0,
        "MALICIOUS": 0,
        "SANE": 0,
        "VALID": 0,
        "total": 100.01359828102164
    }
}