{
    "counter": {
        "ACTIVE": 14231,
        "INACTIVE": 22,
        "INVALID": 0,
        "MALICIOUS": 0,
        "SANE": 0,
        "VALID": 0,
        "total": 14253
    },
    "percentage": {
        "ACTIVE": 99.84564653055497,
        "INACTIVE": 0.15906297447762274,
        "INVALID": 0,
        "MALICIOUS": 0,
        "SANE": 0,
        "VALID": 0,
        "total": 100.0047095050326
    }
}