{
    "counter": {
        "ACTIVE": 18897,
        "INACTIVE": 2,
        "INVALID": 0,
        "MALICIOUS": 0,
        "SANE": 0,
        "VALID": 0,
        "total": 18899
    },
    "percentage": {
        "ACTIVE": 99.98941742949363,
        "INACTIVE": 0.010582570506375998,
        "INVALID": 0.0,
        "MALICIOUS": 0.0,
        "SANE": 0.0,
        "VALID": 0.0,
        "total": 100.0
    }
}