{
    "counter": {
        "ACTIVE": 16706,
        "INACTIVE": 4,
        "INVALID": 0,
        "MALICIOUS": 0,
        "SANE": 0,
        "VALID": 0,
        "total": 16710
    },
    "percentage": {
        "ACTIVE": 99.97606223818073,
        "INACTIVE": 0.02615233736515201,
        "INVALID": 0,
        "MALICIOUS": 0,
        "SANE": 0,
        "VALID": 0,
        "total": 100.00221457554588
    }
}