{
    "counter": {
        "ACTIVE": 14889,
        "INACTIVE": 10,
        "INVALID": 0,
        "MALICIOUS": 0,
        "SANE": 0,
        "VALID": 0,
        "total": 14899
    },
    "percentage": {
        "ACTIVE": 99.93288140143633,
        "INACTIVE": 0.06772314777190844,
        "INVALID": 0,
        "MALICIOUS": 0,
        "SANE": 0,
        "VALID": 0,
        "total": 100.00060454920825
    }
}