{
    "counter": {
        "ACTIVE": 179227,
        "INACTIVE": 13,
        "INVALID": 0,
        "MALICIOUS": 0,
        "SANE": 0,
        "VALID": 0,
        "total": 179240
    },
    "percentage": {
        "ACTIVE": 99.99274715465297,
        "INACTIVE": 0.010932086514850819,
        "INVALID": 0,
        "MALICIOUS": 0,
        "SANE": 0,
        "VALID": 0,
        "total": 100.00367924116783
    }
}