{
    "counter": {
        "ACTIVE": 7255,
        "INACTIVE": 30,
        "INVALID": 0,
        "MALICIOUS": 0,
        "SANE": 0,
        "VALID": 0,
        "total": 7285
    },
    "percentage": {
        "ACTIVE": 99.5881949210707,
        "INACTIVE": 0.4271070615034169,
        "INVALID": 0,
        "MALICIOUS": 0,
        "SANE": 0,
        "VALID": 0,
        "total": 100.01530198257412
    }
}