{
    "counter": {
        "ACTIVE": 13956,
        "INACTIVE": 33,
        "INVALID": 0,
        "MALICIOUS": 0,
        "SANE": 0,
        "VALID": 0,
        "total": 13989
    },
    "percentage": {
        "ACTIVE": 99.76410036457216,
        "INACTIVE": 0.23717119448037946,
        "INVALID": 0,
        "MALICIOUS": 0,
        "SANE": 0,
        "VALID": 0,
        "total": 100.00127155905254
    }
}