{
    "counter": {
        "ACTIVE": 14938,
        "INACTIVE": 31,
        "INVALID": 0,
        "MALICIOUS": 0,
        "SANE": 0,
        "VALID": 0,
        "total": 14969
    },
    "percentage": {
        "ACTIVE": 99.7929053376979,
        "INACTIVE": 0.24513680215087774,
        "INVALID": 0,
        "MALICIOUS": 0,
        "SANE": 0,
        "VALID": 0,
        "total": 100.03804213984878
    }
}