{
    "counter": {
        "ACTIVE": 4455,
        "INACTIVE": 3,
        "INVALID": 0,
        "MALICIOUS": 0,
        "SANE": 0,
        "VALID": 0,
        "total": 4458
    },
    "percentage": {
        "ACTIVE": 99.93270524899057,
        "INACTIVE": 0.08138903960933261,
        "INVALID": 0,
        "MALICIOUS": 0,
        "SANE": 0,
        "VALID": 0,
        "total": 100.0140942885999
    }
}