{
    "counter": {
        "ACTIVE": 6967,
        "INACTIVE": 32,
        "INVALID": 0,
        "MALICIOUS": 0,
        "SANE": 0,
        "VALID": 0,
        "total": 6999
    },
    "percentage": {
        "ACTIVE": 99.54279182740392,
        "INACTIVE": 0.4653868528214078,
        "INVALID": 0,
        "MALICIOUS": 0,
        "SANE": 0,
        "VALID": 0,
        "total": 100.00817868022533
    }
}