{
    "counter": {
        "ACTIVE": 11375,
        "INACTIVE": 5,
        "INVALID": 0,
        "MALICIOUS": 0,
        "SANE": 0,
        "VALID": 0,
        "total": 11380
    },
    "percentage": {
        "ACTIVE": 99.95606326889279,
        "INACTIVE": 0.05283178360101437,
        "INVALID": 0,
        "MALICIOUS": 0,
        "SANE": 0,
        "VALID": 0,
        "total": 100.0088950524938
    }
}