{
    "counter": {
        "ACTIVE": 7288,
        "INACTIVE": 25,
        "INVALID": 0,
        "MALICIOUS": 0,
        "SANE": 0,
        "VALID": 0,
        "total": 7313
    },
    "percentage": {
        "ACTIVE": 99.65814303295501,
        "INACTIVE": 0.35385704175513094,
        "INVALID": 0,
        "MALICIOUS": 0,
        "SANE": 0,
        "VALID": 0,
        "total": 100.01200007471014
    }
}