{
    "counter": {
        "ACTIVE": 13218,
        "INACTIVE": 10,
        "INVALID": 0,
        "MALICIOUS": 0,
        "SANE": 0,
        "VALID": 0,
        "total": 13228
    },
    "percentage": {
        "ACTIVE": 99.92440278197762,
        "INACTIVE": 0.07715454054471106,
        "INVALID": 0,
        "MALICIOUS": 0,
        "SANE": 0,
        "VALID": 0,
        "total": 100.00155732252233
    }
}