{
    "counter": {
        "ACTIVE": 4318,
        "INACTIVE": 14,
        "INVALID": 0,
        "MALICIOUS": 0,
        "SANE": 0,
        "VALID": 0,
        "total": 4332
    },
    "percentage": {
        "ACTIVE": 99.67682363804248,
        "INACTIVE": 0.34457297563376815,
        "INVALID": 0,
        "MALICIOUS": 0,
        "SANE": 0,
        "VALID": 0,
        "total": 100.02139661367625
    }
}