{
    "counter": {
        "ACTIVE": 6765,
        "INACTIVE": 22,
        "INVALID": 0,
        "MALICIOUS": 0,
        "SANE": 0,
        "VALID": 0,
        "total": 6787
    },
    "percentage": {
        "ACTIVE": 99.67585089141005,
        "INACTIVE": 0.3441263882371344,
        "INVALID": 0,
        "MALICIOUS": 0,
        "SANE": 0,
        "VALID": 0,
        "total": 100.01997727964718
    }
}