{
    "counter": {
        "ACTIVE": 14047,
        "INACTIVE": 15,
        "INVALID": 0,
        "MALICIOUS": 0,
        "SANE": 0,
        "VALID": 0,
        "total": 14062
    },
    "percentage": {
        "ACTIVE": 99.89332954060589,
        "INACTIVE": 0.11337868480725624,
        "INVALID": 0,
        "MALICIOUS": 0,
        "SANE": 0,
        "VALID": 0,
        "total": 100.00670822541315
    }
}