{
    "counter": {
        "ACTIVE": 18812,
        "INACTIVE": 4,
        "INVALID": 0,
        "MALICIOUS": 0,
        "SANE": 0,
        "VALID": 0,
        "total": 18816
    },
    "percentage": {
        "ACTIVE": 99.97874149659864,
        "INACTIVE": 0.021258503401360544,
        "INVALID": 0.0,
        "MALICIOUS": 0.0,
        "SANE": 0.0,
        "VALID": 0.0,
        "total": 100.0
    }
}