{
    "counter": {
        "ACTIVE": 12997,
        "INACTIVE": 42,
        "INVALID": 0,
        "MALICIOUS": 0,
        "SANE": 0,
        "VALID": 0,
        "total": 13039
    },
    "percentage": {
        "ACTIVE": 99.67788940869698,
        "INACTIVE": 0.3643935450286309,
        "INVALID": 0,
        "MALICIOUS": 0,
        "SANE": 0,
        "VALID": 0,
        "total": 100.04228295372562
    }
}