{
    "counter": {
        "ACTIVE": 17009,
        "INACTIVE": 24,
        "INVALID": 0,
        "MALICIOUS": 0,
        "SANE": 0,
        "VALID": 0,
        "total": 17033
    },
    "percentage": {
        "ACTIVE": 99.85909704690894,
        "INACTIVE": 0.14090295309105855,
        "INVALID": 0.0,
        "MALICIOUS": 0.0,
        "SANE": 0.0,
        "VALID": 0.0,
        "total": 100.0
    }
}