{
    "counter": {
        "ACTIVE": 10601,
        "INACTIVE": 26,
        "INVALID": 0,
        "MALICIOUS": 0,
        "SANE": 0,
        "VALID": 0,
        "total": 10627
    },
    "percentage": {
        "ACTIVE": 99.75534017126188,
        "INACTIVE": 0.24937655860349128,
        "INVALID": 0,
        "MALICIOUS": 0,
        "SANE": 0,
        "VALID": 0,
        "total": 100.00471672986536
    }
}