{
    "counter": {
        "ACTIVE": 15764,
        "INACTIVE": 2,
        "INVALID": 0,
        "MALICIOUS": 0,
        "SANE": 0,
        "VALID": 0,
        "total": 15766
    },
    "percentage": {
        "ACTIVE": 99.98731447418496,
        "INACTIVE": 0.023025558369790467,
        "INVALID": 0,
        "MALICIOUS": 0,
        "SANE": 0,
        "VALID": 0,
        "total": 100.01034003255475
    }
}