{
    "counter": {
        "ACTIVE": 15814,
        "INACTIVE": 15,
        "INVALID": 0,
        "MALICIOUS": 0,
        "SANE": 0,
        "VALID": 0,
        "total": 15829
    },
    "percentage": {
        "ACTIVE": 99.90523722281888,
        "INACTIVE": 0.11337868480725624,
        "INVALID": 0,
        "MALICIOUS": 0,
        "SANE": 0,
        "VALID": 0,
        "total": 100.01861590762614
    }
}