{
    "counter": {
        "ACTIVE": 191799,
        "INACTIVE": 13,
        "INVALID": 0,
        "MALICIOUS": 0,
        "SANE": 0,
        "VALID": 0,
        "total": 191812
    },
    "percentage": {
        "ACTIVE": 99.99322253039435,
        "INACTIVE": 0.010932086514850819,
        "INVALID": 0,
        "MALICIOUS": 0,
        "SANE": 0,
        "VALID": 0,
        "total": 100.0041546169092
    }
}