{
    "counter": {
        "ACTIVE": 12005,
        "INACTIVE": 2,
        "INVALID": 0,
        "MALICIOUS": 0,
        "SANE": 0,
        "VALID": 0,
        "total": 12007
    },
    "percentage": {
        "ACTIVE": 99.98334304988757,
        "INACTIVE": 0.027525461051472612,
        "INVALID": 0,
        "MALICIOUS": 0,
        "SANE": 0,
        "VALID": 0,
        "total": 100.01086851093903
    }
}