{
    "counter": {
        "ACTIVE": 5019,
        "INACTIVE": 2,
        "INVALID": 0,
        "MALICIOUS": 0,
        "SANE": 0,
        "VALID": 0,
        "total": 5021
    },
    "percentage": {
        "ACTIVE": 99.96016729735112,
        "INACTIVE": 0.12360939431396786,
        "INVALID": 0,
        "MALICIOUS": 0,
        "SANE": 0,
        "VALID": 0,
        "total": 100.0837766916651
    }
}