{
    "counter": {
        "ACTIVE": 12416,
        "INACTIVE": 28,
        "INVALID": 0,
        "MALICIOUS": 0,
        "SANE": 0,
        "VALID": 0,
        "total": 12444
    },
    "percentage": {
        "ACTIVE": 99.77499196399872,
        "INACTIVE": 0.2286647611269906,
        "INVALID": 0,
        "MALICIOUS": 0,
        "SANE": 0,
        "VALID": 0,
        "total": 100.00365672512571
    }
}