{
    "counter": {
        "ACTIVE": 14454,
        "INACTIVE": 72,
        "INVALID": 0,
        "MALICIOUS": 0,
        "SANE": 0,
        "VALID": 0,
        "total": 14526
    },
    "percentage": {
        "ACTIVE": 99.50433705080545,
        "INACTIVE": 0.49968769519050593,
        "INVALID": 0,
        "MALICIOUS": 0,
        "SANE": 0,
        "VALID": 0,
        "total": 100.00402474599595
    }
}