{
    "counter": {
        "ACTIVE": 15580,
        "INACTIVE": 34,
        "INVALID": 0,
        "MALICIOUS": 0,
        "SANE": 0,
        "VALID": 0,
        "total": 15614
    },
    "percentage": {
        "ACTIVE": 99.78224670167798,
        "INACTIVE": 0.2242152466367713,
        "INVALID": 0,
        "MALICIOUS": 0,
        "SANE": 0,
        "VALID": 0,
        "total": 100.00646194831475
    }
}