{
    "counter": {
        "ACTIVE": 15909,
        "INACTIVE": 4,
        "INVALID": 0,
        "MALICIOUS": 0,
        "SANE": 0,
        "VALID": 0,
        "total": 15913
    },
    "percentage": {
        "ACTIVE": 99.97486331929869,
        "INACTIVE": 0.026463777704267284,
        "INVALID": 0,
        "MALICIOUS": 0,
        "SANE": 0,
        "VALID": 0,
        "total": 100.00132709700296
    }
}