{
    "counter": {
        "ACTIVE": 54338,
        "INACTIVE": 6,
        "INVALID": 0,
        "MALICIOUS": 0,
        "SANE": 0,
        "VALID": 0,
        "total": 54344
    },
    "percentage": {
        "ACTIVE": 99.98895922272928,
        "INACTIVE": 0.02765359266258008,
        "INVALID": 0,
        "MALICIOUS": 0,
        "SANE": 0,
        "VALID": 0,
        "total": 100.01661281539185
    }
}