{
    "counter": {
        "ACTIVE": 13196,
        "INACTIVE": 37,
        "INVALID": 0,
        "MALICIOUS": 0,
        "SANE": 0,
        "VALID": 0,
        "total": 13233
    },
    "percentage": {
        "ACTIVE": 99.72039597974761,
        "INACTIVE": 0.285010013865352,
        "INVALID": 0,
        "MALICIOUS": 0,
        "SANE": 0,
        "VALID": 0,
        "total": 100.00540599361295
    }
}