{
    "counter": {
        "ACTIVE": 14260,
        "INACTIVE": 3,
        "INVALID": 0,
        "MALICIOUS": 0,
        "SANE": 0,
        "VALID": 0,
        "total": 14263
    },
    "percentage": {
        "ACTIVE": 99.97896655682536,
        "INACTIVE": 0.050454086781029264,
        "INVALID": 0,
        "MALICIOUS": 0,
        "SANE": 0,
        "VALID": 0,
        "total": 100.02942064360639
    }
}