{
    "counter": {
        "ACTIVE": 14778,
        "INACTIVE": 8,
        "INVALID": 0,
        "MALICIOUS": 0,
        "SANE": 0,
        "VALID": 0,
        "total": 14786
    },
    "percentage": {
        "ACTIVE": 99.94589476531854,
        "INACTIVE": 0.06565988181221274,
        "INVALID": 0,
        "MALICIOUS": 0,
        "SANE": 0,
        "VALID": 0,
        "total": 100.01155464713075
    }
}