{
    "counter": {
        "ACTIVE": 14689,
        "INACTIVE": 46,
        "INVALID": 0,
        "MALICIOUS": 0,
        "SANE": 0,
        "VALID": 0,
        "total": 14735
    },
    "percentage": {
        "ACTIVE": 99.68781812012216,
        "INACTIVE": 0.3133301546216198,
        "INVALID": 0,
        "MALICIOUS": 0,
        "SANE": 0,
        "VALID": 0,
        "total": 100.00114827474378
    }
}