{
    "counter": {
        "ACTIVE": 15479,
        "INACTIVE": 20,
        "INVALID": 0,
        "MALICIOUS": 0,
        "SANE": 0,
        "VALID": 0,
        "total": 15499
    },
    "percentage": {
        "ACTIVE": 99.87095941673657,
        "INACTIVE": 0.13455328310010764,
        "INVALID": 0,
        "MALICIOUS": 0,
        "SANE": 0,
        "VALID": 0,
        "total": 100.00551269983667
    }
}