{
    "counter": {
        "ACTIVE": 15209,
        "INACTIVE": 1,
        "INVALID": 0,
        "MALICIOUS": 0,
        "SANE": 0,
        "VALID": 0,
        "total": 15210
    },
    "percentage": {
        "ACTIVE": 99.99342537804077,
        "INACTIVE": 0.03469812630117974,
        "INVALID": 0,
        "MALICIOUS": 0,
        "SANE": 0,
        "VALID": 0,
        "total": 100.02812350434195
    }
}