{
    "counter": {
        "ACTIVE": 167345,
        "INACTIVE": 13,
        "INVALID": 0,
        "MALICIOUS": 0,
        "SANE": 0,
        "VALID": 0,
        "total": 167358
    },
    "percentage": {
        "ACTIVE": 99.99223222074833,
        "INACTIVE": 0.010932086514850819,
        "INVALID": 0,
        "MALICIOUS": 0,
        "SANE": 0,
        "VALID": 0,
        "total": 100.00316430726319
    }
}