{
    "counter": {
        "ACTIVE": 12751,
        "INACTIVE": 46,
        "INVALID": 0,
        "MALICIOUS": 0,
        "SANE": 0,
        "VALID": 0,
        "total": 12797
    },
    "percentage": {
        "ACTIVE": 99.64054075173868,
        "INACTIVE": 0.4148629148629149,
        "INVALID": 0,
        "MALICIOUS": 0,
        "SANE": 0,
        "VALID": 0,
        "total": 100.05540366660159
    }
}