{
    "counter": {
        "ACTIVE": 160837,
        "INACTIVE": 13,
        "INVALID": 0,
        "MALICIOUS": 0,
        "SANE": 0,
        "VALID": 0,
        "total": 160850
    },
    "percentage": {
        "ACTIVE": 99.99191793596519,
        "INACTIVE": 0.010932086514850819,
        "INVALID": 0,
        "MALICIOUS": 0,
        "SANE": 0,
        "VALID": 0,
        "total": 100.00285002248005
    }
}