{
    "counter": {
        "ACTIVE": 18879,
        "INACTIVE": 12,
        "INVALID": 0,
        "MALICIOUS": 0,
        "SANE": 0,
        "VALID": 0,
        "total": 18891
    },
    "percentage": {
        "ACTIVE": 99.93647768778783,
        "INACTIVE": 0.06352231221216452,
        "INVALID": 0.0,
        "MALICIOUS": 0.0,
        "SANE": 0.0,
        "VALID": 0.0,
        "total": 100.0
    }
}