{
    "counter": {
        "ACTIVE": 10362,
        "INACTIVE": 4,
        "INVALID": 0,
        "MALICIOUS": 0,
        "SANE": 0,
        "VALID": 0,
        "total": 10366
    },
    "percentage": {
        "ACTIVE": 99.96141230947327,
        "INACTIVE": 0.08503401360544217,
        "INVALID": 0,
        "MALICIOUS": 0,
        "SANE": 0,
        "VALID": 0,
        "total": 100.04644632307871
    }
}