{
    "counter": {
        "ACTIVE": 16739,
        "INACTIVE": 10,
        "INVALID": 0,
        "MALICIOUS": 0,
        "SANE": 0,
        "VALID": 0,
        "total": 16749
    },
    "percentage": {
        "ACTIVE": 99.94029494298167,
        "INACTIVE": 0.0639386189258312,
        "INVALID": 0,
        "MALICIOUS": 0,
        "SANE": 0,
        "VALID": 0,
        "total": 100.0042335619075
    }
}