{
    "counter": {
        "ACTIVE": 4195,
        "INACTIVE": 9,
        "INVALID": 0,
        "MALICIOUS": 0,
        "SANE": 0,
        "VALID": 0,
        "total": 4204
    },
    "percentage": {
        "ACTIVE": 99.78591817316841,
        "INACTIVE": 0.2210759027266028,
        "INVALID": 0,
        "MALICIOUS": 0,
        "SANE": 0,
        "VALID": 0,
        "total": 100.00699407589501
    }
}