{
    "counter": {
        "ACTIVE": 12564,
        "INACTIVE": 3,
        "INVALID": 0,
        "MALICIOUS": 0,
        "SANE": 0,
        "VALID": 0,
        "total": 12567
    },
    "percentage": {
        "ACTIVE": 99.97612795416568,
        "INACTIVE": 0.02532286654849329,
        "INVALID": 0,
        "MALICIOUS": 0,
        "SANE": 0,
        "VALID": 0,
        "total": 100.00145082071417
    }
}