{
    "counter": {
        "ACTIVE": 42379,
        "INACTIVE": 9,
        "INVALID": 0,
        "MALICIOUS": 0,
        "SANE": 0,
        "VALID": 0,
        "total": 42388
    },
    "percentage": {
        "ACTIVE": 99.97876757572898,
        "INACTIVE": 0.03349959056055982,
        "INVALID": 0,
        "MALICIOUS": 0,
        "SANE": 0,
        "VALID": 0,
        "total": 100.01226716628955
    }
}