{
    "counter": {
        "ACTIVE": 16731,
        "INACTIVE": 25,
        "INVALID": 0,
        "MALICIOUS": 0,
        "SANE": 0,
        "VALID": 0,
        "total": 16756
    },
    "percentage": {
        "ACTIVE": 99.85079971353545,
        "INACTIVE": 0.20733123237684525,
        "INVALID": 0,
        "MALICIOUS": 0,
        "SANE": 0,
        "VALID": 0,
        "total": 100.0581309459123
    }
}