{
    "counter": {
        "ACTIVE": 1804,
        "INACTIVE": 42,
        "INVALID": 0,
        "MALICIOUS": 0,
        "SANE": 0,
        "VALID": 0,
        "total": 1846
    },
    "percentage": {
        "ACTIVE": 97.72481040086674,
        "INACTIVE": 2.3076923076923075,
        "INVALID": 0,
        "MALICIOUS": 0,
        "SANE": 0,
        "VALID": 0,
        "total": 100.03250270855905
    }
}