{
    "counter": {
        "ACTIVE": 14340,
        "INACTIVE": 12,
        "INVALID": 0,
        "MALICIOUS": 0,
        "SANE": 0,
        "VALID": 0,
        "total": 14352
    },
    "percentage": {
        "ACTIVE": 99.91638795986623,
        "INACTIVE": 0.08369951872776732,
        "INVALID": 0,
        "MALICIOUS": 0,
        "SANE": 0,
        "VALID": 0,
        "total": 100.000087478594
    }
}