{
    "counter": {
        "ACTIVE": 192083,
        "INACTIVE": 13,
        "INVALID": 0,
        "MALICIOUS": 0,
        "SANE": 0,
        "VALID": 0,
        "total": 192096
    },
    "percentage": {
        "ACTIVE": 99.99323255039147,
        "INACTIVE": 0.010932086514850819,
        "INVALID": 0,
        "MALICIOUS": 0,
        "SANE": 0,
        "VALID": 0,
        "total": 100.00416463690632
    }
}