{
    "counter": {
        "ACTIVE": 38667,
        "INACTIVE": 4,
        "INVALID": 0,
        "MALICIOUS": 0,
        "SANE": 0,
        "VALID": 0,
        "total": 38671
    },
    "percentage": {
        "ACTIVE": 99.98965633161801,
        "INACTIVE": 0.013466199838405602,
        "INVALID": 0,
        "MALICIOUS": 0,
        "SANE": 0,
        "VALID": 0,
        "total": 100.00312253145641
    }
}