{
    "counter": {
        "ACTIVE": 46638,
        "INACTIVE": 4,
        "INVALID": 0,
        "MALICIOUS": 0,
        "SANE": 0,
        "VALID": 0,
        "total": 46642
    },
    "percentage": {
        "ACTIVE": 99.9914240384203,
        "INACTIVE": 0.013466199838405602,
        "INVALID": 0,
        "MALICIOUS": 0,
        "SANE": 0,
        "VALID": 0,
        "total": 100.00489023825871
    }
}