{
    "counter": {
        "ACTIVE": 173257,
        "INACTIVE": 13,
        "INVALID": 0,
        "MALICIOUS": 0,
        "SANE": 0,
        "VALID": 0,
        "total": 173270
    },
    "percentage": {
        "ACTIVE": 99.99249725861372,
        "INACTIVE": 0.010932086514850819,
        "INVALID": 0,
        "MALICIOUS": 0,
        "SANE": 0,
        "VALID": 0,
        "total": 100.00342934512858
    }
}