{
    "counter": {
        "ACTIVE": 16326,
        "INACTIVE": 7,
        "INVALID": 0,
        "MALICIOUS": 0,
        "SANE": 0,
        "VALID": 0,
        "total": 16333
    },
    "percentage": {
        "ACTIVE": 99.95714198248943,
        "INACTIVE": 0.04285801751056144,
        "INVALID": 0.0,
        "MALICIOUS": 0.0,
        "SANE": 0.0,
        "VALID": 0.0,
        "total": 100.0
    }
}