{
    "counter": {
        "ACTIVE": 14731,
        "INACTIVE": 5,
        "INVALID": 0,
        "MALICIOUS": 0,
        "SANE": 0,
        "VALID": 0,
        "total": 14736
    },
    "percentage": {
        "ACTIVE": 99.96606948968513,
        "INACTIVE": 0.05041847332862761,
        "INVALID": 0,
        "MALICIOUS": 0,
        "SANE": 0,
        "VALID": 0,
        "total": 100.01648796301376
    }
}