{
    "counter": {
        "ACTIVE": 16439,
        "INACTIVE": 30,
        "INVALID": 0,
        "MALICIOUS": 0,
        "SANE": 0,
        "VALID": 0,
        "total": 16469
    },
    "percentage": {
        "ACTIVE": 99.81783957738782,
        "INACTIVE": 0.18230432668935342,
        "INVALID": 0,
        "MALICIOUS": 0,
        "SANE": 0,
        "VALID": 0,
        "total": 100.00014390407716
    }
}