{
    "counter": {
        "ACTIVE": 8704,
        "INACTIVE": 3,
        "INVALID": 0,
        "MALICIOUS": 0,
        "SANE": 0,
        "VALID": 0,
        "total": 8707
    },
    "percentage": {
        "ACTIVE": 99.96554496382221,
        "INACTIVE": 0.036227508754981284,
        "INVALID": 0,
        "MALICIOUS": 0,
        "SANE": 0,
        "VALID": 0,
        "total": 100.00177247257719
    }
}