{
    "counter": {
        "ACTIVE": 13456,
        "INACTIVE": 6,
        "INVALID": 0,
        "MALICIOUS": 0,
        "SANE": 0,
        "VALID": 0,
        "total": 13462
    },
    "percentage": {
        "ACTIVE": 99.95543009953944,
        "INACTIVE": 0.08389261744966443,
        "INVALID": 0,
        "MALICIOUS": 0,
        "SANE": 0,
        "VALID": 0,
        "total": 100.0393227169891
    }
}