{
    "counter": {
        "ACTIVE": 16706,
        "INACTIVE": 15,
        "INVALID": 0,
        "MALICIOUS": 0,
        "SANE": 0,
        "VALID": 0,
        "total": 16721
    },
    "percentage": {
        "ACTIVE": 99.91029244662401,
        "INACTIVE": 0.09531071292413268,
        "INVALID": 0,
        "MALICIOUS": 0,
        "SANE": 0,
        "VALID": 0,
        "total": 100.00560315954814
    }
}