{
    "counter": {
        "ACTIVE": 15427,
        "INACTIVE": 29,
        "INVALID": 0,
        "MALICIOUS": 0,
        "SANE": 0,
        "VALID": 0,
        "total": 15456
    },
    "percentage": {
        "ACTIVE": 99.81237060041408,
        "INACTIVE": 0.19221846622920394,
        "INVALID": 0,
        "MALICIOUS": 0,
        "SANE": 0,
        "VALID": 0,
        "total": 100.00458906664329
    }
}