{
    "counter": {
        "ACTIVE": 12381,
        "INACTIVE": 761,
        "INVALID": 0,
        "MALICIOUS": 0,
        "SANE": 0,
        "VALID": 0,
        "total": 13142
    },
    "percentage": {
        "ACTIVE": 94.20940496119312,
        "INACTIVE": 5.790595038806878,
        "INVALID": 0.0,
        "MALICIOUS": 0.0,
        "SANE": 0.0,
        "VALID": 0.0,
        "total": 100.0
    }
}