{
    "counter": {
        "ACTIVE": 15445,
        "INACTIVE": 6,
        "INVALID": 0,
        "MALICIOUS": 0,
        "SANE": 0,
        "VALID": 0,
        "total": 15451
    },
    "percentage": {
        "ACTIVE": 99.9611675619701,
        "INACTIVE": 0.08389261744966443,
        "INVALID": 0,
        "MALICIOUS": 0,
        "SANE": 0,
        "VALID": 0,
        "total": 100.04506017941976
    }
}