{
    "counter": {
        "ACTIVE": 6415,
        "INACTIVE": 15,
        "INVALID": 0,
        "MALICIOUS": 0,
        "SANE": 0,
        "VALID": 0,
        "total": 6430
    },
    "percentage": {
        "ACTIVE": 99.76671850699844,
        "INACTIVE": 0.25884383088869717,
        "INVALID": 0,
        "MALICIOUS": 0,
        "SANE": 0,
        "VALID": 0,
        "total": 100.02556233788714
    }
}