{
    "counter": {
        "ACTIVE": 35857,
        "INACTIVE": 36,
        "INVALID": 1,
        "MALICIOUS": 0,
        "SANE": 0,
        "VALID": 0,
        "total": 35894
    },
    "percentage": {
        "ACTIVE": 99.89691870507606,
        "INACTIVE": 0.1837953744830755,
        "INVALID": 0.010577533319229955,
        "MALICIOUS": 0,
        "SANE": 0,
        "VALID": 0,
        "total": 100.09129161287836
    }
}