{
    "counter": {
        "ACTIVE": 12957,
        "INACTIVE": 1,
        "INVALID": 0,
        "MALICIOUS": 0,
        "SANE": 0,
        "VALID": 0,
        "total": 12958
    },
    "percentage": {
        "ACTIVE": 99.99228275968514,
        "INACTIVE": 0.007804573480059315,
        "INVALID": 0,
        "MALICIOUS": 0,
        "SANE": 0,
        "VALID": 0,
        "total": 100.0000873331652
    }
}