{
    "counter": {
        "ACTIVE": 16121,
        "INACTIVE": 8,
        "INVALID": 0,
        "MALICIOUS": 0,
        "SANE": 0,
        "VALID": 0,
        "total": 16129
    },
    "percentage": {
        "ACTIVE": 99.9503999007998,
        "INACTIVE": 0.05181347150259067,
        "INVALID": 0,
        "MALICIOUS": 0,
        "SANE": 0,
        "VALID": 0,
        "total": 100.00221337230238
    }
}