{
    "counter": {
        "ACTIVE": 16526,
        "INACTIVE": 29,
        "INVALID": 0,
        "MALICIOUS": 0,
        "SANE": 0,
        "VALID": 0,
        "total": 16555
    },
    "percentage": {
        "ACTIVE": 99.82482633645424,
        "INACTIVE": 0.19221846622920394,
        "INVALID": 0,
        "MALICIOUS": 0,
        "SANE": 0,
        "VALID": 0,
        "total": 100.01704480268344
    }
}