{
    "counter": {
        "ACTIVE": 13766,
        "INACTIVE": 3,
        "INVALID": 0,
        "MALICIOUS": 0,
        "SANE": 0,
        "VALID": 0,
        "total": 13769
    },
    "percentage": {
        "ACTIVE": 99.97821192533954,
        "INACTIVE": 0.022177866489243733,
        "INVALID": 0,
        "MALICIOUS": 0,
        "SANE": 0,
        "VALID": 0,
        "total": 100.00038979182878
    }
}