{
    "counter": {
        "ACTIVE": 14412,
        "INACTIVE": 4,
        "INVALID": 0,
        "MALICIOUS": 0,
        "SANE": 0,
        "VALID": 0,
        "total": 14416
    },
    "percentage": {
        "ACTIVE": 99.97225305216426,
        "INACTIVE": 0.08503401360544217,
        "INVALID": 0,
        "MALICIOUS": 0,
        "SANE": 0,
        "VALID": 0,
        "total": 100.0572870657697
    }
}