{
    "counter": {
        "ACTIVE": 15979,
        "INACTIVE": 37,
        "INVALID": 0,
        "MALICIOUS": 0,
        "SANE": 0,
        "VALID": 0,
        "total": 16016
    },
    "percentage": {
        "ACTIVE": 99.76898101898102,
        "INACTIVE": 0.285010013865352,
        "INVALID": 0,
        "MALICIOUS": 0,
        "SANE": 0,
        "VALID": 0,
        "total": 100.05399103284637
    }
}