{
    "counter": {
        "ACTIVE": 14737,
        "INACTIVE": 28,
        "INVALID": 0,
        "MALICIOUS": 0,
        "SANE": 0,
        "VALID": 0,
        "total": 14765
    },
    "percentage": {
        "ACTIVE": 99.81036234337961,
        "INACTIVE": 0.19343696027633853,
        "INVALID": 0,
        "MALICIOUS": 0,
        "SANE": 0,
        "VALID": 0,
        "total": 100.00379930365595
    }
}