{
    "counter": {
        "ACTIVE": 15755,
        "INACTIVE": 14,
        "INVALID": 0,
        "MALICIOUS": 0,
        "SANE": 0,
        "VALID": 0,
        "total": 15769
    },
    "percentage": {
        "ACTIVE": 99.91121821294946,
        "INACTIVE": 0.09942475676443434,
        "INVALID": 0,
        "MALICIOUS": 0,
        "SANE": 0,
        "VALID": 0,
        "total": 100.0106429697139
    }
}