{
    "counter": {
        "ACTIVE": 10477,
        "INACTIVE": 28,
        "INVALID": 0,
        "MALICIOUS": 0,
        "SANE": 0,
        "VALID": 0,
        "total": 10505
    },
    "percentage": {
        "ACTIVE": 99.73346025702047,
        "INACTIVE": 0.35718841688990943,
        "INVALID": 0,
        "MALICIOUS": 0,
        "SANE": 0,
        "VALID": 0,
        "total": 100.09064867391038
    }
}