{
    "counter": {
        "ACTIVE": 18867,
        "INACTIVE": 9,
        "INVALID": 0,
        "MALICIOUS": 0,
        "SANE": 0,
        "VALID": 0,
        "total": 18876
    },
    "percentage": {
        "ACTIVE": 99.95232040686587,
        "INACTIVE": 0.04767959313413859,
        "INVALID": 0.0,
        "MALICIOUS": 0.0,
        "SANE": 0.0,
        "VALID": 0.0,
        "total": 100.0
    }
}