{
    "counter": {
        "ACTIVE": 14024,
        "INACTIVE": 14,
        "INVALID": 0,
        "MALICIOUS": 0,
        "SANE": 0,
        "VALID": 0,
        "total": 14038
    },
    "percentage": {
        "ACTIVE": 99.90027069383103,
        "INACTIVE": 0.1158173395102581,
        "INVALID": 0,
        "MALICIOUS": 0,
        "SANE": 0,
        "VALID": 0,
        "total": 100.01608803334129
    }
}