{
    "counter": {
        "ACTIVE": 14132,
        "INACTIVE": 87,
        "INVALID": 0,
        "MALICIOUS": 0,
        "SANE": 0,
        "VALID": 0,
        "total": 14219
    },
    "percentage": {
        "ACTIVE": 99.38814262606371,
        "INACTIVE": 0.7178217821782178,
        "INVALID": 0,
        "MALICIOUS": 0,
        "SANE": 0,
        "VALID": 0,
        "total": 100.10596440824193
    }
}