{
    "counter": {
        "ACTIVE": 16255,
        "INACTIVE": 8,
        "INVALID": 0,
        "MALICIOUS": 0,
        "SANE": 0,
        "VALID": 0,
        "total": 16263
    },
    "percentage": {
        "ACTIVE": 99.9508085839021,
        "INACTIVE": 0.05181347150259067,
        "INVALID": 0,
        "MALICIOUS": 0,
        "SANE": 0,
        "VALID": 0,
        "total": 100.00262205540469
    }
}