{
    "counter": {
        "ACTIVE": 16932,
        "INACTIVE": 7,
        "INVALID": 0,
        "MALICIOUS": 0,
        "SANE": 0,
        "VALID": 0,
        "total": 16939
    },
    "percentage": {
        "ACTIVE": 99.95867524647264,
        "INACTIVE": 0.05328867235079172,
        "INVALID": 0,
        "MALICIOUS": 0,
        "SANE": 0,
        "VALID": 0,
        "total": 100.01196391882343
    }
}