{
    "counter": {
        "ACTIVE": 11228,
        "INACTIVE": 28,
        "INVALID": 0,
        "MALICIOUS": 0,
        "SANE": 0,
        "VALID": 0,
        "total": 11256
    },
    "percentage": {
        "ACTIVE": 99.75124378109453,
        "INACTIVE": 0.35718841688990943,
        "INVALID": 0,
        "MALICIOUS": 0,
        "SANE": 0,
        "VALID": 0,
        "total": 100.10843219798444
    }
}