{
    "counter": {
        "ACTIVE": 14477,
        "INACTIVE": 31,
        "INVALID": 0,
        "MALICIOUS": 0,
        "SANE": 0,
        "VALID": 0,
        "total": 14508
    },
    "percentage": {
        "ACTIVE": 99.78632478632478,
        "INACTIVE": 0.24513680215087774,
        "INVALID": 0,
        "MALICIOUS": 0,
        "SANE": 0,
        "VALID": 0,
        "total": 100.03146158847566
    }
}