{
    "counter": {
        "ACTIVE": 123355,
        "INACTIVE": 13,
        "INVALID": 0,
        "MALICIOUS": 0,
        "SANE": 0,
        "VALID": 0,
        "total": 123368
    },
    "percentage": {
        "ACTIVE": 99.98946242137345,
        "INACTIVE": 0.010932086514850819,
        "INVALID": 0,
        "MALICIOUS": 0,
        "SANE": 0,
        "VALID": 0,
        "total": 100.0003945078883
    }
}