{
    "counter": {
        "ACTIVE": 24753,
        "INACTIVE": 8,
        "INVALID": 0,
        "MALICIOUS": 0,
        "SANE": 0,
        "VALID": 0,
        "total": 24761
    },
    "percentage": {
        "ACTIVE": 99.9676911271758,
        "INACTIVE": 0.05185377236193933,
        "INVALID": 0,
        "MALICIOUS": 0,
        "SANE": 0,
        "VALID": 0,
        "total": 100.01954489953773
    }
}