{
    "counter": {
        "ACTIVE": 15235,
        "INACTIVE": 5,
        "INVALID": 0,
        "MALICIOUS": 0,
        "SANE": 0,
        "VALID": 0,
        "total": 15240
    },
    "percentage": {
        "ACTIVE": 99.96719160104986,
        "INACTIVE": 0.03307097030226867,
        "INVALID": 0,
        "MALICIOUS": 0,
        "SANE": 0,
        "VALID": 0,
        "total": 100.00026257135212
    }
}