{
    "counter": {
        "ACTIVE": 16889,
        "INACTIVE": 28,
        "INVALID": 0,
        "MALICIOUS": 0,
        "SANE": 0,
        "VALID": 0,
        "total": 16917
    },
    "percentage": {
        "ACTIVE": 99.8344860199799,
        "INACTIVE": 0.19343696027633853,
        "INVALID": 0,
        "MALICIOUS": 0,
        "SANE": 0,
        "VALID": 0,
        "total": 100.02792298025625
    }
}