{
    "counter": {
        "ACTIVE": 6555,
        "INACTIVE": 1,
        "INVALID": 0,
        "MALICIOUS": 0,
        "SANE": 0,
        "VALID": 0,
        "total": 6556
    },
    "percentage": {
        "ACTIVE": 99.98474679682734,
        "INACTIVE": 0.05892751915144372,
        "INVALID": 0,
        "MALICIOUS": 0,
        "SANE": 0,
        "VALID": 0,
        "total": 100.04367431597878
    }
}