{
    "counter": {
        "ACTIVE": 15144,
        "INACTIVE": 38,
        "INVALID": 0,
        "MALICIOUS": 0,
        "SANE": 0,
        "VALID": 0,
        "total": 15182
    },
    "percentage": {
        "ACTIVE": 99.74970359636411,
        "INACTIVE": 0.25423161838496017,
        "INVALID": 0,
        "MALICIOUS": 0,
        "SANE": 0,
        "VALID": 0,
        "total": 100.00393521474908
    }
}