{
    "counter": {
        "ACTIVE": 3133,
        "INACTIVE": 8,
        "INVALID": 0,
        "MALICIOUS": 0,
        "SANE": 0,
        "VALID": 0,
        "total": 3141
    },
    "percentage": {
        "ACTIVE": 99.74530404329832,
        "INACTIVE": 0.2796225096120238,
        "INVALID": 0,
        "MALICIOUS": 0,
        "SANE": 0,
        "VALID": 0,
        "total": 100.02492655291034
    }
}