{
    "counter": {
        "ACTIVE": 3138,
        "INACTIVE": 7,
        "INVALID": 0,
        "MALICIOUS": 0,
        "SANE": 0,
        "VALID": 0,
        "total": 3145
    },
    "percentage": {
        "ACTIVE": 99.77742448330683,
        "INACTIVE": 0.23178807947019867,
        "INVALID": 0,
        "MALICIOUS": 0,
        "SANE": 0,
        "VALID": 0,
        "total": 100.00921256277702
    }
}