{
    "counter": {
        "ACTIVE": 14529,
        "INACTIVE": 2,
        "INVALID": 0,
        "MALICIOUS": 0,
        "SANE": 0,
        "VALID": 0,
        "total": 14531
    },
    "percentage": {
        "ACTIVE": 99.98623632234533,
        "INACTIVE": 0.03471017007983339,
        "INVALID": 0,
        "MALICIOUS": 0,
        "SANE": 0,
        "VALID": 0,
        "total": 100.02094649242517
    }
}