{
    "counter": {
        "ACTIVE": 16759,
        "INACTIVE": 3,
        "INVALID": 0,
        "MALICIOUS": 0,
        "SANE": 0,
        "VALID": 0,
        "total": 16762
    },
    "percentage": {
        "ACTIVE": 99.98210237441833,
        "INACTIVE": 0.03944254535892716,
        "INVALID": 0,
        "MALICIOUS": 0,
        "SANE": 0,
        "VALID": 0,
        "total": 100.02154491977726
    }
}