{
    "counter": {
        "ACTIVE": 11543,
        "INACTIVE": 1,
        "INVALID": 0,
        "MALICIOUS": 0,
        "SANE": 0,
        "VALID": 0,
        "total": 11544
    },
    "percentage": {
        "ACTIVE": 99.99133749133749,
        "INACTIVE": 0.03469812630117974,
        "INVALID": 0,
        "MALICIOUS": 0,
        "SANE": 0,
        "VALID": 0,
        "total": 100.02603561763867
    }
}