{
    "counter": {
        "ACTIVE": 6977,
        "INACTIVE": 16,
        "INVALID": 0,
        "MALICIOUS": 0,
        "SANE": 0,
        "VALID": 0,
        "total": 6993
    },
    "percentage": {
        "ACTIVE": 99.77119977119978,
        "INACTIVE": 0.23834351258751676,
        "INVALID": 0,
        "MALICIOUS": 0,
        "SANE": 0,
        "VALID": 0,
        "total": 100.0095432837873
    }
}