{
    "counter": {
        "ACTIVE": 16134,
        "INACTIVE": 35,
        "INVALID": 0,
        "MALICIOUS": 0,
        "SANE": 0,
        "VALID": 0,
        "total": 16169
    },
    "percentage": {
        "ACTIVE": 99.78353639680871,
        "INACTIVE": 0.21876367272954558,
        "INVALID": 0,
        "MALICIOUS": 0,
        "SANE": 0,
        "VALID": 0,
        "total": 100.00230006953826
    }
}