{
    "counter": {
        "ACTIVE": 18900,
        "INACTIVE": 13,
        "INVALID": 0,
        "MALICIOUS": 0,
        "SANE": 0,
        "VALID": 0,
        "total": 18913
    },
    "percentage": {
        "ACTIVE": 99.93126420980278,
        "INACTIVE": 0.06873579019721884,
        "INVALID": 0.0,
        "MALICIOUS": 0.0,
        "SANE": 0.0,
        "VALID": 0.0,
        "total": 100.0
    }
}