{
    "counter": {
        "ACTIVE": 15070,
        "INACTIVE": 46,
        "INVALID": 0,
        "MALICIOUS": 0,
        "SANE": 0,
        "VALID": 0,
        "total": 15116
    },
    "percentage": {
        "ACTIVE": 99.69568668960042,
        "INACTIVE": 0.3133301546216198,
        "INVALID": 0,
        "MALICIOUS": 0,
        "SANE": 0,
        "VALID": 0,
        "total": 100.00901684422205
    }
}