{
    "counter": {
        "ACTIVE": 14805,
        "INACTIVE": 15,
        "INVALID": 0,
        "MALICIOUS": 0,
        "SANE": 0,
        "VALID": 0,
        "total": 14820
    },
    "percentage": {
        "ACTIVE": 99.89878542510121,
        "INACTIVE": 0.12573344509639564,
        "INVALID": 0,
        "MALICIOUS": 0,
        "SANE": 0,
        "VALID": 0,
        "total": 100.02451887019761
    }
}