{
    "counter": {
        "ACTIVE": 13443,
        "INACTIVE": 7,
        "INVALID": 0,
        "MALICIOUS": 0,
        "SANE": 0,
        "VALID": 0,
        "total": 13450
    },
    "percentage": {
        "ACTIVE": 99.94795539033457,
        "INACTIVE": 0.052718782949239346,
        "INVALID": 0,
        "MALICIOUS": 0,
        "SANE": 0,
        "VALID": 0,
        "total": 100.00067417328381
    }
}