{
    "counter": {
        "ACTIVE": 18892,
        "INACTIVE": 3,
        "INVALID": 0,
        "MALICIOUS": 0,
        "SANE": 0,
        "VALID": 0,
        "total": 18895
    },
    "percentage": {
        "ACTIVE": 99.98412278380523,
        "INACTIVE": 0.01587721619476052,
        "INVALID": 0.0,
        "MALICIOUS": 0.0,
        "SANE": 0.0,
        "VALID": 0.0,
        "total": 100.0
    }
}