{
    "counter": {
        "ACTIVE": 195059,
        "INACTIVE": 13,
        "INVALID": 0,
        "MALICIOUS": 0,
        "SANE": 0,
        "VALID": 0,
        "total": 195072
    },
    "percentage": {
        "ACTIVE": 99.99333579396325,
        "INACTIVE": 0.010932086514850819,
        "INVALID": 0,
        "MALICIOUS": 0,
        "SANE": 0,
        "VALID": 0,
        "total": 100.00426788047811
    }
}