{
    "counter": {
        "ACTIVE": 15016,
        "INACTIVE": 12,
        "INVALID": 0,
        "MALICIOUS": 0,
        "SANE": 0,
        "VALID": 0,
        "total": 15028
    },
    "percentage": {
        "ACTIVE": 99.92014905509716,
        "INACTIVE": 0.0826787928896238,
        "INVALID": 0,
        "MALICIOUS": 0,
        "SANE": 0,
        "VALID": 0,
        "total": 100.00282784798678
    }
}