{
    "counter": {
        "ACTIVE": 16722,
        "INACTIVE": 7,
        "INVALID": 0,
        "MALICIOUS": 0,
        "SANE": 0,
        "VALID": 0,
        "total": 16729
    },
    "percentage": {
        "ACTIVE": 99.95815649470978,
        "INACTIVE": 0.059427795228797015,
        "INVALID": 0,
        "MALICIOUS": 0,
        "SANE": 0,
        "VALID": 0,
        "total": 100.01758428993858
    }
}