{
    "counter": {
        "ACTIVE": 15352,
        "INACTIVE": 14,
        "INVALID": 0,
        "MALICIOUS": 0,
        "SANE": 0,
        "VALID": 0,
        "total": 15366
    },
    "percentage": {
        "ACTIVE": 99.90888975660549,
        "INACTIVE": 0.1158173395102581,
        "INVALID": 0,
        "MALICIOUS": 0,
        "SANE": 0,
        "VALID": 0,
        "total": 100.02470709611575
    }
}