{
    "counter": {
        "ACTIVE": 9120,
        "INACTIVE": 16,
        "INVALID": 0,
        "MALICIOUS": 0,
        "SANE": 0,
        "VALID": 0,
        "total": 9136
    },
    "percentage": {
        "ACTIVE": 99.82486865148861,
        "INACTIVE": 0.18315018315018314,
        "INVALID": 0,
        "MALICIOUS": 0,
        "SANE": 0,
        "VALID": 0,
        "total": 100.0080188346388
    }
}