{
    "counter": {
        "ACTIVE": 18876,
        "INACTIVE": 8,
        "INVALID": 0,
        "MALICIOUS": 0,
        "SANE": 0,
        "VALID": 0,
        "total": 18884
    },
    "percentage": {
        "ACTIVE": 99.95763609404787,
        "INACTIVE": 0.042363905952128786,
        "INVALID": 0.0,
        "MALICIOUS": 0.0,
        "SANE": 0.0,
        "VALID": 0.0,
        "total": 100.0
    }
}