{
    "counter": {
        "ACTIVE": 13012,
        "INACTIVE": 23,
        "INVALID": 0,
        "MALICIOUS": 0,
        "SANE": 0,
        "VALID": 0,
        "total": 13035
    },
    "percentage": {
        "ACTIVE": 99.82355197545071,
        "INACTIVE": 0.21479267837131116,
        "INVALID": 0,
        "MALICIOUS": 0,
        "SANE": 0,
        "VALID": 0,
        "total": 100.03834465382202
    }
}