{
    "counter": {
        "ACTIVE": 9758,
        "INACTIVE": 2,
        "INVALID": 0,
        "MALICIOUS": 0,
        "SANE": 0,
        "VALID": 0,
        "total": 9760
    },
    "percentage": {
        "ACTIVE": 99.97950819672131,
        "INACTIVE": 0.029411764705882353,
        "INVALID": 0,
        "MALICIOUS": 0,
        "SANE": 0,
        "VALID": 0,
        "total": 100.0089199614272
    }
}