{
    "counter": {
        "ACTIVE": 16019,
        "INACTIVE": 2,
        "INVALID": 0,
        "MALICIOUS": 0,
        "SANE": 0,
        "VALID": 0,
        "total": 16021
    },
    "percentage": {
        "ACTIVE": 99.98751638474502,
        "INACTIVE": 0.023258518432375856,
        "INVALID": 0,
        "MALICIOUS": 0,
        "SANE": 0,
        "VALID": 0,
        "total": 100.01077490317739
    }
}