{
    "counter": {
        "ACTIVE": 14568,
        "INACTIVE": 3,
        "INVALID": 0,
        "MALICIOUS": 0,
        "SANE": 0,
        "VALID": 0,
        "total": 14571
    },
    "percentage": {
        "ACTIVE": 99.97941115915174,
        "INACTIVE": 0.05185825410544512,
        "INVALID": 0,
        "MALICIOUS": 0,
        "SANE": 0,
        "VALID": 0,
        "total": 100.03126941325718
    }
}