{
    "counter": {
        "ACTIVE": 14108,
        "INACTIVE": 2,
        "INVALID": 0,
        "MALICIOUS": 0,
        "SANE": 0,
        "VALID": 0,
        "total": 14110
    },
    "percentage": {
        "ACTIVE": 99.98582565556343,
        "INACTIVE": 0.014449822989668376,
        "INVALID": 0,
        "MALICIOUS": 0,
        "SANE": 0,
        "VALID": 0,
        "total": 100.0002754785531
    }
}