{
    "counter": {
        "ACTIVE": 15072,
        "INACTIVE": 5,
        "INVALID": 0,
        "MALICIOUS": 0,
        "SANE": 0,
        "VALID": 0,
        "total": 15077
    },
    "percentage": {
        "ACTIVE": 99.96683690389335,
        "INACTIVE": 0.04221903233977877,
        "INVALID": 0,
        "MALICIOUS": 0,
        "SANE": 0,
        "VALID": 0,
        "total": 100.00905593623312
    }
}