{
    "counter": {
        "ACTIVE": 16722,
        "INACTIVE": 29,
        "INVALID": 0,
        "MALICIOUS": 0,
        "SANE": 0,
        "VALID": 0,
        "total": 16751
    },
    "percentage": {
        "ACTIVE": 99.82687600740255,
        "INACTIVE": 0.19221846622920394,
        "INVALID": 0,
        "MALICIOUS": 0,
        "SANE": 0,
        "VALID": 0,
        "total": 100.01909447363175
    }
}