{
    "counter": {
        "ACTIVE": 5646,
        "INACTIVE": 2,
        "INVALID": 0,
        "MALICIOUS": 0,
        "SANE": 0,
        "VALID": 0,
        "total": 5648
    },
    "percentage": {
        "ACTIVE": 99.96458923512748,
        "INACTIVE": 0.04879238838741157,
        "INVALID": 0,
        "MALICIOUS": 0,
        "SANE": 0,
        "VALID": 0,
        "total": 100.01338162351489
    }
}