{
    "counter": {
        "ACTIVE": 15892,
        "INACTIVE": 29,
        "INVALID": 0,
        "MALICIOUS": 0,
        "SANE": 0,
        "VALID": 0,
        "total": 15921
    },
    "percentage": {
        "ACTIVE": 99.81785063752277,
        "INACTIVE": 0.19221846622920394,
        "INVALID": 0,
        "MALICIOUS": 0,
        "SANE": 0,
        "VALID": 0,
        "total": 100.01006910375197
    }
}