{
    "counter": {
        "ACTIVE": 11898,
        "INACTIVE": 24,
        "INVALID": 0,
        "MALICIOUS": 0,
        "SANE": 0,
        "VALID": 0,
        "total": 11922
    },
    "percentage": {
        "ACTIVE": 99.79869149471565,
        "INACTIVE": 0.20451640391989775,
        "INVALID": 0,
        "MALICIOUS": 0,
        "SANE": 0,
        "VALID": 0,
        "total": 100.00320789863555
    }
}