{
    "counter": {
        "ACTIVE": 115939,
        "INACTIVE": 12,
        "INVALID": 0,
        "MALICIOUS": 0,
        "SANE": 0,
        "VALID": 0,
        "total": 115951
    },
    "percentage": {
        "ACTIVE": 99.9896508007693,
        "INACTIVE": 0.010818412938821876,
        "INVALID": 0,
        "MALICIOUS": 0,
        "SANE": 0,
        "VALID": 0,
        "total": 100.00046921370812
    }
}