{
    "counter": {
        "ACTIVE": 5317,
        "INACTIVE": 15,
        "INVALID": 0,
        "MALICIOUS": 0,
        "SANE": 0,
        "VALID": 0,
        "total": 5332
    },
    "percentage": {
        "ACTIVE": 99.71867966991748,
        "INACTIVE": 0.28741138149070705,
        "INVALID": 0,
        "MALICIOUS": 0,
        "SANE": 0,
        "VALID": 0,
        "total": 100.00609105140819
    }
}