{
    "counter": {
        "ACTIVE": 80725,
        "INACTIVE": 10,
        "INVALID": 0,
        "MALICIOUS": 0,
        "SANE": 0,
        "VALID": 0,
        "total": 80735
    },
    "percentage": {
        "ACTIVE": 99.98761379822878,
        "INACTIVE": 0.02183549140773413,
        "INVALID": 0,
        "MALICIOUS": 0,
        "SANE": 0,
        "VALID": 0,
        "total": 100.0094492896365
    }
}