{
    "counter": {
        "ACTIVE": 14347,
        "INACTIVE": 4,
        "INVALID": 0,
        "MALICIOUS": 0,
        "SANE": 0,
        "VALID": 0,
        "total": 14351
    },
    "percentage": {
        "ACTIVE": 99.97212737788307,
        "INACTIVE": 0.06608293408227325,
        "INVALID": 0,
        "MALICIOUS": 0,
        "SANE": 0,
        "VALID": 0,
        "total": 100.03821031196534
    }
}