{
    "counter": {
        "ACTIVE": 5963,
        "INACTIVE": 26,
        "INVALID": 0,
        "MALICIOUS": 0,
        "SANE": 0,
        "VALID": 0,
        "total": 5989
    },
    "percentage": {
        "ACTIVE": 99.56587076306562,
        "INACTIVE": 0.49056603773584906,
        "INVALID": 0,
        "MALICIOUS": 0,
        "SANE": 0,
        "VALID": 0,
        "total": 100.05643680080146
    }
}