{
    "counter": {
        "ACTIVE": 56560,
        "INACTIVE": 6,
        "INVALID": 0,
        "MALICIOUS": 0,
        "SANE": 0,
        "VALID": 0,
        "total": 56566
    },
    "percentage": {
        "ACTIVE": 99.98939292154297,
        "INACTIVE": 0.02765359266258008,
        "INVALID": 0,
        "MALICIOUS": 0,
        "SANE": 0,
        "VALID": 0,
        "total": 100.01704651420555
    }
}