{
    "counter": {
        "ACTIVE": 16029,
        "INACTIVE": 49,
        "INVALID": 0,
        "MALICIOUS": 0,
        "SANE": 0,
        "VALID": 0,
        "total": 16078
    },
    "percentage": {
        "ACTIVE": 99.69523572583655,
        "INACTIVE": 0.3057913130304543,
        "INVALID": 0,
        "MALICIOUS": 0,
        "SANE": 0,
        "VALID": 0,
        "total": 100.00102703886701
    }
}