{
    "counter": {
        "ACTIVE": 12864,
        "INACTIVE": 1,
        "INVALID": 0,
        "MALICIOUS": 0,
        "SANE": 0,
        "VALID": 0,
        "total": 12865
    },
    "percentage": {
        "ACTIVE": 99.99222697240575,
        "INACTIVE": 0.5555555555555556,
        "INVALID": 0,
        "MALICIOUS": 0,
        "SANE": 0,
        "VALID": 0,
        "total": 100.5477825279613
    }
}