{
    "counter": {
        "ACTIVE": 171947,
        "INACTIVE": 13,
        "INVALID": 0,
        "MALICIOUS": 0,
        "SANE": 0,
        "VALID": 0,
        "total": 171960
    },
    "percentage": {
        "ACTIVE": 99.99244010234938,
        "INACTIVE": 0.010932086514850819,
        "INVALID": 0,
        "MALICIOUS": 0,
        "SANE": 0,
        "VALID": 0,
        "total": 100.00337218886423
    }
}