{
    "counter": {
        "ACTIVE": 8895,
        "INACTIVE": 19,
        "INVALID": 0,
        "MALICIOUS": 0,
        "SANE": 0,
        "VALID": 0,
        "total": 8914
    },
    "percentage": {
        "ACTIVE": 99.78685214269689,
        "INACTIVE": 0.22651406771578445,
        "INVALID": 0,
        "MALICIOUS": 0,
        "SANE": 0,
        "VALID": 0,
        "total": 100.01336621041267
    }
}