{
    "counter": {
        "ACTIVE": 15935,
        "INACTIVE": 42,
        "INVALID": 0,
        "MALICIOUS": 0,
        "SANE": 0,
        "VALID": 0,
        "total": 15977
    },
    "percentage": {
        "ACTIVE": 99.73712211303749,
        "INACTIVE": 0.3643935450286309,
        "INVALID": 0,
        "MALICIOUS": 0,
        "SANE": 0,
        "VALID": 0,
        "total": 100.10151565806612
    }
}