{
    "counter": {
        "ACTIVE": 12784,
        "INACTIVE": 2,
        "INVALID": 0,
        "MALICIOUS": 0,
        "SANE": 0,
        "VALID": 0,
        "total": 12786
    },
    "percentage": {
        "ACTIVE": 99.98435789144376,
        "INACTIVE": 0.021039343572480537,
        "INVALID": 0,
        "MALICIOUS": 0,
        "SANE": 0,
        "VALID": 0,
        "total": 100.00539723501625
    }
}