{
    "counter": {
        "ACTIVE": 6425,
        "INACTIVE": 22,
        "INVALID": 0,
        "MALICIOUS": 0,
        "SANE": 0,
        "VALID": 0,
        "total": 6447
    },
    "percentage": {
        "ACTIVE": 99.65875601054753,
        "INACTIVE": 0.37262872628726285,
        "INVALID": 0,
        "MALICIOUS": 0,
        "SANE": 0,
        "VALID": 0,
        "total": 100.0313847368348
    }
}