{
    "counter": {
        "ACTIVE": 4713,
        "INACTIVE": 2,
        "INVALID": 0,
        "MALICIOUS": 0,
        "SANE": 0,
        "VALID": 0,
        "total": 4715
    },
    "percentage": {
        "ACTIVE": 99.95758218451749,
        "INACTIVE": 0.0700770847932726,
        "INVALID": 0,
        "MALICIOUS": 0,
        "SANE": 0,
        "VALID": 0,
        "total": 100.02765926931076
    }
}