{
    "counter": {
        "ACTIVE": 11944,
        "INACTIVE": 38,
        "INVALID": 0,
        "MALICIOUS": 0,
        "SANE": 0,
        "VALID": 0,
        "total": 11982
    },
    "percentage": {
        "ACTIVE": 99.68285761976298,
        "INACTIVE": 0.3520800518854813,
        "INVALID": 0,
        "MALICIOUS": 0,
        "SANE": 0,
        "VALID": 0,
        "total": 100.03493767164846
    }
}