{
    "counter": {
        "ACTIVE": 6779,
        "INACTIVE": 2,
        "INVALID": 0,
        "MALICIOUS": 0,
        "SANE": 0,
        "VALID": 0,
        "total": 6781
    },
    "percentage": {
        "ACTIVE": 99.97050582509954,
        "INACTIVE": 0.1297016861219196,
        "INVALID": 0,
        "MALICIOUS": 0,
        "SANE": 0,
        "VALID": 0,
        "total": 100.10020751122146
    }
}