{
    "counter": {
        "ACTIVE": 158730,
        "INACTIVE": 13,
        "INVALID": 0,
        "MALICIOUS": 0,
        "SANE": 0,
        "VALID": 0,
        "total": 158743
    },
    "percentage": {
        "ACTIVE": 99.99181066251741,
        "INACTIVE": 0.010932086514850819,
        "INVALID": 0,
        "MALICIOUS": 0,
        "SANE": 0,
        "VALID": 0,
        "total": 100.00274274903227
    }
}