{
    "counter": {
        "ACTIVE": 287259,
        "INACTIVE": 14,
        "INVALID": 0,
        "MALICIOUS": 0,
        "SANE": 0,
        "VALID": 0,
        "total": 287273
    },
    "percentage": {
        "ACTIVE": 99.99512658690514,
        "INACTIVE": 0.006299212598425197,
        "INVALID": 0,
        "MALICIOUS": 0,
        "SANE": 0,
        "VALID": 0,
        "total": 100.00142579950356
    }
}