{
    "counter": {
        "ACTIVE": 3685,
        "INACTIVE": 10,
        "INVALID": 0,
        "MALICIOUS": 0,
        "SANE": 0,
        "VALID": 0,
        "total": 3695
    },
    "percentage": {
        "ACTIVE": 99.72936400541272,
        "INACTIVE": 0.2721829069134458,
        "INVALID": 0,
        "MALICIOUS": 0,
        "SANE": 0,
        "VALID": 0,
        "total": 100.00154691232616
    }
}