{
    "counter": {
        "ACTIVE": 3083,
        "INACTIVE": 3,
        "INVALID": 0,
        "MALICIOUS": 0,
        "SANE": 0,
        "VALID": 0,
        "total": 3086
    },
    "percentage": {
        "ACTIVE": 99.90278677900194,
        "INACTIVE": 0.104675505931612,
        "INVALID": 0,
        "MALICIOUS": 0,
        "SANE": 0,
        "VALID": 0,
        "total": 100.00746228493355
    }
}