{
    "counter": {
        "ACTIVE": 14387,
        "INACTIVE": 7,
        "INVALID": 0,
        "MALICIOUS": 0,
        "SANE": 0,
        "VALID": 0,
        "total": 14394
    },
    "percentage": {
        "ACTIVE": 99.95136862581631,
        "INACTIVE": 0.048641512056146204,
        "INVALID": 0,
        "MALICIOUS": 0,
        "SANE": 0,
        "VALID": 0,
        "total": 100.00001013787247
    }
}