{
    "counter": {
        "ACTIVE": 290954,
        "INACTIVE": 14,
        "INVALID": 0,
        "MALICIOUS": 0,
        "SANE": 0,
        "VALID": 0,
        "total": 290968
    },
    "percentage": {
        "ACTIVE": 99.99518847433394,
        "INACTIVE": 0.006299212598425197,
        "INVALID": 0,
        "MALICIOUS": 0,
        "SANE": 0,
        "VALID": 0,
        "total": 100.00148768693236
    }
}