{
    "counter": {
        "ACTIVE": 10024,
        "INACTIVE": 3,
        "INVALID": 0,
        "MALICIOUS": 0,
        "SANE": 0,
        "VALID": 0,
        "total": 10027
    },
    "percentage": {
        "ACTIVE": 99.9700807818889,
        "INACTIVE": 0.03546518501004847,
        "INVALID": 0,
        "MALICIOUS": 0,
        "SANE": 0,
        "VALID": 0,
        "total": 100.00554596689895
    }
}