{
    "counter": {
        "ACTIVE": 3643,
        "INACTIVE": 2,
        "INVALID": 0,
        "MALICIOUS": 0,
        "SANE": 0,
        "VALID": 0,
        "total": 3645
    },
    "percentage": {
        "ACTIVE": 99.94513031550069,
        "INACTIVE": 0.1038961038961039,
        "INVALID": 0,
        "MALICIOUS": 0,
        "SANE": 0,
        "VALID": 0,
        "total": 100.0490264193968
    }
}