{
    "counter": {
        "ACTIVE": 15754,
        "INACTIVE": 4,
        "INVALID": 0,
        "MALICIOUS": 0,
        "SANE": 0,
        "VALID": 0,
        "total": 15758
    },
    "percentage": {
        "ACTIVE": 99.97461606802894,
        "INACTIVE": 0.4048582995951417,
        "INVALID": 0,
        "MALICIOUS": 0,
        "SANE": 0,
        "VALID": 0,
        "total": 100.37947436762408
    }
}