{
    "counter": {
        "ACTIVE": 15815,
        "INACTIVE": 10,
        "INVALID": 0,
        "MALICIOUS": 0,
        "SANE": 0,
        "VALID": 0,
        "total": 15825
    },
    "percentage": {
        "ACTIVE": 99.93680884676145,
        "INACTIVE": 0.13449899125756556,
        "INVALID": 0,
        "MALICIOUS": 0,
        "SANE": 0,
        "VALID": 0,
        "total": 100.07130783801901
    }
}