{
    "counter": {
        "ACTIVE": 11263,
        "INACTIVE": 2,
        "INVALID": 0,
        "MALICIOUS": 0,
        "SANE": 0,
        "VALID": 0,
        "total": 11265
    },
    "percentage": {
        "ACTIVE": 99.98224589436307,
        "INACTIVE": 0.027525461051472612,
        "INVALID": 0,
        "MALICIOUS": 0,
        "SANE": 0,
        "VALID": 0,
        "total": 100.00977135541454
    }
}