{
    "counter": {
        "ACTIVE": 9288,
        "INACTIVE": 12,
        "INVALID": 0,
        "MALICIOUS": 0,
        "SANE": 0,
        "VALID": 0,
        "total": 9300
    },
    "percentage": {
        "ACTIVE": 99.87096774193549,
        "INACTIVE": 0.1356391997287216,
        "INVALID": 0,
        "MALICIOUS": 0,
        "SANE": 0,
        "VALID": 0,
        "total": 100.0066069416642
    }
}