{
    "counter": {
        "ACTIVE": 15214,
        "INACTIVE": 38,
        "INVALID": 0,
        "MALICIOUS": 0,
        "SANE": 0,
        "VALID": 0,
        "total": 15252
    },
    "percentage": {
        "ACTIVE": 99.75085234723315,
        "INACTIVE": 0.3520800518854813,
        "INVALID": 0,
        "MALICIOUS": 0,
        "SANE": 0,
        "VALID": 0,
        "total": 100.10293239911863
    }
}