{
    "counter": {
        "ACTIVE": 8794,
        "INACTIVE": 4,
        "INVALID": 0,
        "MALICIOUS": 0,
        "SANE": 0,
        "VALID": 0,
        "total": 8798
    },
    "percentage": {
        "ACTIVE": 99.95453512161855,
        "INACTIVE": 0.060551014229488345,
        "INVALID": 0,
        "MALICIOUS": 0,
        "SANE": 0,
        "VALID": 0,
        "total": 100.01508613584804
    }
}