{
    "counter": {
        "ACTIVE": 15480,
        "INACTIVE": 4,
        "INVALID": 0,
        "MALICIOUS": 0,
        "SANE": 0,
        "VALID": 0,
        "total": 15484
    },
    "percentage": {
        "ACTIVE": 99.97416688194265,
        "INACTIVE": 0.08503401360544217,
        "INVALID": 0,
        "MALICIOUS": 0,
        "SANE": 0,
        "VALID": 0,
        "total": 100.05920089554809
    }
}