{
    "counter": {
        "ACTIVE": 14560,
        "INACTIVE": 28,
        "INVALID": 0,
        "MALICIOUS": 0,
        "SANE": 0,
        "VALID": 0,
        "total": 14588
    },
    "percentage": {
        "ACTIVE": 99.8080614203455,
        "INACTIVE": 0.19343696027633853,
        "INVALID": 0,
        "MALICIOUS": 0,
        "SANE": 0,
        "VALID": 0,
        "total": 100.00149838062184
    }
}