{
    "counter": {
        "ACTIVE": 14853,
        "INACTIVE": 2,
        "INVALID": 0,
        "MALICIOUS": 0,
        "SANE": 0,
        "VALID": 0,
        "total": 14855
    },
    "percentage": {
        "ACTIVE": 99.98653651969035,
        "INACTIVE": 0.016488046166529265,
        "INVALID": 0,
        "MALICIOUS": 0,
        "SANE": 0,
        "VALID": 0,
        "total": 100.00302456585688
    }
}