{
    "counter": {
        "ACTIVE": 11491,
        "INACTIVE": 5,
        "INVALID": 0,
        "MALICIOUS": 0,
        "SANE": 0,
        "VALID": 0,
        "total": 11496
    },
    "percentage": {
        "ACTIVE": 99.95650661099513,
        "INACTIVE": 0.045471080392870136,
        "INVALID": 0,
        "MALICIOUS": 0,
        "SANE": 0,
        "VALID": 0,
        "total": 100.001977691388
    }
}