{
    "counter": {
        "ACTIVE": 240175,
        "INACTIVE": 14,
        "INVALID": 0,
        "MALICIOUS": 0,
        "SANE": 0,
        "VALID": 0,
        "total": 240189
    },
    "percentage": {
        "ACTIVE": 99.99417125680193,
        "INACTIVE": 0.006299212598425197,
        "INVALID": 0,
        "MALICIOUS": 0,
        "SANE": 0,
        "VALID": 0,
        "total": 100.00047046940036
    }
}