{
    "counter": {
        "ACTIVE": 13115,
        "INACTIVE": 7,
        "INVALID": 0,
        "MALICIOUS": 0,
        "SANE": 0,
        "VALID": 0,
        "total": 13122
    },
    "percentage": {
        "ACTIVE": 99.94665447340344,
        "INACTIVE": 0.06070592316364582,
        "INVALID": 0,
        "MALICIOUS": 0,
        "SANE": 0,
        "VALID": 0,
        "total": 100.0073603965671
    }
}