{
    "counter": {
        "ACTIVE": 16032,
        "INACTIVE": 37,
        "INVALID": 0,
        "MALICIOUS": 0,
        "SANE": 0,
        "VALID": 0,
        "total": 16069
    },
    "percentage": {
        "ACTIVE": 99.76974298338416,
        "INACTIVE": 0.285010013865352,
        "INVALID": 0,
        "MALICIOUS": 0,
        "SANE": 0,
        "VALID": 0,
        "total": 100.05475299724951
    }
}