{
    "counter": {
        "ACTIVE": 16688,
        "INACTIVE": 28,
        "INVALID": 0,
        "MALICIOUS": 0,
        "SANE": 0,
        "VALID": 0,
        "total": 16716
    },
    "percentage": {
        "ACTIVE": 99.83249581239531,
        "INACTIVE": 0.19343696027633853,
        "INVALID": 0,
        "MALICIOUS": 0,
        "SANE": 0,
        "VALID": 0,
        "total": 100.02593277267165
    }
}