{
    "counter": {
        "ACTIVE": 2162,
        "INACTIVE": 4,
        "INVALID": 0,
        "MALICIOUS": 0,
        "SANE": 0,
        "VALID": 0,
        "total": 2166
    },
    "percentage": {
        "ACTIVE": 99.81532779316713,
        "INACTIVE": 0.27137042062415195,
        "INVALID": 0,
        "MALICIOUS": 0,
        "SANE": 0,
        "VALID": 0,
        "total": 100.08669821379128
    }
}