{
    "counter": {
        "ACTIVE": 16760,
        "INACTIVE": 3,
        "INVALID": 0,
        "MALICIOUS": 0,
        "SANE": 0,
        "VALID": 0,
        "total": 16763
    },
    "percentage": {
        "ACTIVE": 99.98210344210463,
        "INACTIVE": 0.03944254535892716,
        "INVALID": 0,
        "MALICIOUS": 0,
        "SANE": 0,
        "VALID": 0,
        "total": 100.02154598746355
    }
}