{
    "counter": {
        "ACTIVE": 11700,
        "INACTIVE": 27,
        "INVALID": 0,
        "MALICIOUS": 0,
        "SANE": 0,
        "VALID": 0,
        "total": 11727
    },
    "percentage": {
        "ACTIVE": 99.7697620874904,
        "INACTIVE": 0.25800286669851885,
        "INVALID": 0,
        "MALICIOUS": 0,
        "SANE": 0,
        "VALID": 0,
        "total": 100.02776495418892
    }
}