{
    "counter": {
        "ACTIVE": 16285,
        "INACTIVE": 36,
        "INVALID": 0,
        "MALICIOUS": 0,
        "SANE": 0,
        "VALID": 0,
        "total": 16321
    },
    "percentage": {
        "ACTIVE": 99.7794252803137,
        "INACTIVE": 0.26191342306293197,
        "INVALID": 0,
        "MALICIOUS": 0,
        "SANE": 0,
        "VALID": 0,
        "total": 100.04133870337664
    }
}