{
    "counter": {
        "ACTIVE": 18833,
        "INACTIVE": 3,
        "INVALID": 0,
        "MALICIOUS": 0,
        "SANE": 0,
        "VALID": 0,
        "total": 18836
    },
    "percentage": {
        "ACTIVE": 99.98407305160332,
        "INACTIVE": 0.015926948396687193,
        "INVALID": 0.0,
        "MALICIOUS": 0.0,
        "SANE": 0.0,
        "VALID": 0.0,
        "total": 100.0
    }
}