{
    "counter": {
        "ACTIVE": 7724,
        "INACTIVE": 23,
        "INVALID": 0,
        "MALICIOUS": 0,
        "SANE": 0,
        "VALID": 0,
        "total": 7747
    },
    "percentage": {
        "ACTIVE": 99.7031108816316,
        "INACTIVE": 0.32212885154061627,
        "INVALID": 0,
        "MALICIOUS": 0,
        "SANE": 0,
        "VALID": 0,
        "total": 100.02523973317221
    }
}