{
    "counter": {
        "ACTIVE": 11957,
        "INACTIVE": 55,
        "INVALID": 0,
        "MALICIOUS": 0,
        "SANE": 0,
        "VALID": 0,
        "total": 12012
    },
    "percentage": {
        "ACTIVE": 99.54212454212454,
        "INACTIVE": 0.4707292023279699,
        "INVALID": 0,
        "MALICIOUS": 0,
        "SANE": 0,
        "VALID": 0,
        "total": 100.01285374445251
    }
}