{
    "counter": {
        "ACTIVE": 284569,
        "INACTIVE": 14,
        "INVALID": 0,
        "MALICIOUS": 0,
        "SANE": 0,
        "VALID": 0,
        "total": 284583
    },
    "percentage": {
        "ACTIVE": 99.99508052132418,
        "INACTIVE": 0.006299212598425197,
        "INVALID": 0,
        "MALICIOUS": 0,
        "SANE": 0,
        "VALID": 0,
        "total": 100.0013797339226
    }
}