{
    "counter": {
        "ACTIVE": 9545,
        "INACTIVE": 16,
        "INVALID": 0,
        "MALICIOUS": 0,
        "SANE": 0,
        "VALID": 0,
        "total": 9561
    },
    "percentage": {
        "ACTIVE": 99.83265348812886,
        "INACTIVE": 0.18315018315018314,
        "INVALID": 0,
        "MALICIOUS": 0,
        "SANE": 0,
        "VALID": 0,
        "total": 100.01580367127904
    }
}