{
    "counter": {
        "ACTIVE": 5157,
        "INACTIVE": 4,
        "INVALID": 0,
        "MALICIOUS": 0,
        "SANE": 0,
        "VALID": 0,
        "total": 5161
    },
    "percentage": {
        "ACTIVE": 99.92249564037976,
        "INACTIVE": 0.4048582995951417,
        "INVALID": 0,
        "MALICIOUS": 0,
        "SANE": 0,
        "VALID": 0,
        "total": 100.32735393997491
    }
}