{
    "counter": {
        "ACTIVE": 10681,
        "INACTIVE": 3,
        "INVALID": 0,
        "MALICIOUS": 0,
        "SANE": 0,
        "VALID": 0,
        "total": 10684
    },
    "percentage": {
        "ACTIVE": 99.97192062897791,
        "INACTIVE": 0.040328001075413365,
        "INVALID": 0,
        "MALICIOUS": 0,
        "SANE": 0,
        "VALID": 0,
        "total": 100.01224863005332
    }
}