{
    "counter": {
        "ACTIVE": 16180,
        "INACTIVE": 458,
        "INVALID": 0,
        "MALICIOUS": 0,
        "SANE": 0,
        "VALID": 0,
        "total": 16638
    },
    "percentage": {
        "ACTIVE": 97.24726529630965,
        "INACTIVE": 2.7804759592034967,
        "INVALID": 0,
        "MALICIOUS": 0,
        "SANE": 0,
        "VALID": 0,
        "total": 100.02774125551315
    }
}