{
    "counter": {
        "ACTIVE": 8957,
        "INACTIVE": 26,
        "INVALID": 0,
        "MALICIOUS": 0,
        "SANE": 0,
        "VALID": 0,
        "total": 8983
    },
    "percentage": {
        "ACTIVE": 99.71056439942113,
        "INACTIVE": 0.3422403580360669,
        "INVALID": 0,
        "MALICIOUS": 0,
        "SANE": 0,
        "VALID": 0,
        "total": 100.0528047574572
    }
}