{
    "counter": {
        "ACTIVE": 6182,
        "INACTIVE": 10,
        "INVALID": 0,
        "MALICIOUS": 0,
        "SANE": 0,
        "VALID": 0,
        "total": 6192
    },
    "percentage": {
        "ACTIVE": 99.83850129198966,
        "INACTIVE": 0.16149870801033592,
        "INVALID": 0.0,
        "MALICIOUS": 0.0,
        "SANE": 0.0,
        "VALID": 0.0,
        "total": 100.0
    }
}