{
    "counter": {
        "ACTIVE": 15475,
        "INACTIVE": 10,
        "INVALID": 0,
        "MALICIOUS": 0,
        "SANE": 0,
        "VALID": 0,
        "total": 15485
    },
    "percentage": {
        "ACTIVE": 99.9354213755247,
        "INACTIVE": 0.06772314777190844,
        "INVALID": 0,
        "MALICIOUS": 0,
        "SANE": 0,
        "VALID": 0,
        "total": 100.00314452329661
    }
}