{
    "counter": {
        "ACTIVE": 16586,
        "INACTIVE": 46,
        "INVALID": 0,
        "MALICIOUS": 0,
        "SANE": 0,
        "VALID": 0,
        "total": 16632
    },
    "percentage": {
        "ACTIVE": 99.72342472342473,
        "INACTIVE": 0.2877337836992556,
        "INVALID": 0,
        "MALICIOUS": 0,
        "SANE": 0,
        "VALID": 0,
        "total": 100.01115850712398
    }
}