{
    "counter": {
        "ACTIVE": 13540,
        "INACTIVE": 2,
        "INVALID": 0,
        "MALICIOUS": 0,
        "SANE": 0,
        "VALID": 0,
        "total": 13542
    },
    "percentage": {
        "ACTIVE": 99.98523113277211,
        "INACTIVE": 0.027525461051472612,
        "INVALID": 0,
        "MALICIOUS": 0,
        "SANE": 0,
        "VALID": 0,
        "total": 100.01275659382358
    }
}