{
    "counter": {
        "ACTIVE": 15687,
        "INACTIVE": 5,
        "INVALID": 0,
        "MALICIOUS": 0,
        "SANE": 0,
        "VALID": 0,
        "total": 15692
    },
    "percentage": {
        "ACTIVE": 99.96813663013,
        "INACTIVE": 0.03366323301689894,
        "INVALID": 0,
        "MALICIOUS": 0,
        "SANE": 0,
        "VALID": 0,
        "total": 100.0017998631469
    }
}