{
    "counter": {
        "ACTIVE": 237693,
        "INACTIVE": 14,
        "INVALID": 0,
        "MALICIOUS": 0,
        "SANE": 0,
        "VALID": 0,
        "total": 237707
    },
    "percentage": {
        "ACTIVE": 99.9941103964124,
        "INACTIVE": 0.006299212598425197,
        "INVALID": 0,
        "MALICIOUS": 0,
        "SANE": 0,
        "VALID": 0,
        "total": 100.00040960901082
    }
}