{
    "counter": {
        "ACTIVE": 15870,
        "INACTIVE": 24,
        "INVALID": 0,
        "MALICIOUS": 0,
        "SANE": 0,
        "VALID": 0,
        "total": 15894
    },
    "percentage": {
        "ACTIVE": 99.84899962249905,
        "INACTIVE": 0.15100037750094375,
        "INVALID": 0.0,
        "MALICIOUS": 0.0,
        "SANE": 0.0,
        "VALID": 0.0,
        "total": 100.0
    }
}