{
    "counter": {
        "ACTIVE": 14534,
        "INACTIVE": 7,
        "INVALID": 0,
        "MALICIOUS": 0,
        "SANE": 0,
        "VALID": 0,
        "total": 14541
    },
    "percentage": {
        "ACTIVE": 99.95186025720376,
        "INACTIVE": 0.059427795228797015,
        "INVALID": 0,
        "MALICIOUS": 0,
        "SANE": 0,
        "VALID": 0,
        "total": 100.01128805243256
    }
}