{
    "counter": {
        "ACTIVE": 207545,
        "INACTIVE": 13,
        "INVALID": 0,
        "MALICIOUS": 0,
        "SANE": 0,
        "VALID": 0,
        "total": 207558
    },
    "percentage": {
        "ACTIVE": 99.99373669046724,
        "INACTIVE": 0.010932086514850819,
        "INVALID": 0,
        "MALICIOUS": 0,
        "SANE": 0,
        "VALID": 0,
        "total": 100.0046687769821
    }
}