{
    "counter": {
        "ACTIVE": 17125,
        "INACTIVE": 22,
        "INVALID": 0,
        "MALICIOUS": 0,
        "SANE": 0,
        "VALID": 0,
        "total": 17147
    },
    "percentage": {
        "ACTIVE": 99.87169767306234,
        "INACTIVE": 0.1770053906187143,
        "INVALID": 0,
        "MALICIOUS": 0,
        "SANE": 0,
        "VALID": 0,
        "total": 100.04870306368106
    }
}