{
    "counter": {
        "ACTIVE": 16132,
        "INACTIVE": 26,
        "INVALID": 0,
        "MALICIOUS": 0,
        "SANE": 0,
        "VALID": 0,
        "total": 16158
    },
    "percentage": {
        "ACTIVE": 99.83908899616289,
        "INACTIVE": 0.16448408932751313,
        "INVALID": 0,
        "MALICIOUS": 0,
        "SANE": 0,
        "VALID": 0,
        "total": 100.0035730854904
    }
}