{
    "counter": {
        "ACTIVE": 233268,
        "INACTIVE": 14,
        "INVALID": 0,
        "MALICIOUS": 0,
        "SANE": 0,
        "VALID": 0,
        "total": 233282
    },
    "percentage": {
        "ACTIVE": 99.99399867970953,
        "INACTIVE": 0.006299212598425197,
        "INVALID": 0,
        "MALICIOUS": 0,
        "SANE": 0,
        "VALID": 0,
        "total": 100.00029789230796
    }
}