{
    "counter": {
        "ACTIVE": 16404,
        "INACTIVE": 19,
        "INVALID": 0,
        "MALICIOUS": 0,
        "SANE": 0,
        "VALID": 0,
        "total": 16423
    },
    "percentage": {
        "ACTIVE": 99.88430859160933,
        "INACTIVE": 0.11662165479990179,
        "INVALID": 0,
        "MALICIOUS": 0,
        "SANE": 0,
        "VALID": 0,
        "total": 100.00093024640923
    }
}