{
    "counter": {
        "ACTIVE": 15495,
        "INACTIVE": 3,
        "INVALID": 0,
        "MALICIOUS": 0,
        "SANE": 0,
        "VALID": 0,
        "total": 15498
    },
    "percentage": {
        "ACTIVE": 99.9806426635695,
        "INACTIVE": 0.020344500203445002,
        "INVALID": 0,
        "MALICIOUS": 0,
        "SANE": 0,
        "VALID": 0,
        "total": 100.00098716377295
    }
}