{
    "counter": {
        "ACTIVE": 14479,
        "INACTIVE": 534,
        "INVALID": 0,
        "MALICIOUS": 0,
        "SANE": 0,
        "VALID": 0,
        "total": 15013
    },
    "percentage": {
        "ACTIVE": 96.4430826616932,
        "INACTIVE": 3.6264855687606112,
        "INVALID": 0,
        "MALICIOUS": 0,
        "SANE": 0,
        "VALID": 0,
        "total": 100.06956823045381
    }
}