{
    "counter": {
        "ACTIVE": 9625,
        "INACTIVE": 4,
        "INVALID": 0,
        "MALICIOUS": 0,
        "SANE": 0,
        "VALID": 0,
        "total": 9629
    },
    "percentage": {
        "ACTIVE": 99.9584588223076,
        "INACTIVE": 0.045428733674048836,
        "INVALID": 0,
        "MALICIOUS": 0,
        "SANE": 0,
        "VALID": 0,
        "total": 100.00388755598165
    }
}