{
    "counter": {
        "ACTIVE": 163887,
        "INACTIVE": 13,
        "INVALID": 0,
        "MALICIOUS": 0,
        "SANE": 0,
        "VALID": 0,
        "total": 163900
    },
    "percentage": {
        "ACTIVE": 99.99206833435021,
        "INACTIVE": 0.010932086514850819,
        "INVALID": 0,
        "MALICIOUS": 0,
        "SANE": 0,
        "VALID": 0,
        "total": 100.00300042086506
    }
}