{
    "counter": {
        "ACTIVE": 11601,
        "INACTIVE": 710,
        "INVALID": 0,
        "MALICIOUS": 0,
        "SANE": 0,
        "VALID": 0,
        "total": 12311
    },
    "percentage": {
        "ACTIVE": 94.23279993501747,
        "INACTIVE": 5.767200064982536,
        "INVALID": 0.0,
        "MALICIOUS": 0.0,
        "SANE": 0.0,
        "VALID": 0.0,
        "total": 100.0
    }
}