{
    "counter": {
        "ACTIVE": 10201,
        "INACTIVE": 5,
        "INVALID": 0,
        "MALICIOUS": 0,
        "SANE": 0,
        "VALID": 0,
        "total": 10206
    },
    "percentage": {
        "ACTIVE": 99.95100921026847,
        "INACTIVE": 0.05283178360101437,
        "INVALID": 0,
        "MALICIOUS": 0,
        "SANE": 0,
        "VALID": 0,
        "total": 100.00384099386947
    }
}