{
    "counter": {
        "ACTIVE": 14402,
        "INACTIVE": 5,
        "INVALID": 0,
        "MALICIOUS": 0,
        "SANE": 0,
        "VALID": 0,
        "total": 14407
    },
    "percentage": {
        "ACTIVE": 99.96529464843479,
        "INACTIVE": 0.04423604352826683,
        "INVALID": 0,
        "MALICIOUS": 0,
        "SANE": 0,
        "VALID": 0,
        "total": 100.00953069196306
    }
}