{
    "counter": {
        "ACTIVE": 8743,
        "INACTIVE": 18,
        "INVALID": 0,
        "MALICIOUS": 0,
        "SANE": 0,
        "VALID": 0,
        "total": 8761
    },
    "percentage": {
        "ACTIVE": 99.79454400182628,
        "INACTIVE": 0.276327909118821,
        "INVALID": 0,
        "MALICIOUS": 0,
        "SANE": 0,
        "VALID": 0,
        "total": 100.0708719109451
    }
}