{
    "counter": {
        "ACTIVE": 15613,
        "INACTIVE": 36,
        "INVALID": 0,
        "MALICIOUS": 0,
        "SANE": 0,
        "VALID": 0,
        "total": 15649
    },
    "percentage": {
        "ACTIVE": 99.76995335165186,
        "INACTIVE": 0.24151348450288473,
        "INVALID": 0,
        "MALICIOUS": 0,
        "SANE": 0,
        "VALID": 0,
        "total": 100.01146683615475
    }
}