{
    "counter": {
        "ACTIVE": 16944,
        "INACTIVE": 9,
        "INVALID": 0,
        "MALICIOUS": 0,
        "SANE": 0,
        "VALID": 0,
        "total": 16953
    },
    "percentage": {
        "ACTIVE": 99.94691205096443,
        "INACTIVE": 0.05593536357986327,
        "INVALID": 0,
        "MALICIOUS": 0,
        "SANE": 0,
        "VALID": 0,
        "total": 100.00284741454429
    }
}