{
    "counter": {
        "ACTIVE": 16623,
        "INACTIVE": 32,
        "INVALID": 0,
        "MALICIOUS": 0,
        "SANE": 0,
        "VALID": 0,
        "total": 16655
    },
    "percentage": {
        "ACTIVE": 99.8078655058541,
        "INACTIVE": 0.2056819642627587,
        "INVALID": 0,
        "MALICIOUS": 0,
        "SANE": 0,
        "VALID": 0,
        "total": 100.01354747011685
    }
}