{
    "counter": {
        "ACTIVE": 15170,
        "INACTIVE": 4,
        "INVALID": 0,
        "MALICIOUS": 0,
        "SANE": 0,
        "VALID": 0,
        "total": 15174
    },
    "percentage": {
        "ACTIVE": 99.97363911954659,
        "INACTIVE": 0.028606164628477437,
        "INVALID": 0,
        "MALICIOUS": 0,
        "SANE": 0,
        "VALID": 0,
        "total": 100.00224528417506
    }
}