{
    "counter": {
        "ACTIVE": 15849,
        "INACTIVE": 42,
        "INVALID": 0,
        "MALICIOUS": 0,
        "SANE": 0,
        "VALID": 0,
        "total": 15891
    },
    "percentage": {
        "ACTIVE": 99.7356994525203,
        "INACTIVE": 0.3643935450286309,
        "INVALID": 0,
        "MALICIOUS": 0,
        "SANE": 0,
        "VALID": 0,
        "total": 100.10009299754893
    }
}