{
    "counter": {
        "ACTIVE": 15097,
        "INACTIVE": 35,
        "INVALID": 0,
        "MALICIOUS": 0,
        "SANE": 0,
        "VALID": 0,
        "total": 15132
    },
    "percentage": {
        "ACTIVE": 99.76870208828971,
        "INACTIVE": 0.24354603019970775,
        "INVALID": 0,
        "MALICIOUS": 0,
        "SANE": 0,
        "VALID": 0,
        "total": 100.01224811848942
    }
}