{
    "counter": {
        "ACTIVE": 13925,
        "INACTIVE": 34,
        "INVALID": 0,
        "MALICIOUS": 0,
        "SANE": 0,
        "VALID": 0,
        "total": 13959
    },
    "percentage": {
        "ACTIVE": 99.75642954366359,
        "INACTIVE": 0.2466449038810301,
        "INVALID": 0,
        "MALICIOUS": 0,
        "SANE": 0,
        "VALID": 0,
        "total": 100.00307444754462
    }
}