{
    "counter": {
        "ACTIVE": 5545,
        "INACTIVE": 3,
        "INVALID": 0,
        "MALICIOUS": 0,
        "SANE": 0,
        "VALID": 0,
        "total": 5548
    },
    "percentage": {
        "ACTIVE": 99.94592645998559,
        "INACTIVE": 0.08393956351426973,
        "INVALID": 0,
        "MALICIOUS": 0,
        "SANE": 0,
        "VALID": 0,
        "total": 100.02986602349985
    }
}