{
    "counter": {
        "ACTIVE": 10919,
        "INACTIVE": 11,
        "INVALID": 0,
        "MALICIOUS": 0,
        "SANE": 0,
        "VALID": 0,
        "total": 10930
    },
    "percentage": {
        "ACTIVE": 99.89935956084172,
        "INACTIVE": 0.10551558752997602,
        "INVALID": 0,
        "MALICIOUS": 0,
        "SANE": 0,
        "VALID": 0,
        "total": 100.0048751483717
    }
}