{
    "counter": {
        "ACTIVE": 15786,
        "INACTIVE": 4,
        "INVALID": 0,
        "MALICIOUS": 0,
        "SANE": 0,
        "VALID": 0,
        "total": 15790
    },
    "percentage": {
        "ACTIVE": 99.97466751108297,
        "INACTIVE": 0.038895371450797356,
        "INVALID": 0,
        "MALICIOUS": 0,
        "SANE": 0,
        "VALID": 0,
        "total": 100.01356288253376
    }
}