{
    "counter": {
        "ACTIVE": 15009,
        "INACTIVE": 43,
        "INVALID": 0,
        "MALICIOUS": 0,
        "SANE": 0,
        "VALID": 0,
        "total": 15052
    },
    "percentage": {
        "ACTIVE": 99.71432367791655,
        "INACTIVE": 0.2893284887632889,
        "INVALID": 0,
        "MALICIOUS": 0,
        "SANE": 0,
        "VALID": 0,
        "total": 100.00365216667984
    }
}