{
    "counter": {
        "ACTIVE": 3673,
        "INACTIVE": 7,
        "INVALID": 0,
        "MALICIOUS": 0,
        "SANE": 0,
        "VALID": 0,
        "total": 3680
    },
    "percentage": {
        "ACTIVE": 99.80978260869566,
        "INACTIVE": 0.19289060347203085,
        "INVALID": 0,
        "MALICIOUS": 0,
        "SANE": 0,
        "VALID": 0,
        "total": 100.0026732121677
    }
}