{
    "counter": {
        "ACTIVE": 10789,
        "INACTIVE": 30,
        "INVALID": 0,
        "MALICIOUS": 0,
        "SANE": 0,
        "VALID": 0,
        "total": 10819
    },
    "percentage": {
        "ACTIVE": 99.72271004713929,
        "INACTIVE": 0.28935185185185186,
        "INVALID": 0,
        "MALICIOUS": 0,
        "SANE": 0,
        "VALID": 0,
        "total": 100.01206189899113
    }
}