{
    "counter": {
        "ACTIVE": 14530,
        "INACTIVE": 37,
        "INVALID": 0,
        "MALICIOUS": 0,
        "SANE": 0,
        "VALID": 0,
        "total": 14567
    },
    "percentage": {
        "ACTIVE": 99.74600123566967,
        "INACTIVE": 0.2584701362207475,
        "INVALID": 0,
        "MALICIOUS": 0,
        "SANE": 0,
        "VALID": 0,
        "total": 100.00447137189042
    }
}