{
    "counter": {
        "ACTIVE": 16293,
        "INACTIVE": 21,
        "INVALID": 0,
        "MALICIOUS": 0,
        "SANE": 0,
        "VALID": 0,
        "total": 16314
    },
    "percentage": {
        "ACTIVE": 99.87127620448695,
        "INACTIVE": 0.1348747591522158,
        "INVALID": 0,
        "MALICIOUS": 0,
        "SANE": 0,
        "VALID": 0,
        "total": 100.00615096363916
    }
}