{
    "counter": {
        "ACTIVE": 17226,
        "INACTIVE": 556,
        "INVALID": 0,
        "MALICIOUS": 0,
        "SANE": 0,
        "VALID": 0,
        "total": 17782
    },
    "percentage": {
        "ACTIVE": 96.87324260488134,
        "INACTIVE": 3.14106547652675,
        "INVALID": 0,
        "MALICIOUS": 0,
        "SANE": 0,
        "VALID": 0,
        "total": 100.01430808140809
    }
}