{
    "counter": {
        "ACTIVE": 12514,
        "INACTIVE": 16,
        "INVALID": 0,
        "MALICIOUS": 0,
        "SANE": 0,
        "VALID": 0,
        "total": 12530
    },
    "percentage": {
        "ACTIVE": 99.87230646448523,
        "INACTIVE": 0.12769353551476456,
        "INVALID": 0.0,
        "MALICIOUS": 0.0,
        "SANE": 0.0,
        "VALID": 0.0,
        "total": 100.0
    }
}