{
    "counter": {
        "ACTIVE": 269511,
        "INACTIVE": 14,
        "INVALID": 0,
        "MALICIOUS": 0,
        "SANE": 0,
        "VALID": 0,
        "total": 269525
    },
    "percentage": {
        "ACTIVE": 99.99480567665337,
        "INACTIVE": 0.006299212598425197,
        "INVALID": 0,
        "MALICIOUS": 0,
        "SANE": 0,
        "VALID": 0,
        "total": 100.00110488925179
    }
}