{
    "counter": {
        "ACTIVE": 15116,
        "INACTIVE": 2,
        "INVALID": 0,
        "MALICIOUS": 0,
        "SANE": 0,
        "VALID": 0,
        "total": 15118
    },
    "percentage": {
        "ACTIVE": 99.98677073686996,
        "INACTIVE": 0.04096681687832855,
        "INVALID": 0,
        "MALICIOUS": 0,
        "SANE": 0,
        "VALID": 0,
        "total": 100.02773755374828
    }
}