{
    "counter": {
        "ACTIVE": 16654,
        "INACTIVE": 36,
        "INVALID": 0,
        "MALICIOUS": 0,
        "SANE": 0,
        "VALID": 0,
        "total": 16690
    },
    "percentage": {
        "ACTIVE": 99.78430197723188,
        "INACTIVE": 0.26191342306293197,
        "INVALID": 0,
        "MALICIOUS": 0,
        "SANE": 0,
        "VALID": 0,
        "total": 100.04621540029481
    }
}