{
    "counter": {
        "ACTIVE": 16862,
        "INACTIVE": 27,
        "INVALID": 0,
        "MALICIOUS": 0,
        "SANE": 0,
        "VALID": 0,
        "total": 16889
    },
    "percentage": {
        "ACTIVE": 99.84013263070638,
        "INACTIVE": 0.16695523126391293,
        "INVALID": 0,
        "MALICIOUS": 0,
        "SANE": 0,
        "VALID": 0,
        "total": 100.00708786197029
    }
}