{
    "counter": {
        "ACTIVE": 15851,
        "INACTIVE": 5,
        "INVALID": 0,
        "MALICIOUS": 0,
        "SANE": 0,
        "VALID": 0,
        "total": 15856
    },
    "percentage": {
        "ACTIVE": 99.96846619576186,
        "INACTIVE": 0.04221903233977877,
        "INVALID": 0,
        "MALICIOUS": 0,
        "SANE": 0,
        "VALID": 0,
        "total": 100.01068522810164
    }
}