{
    "counter": {
        "ACTIVE": 15162,
        "INACTIVE": 43,
        "INVALID": 0,
        "MALICIOUS": 0,
        "SANE": 0,
        "VALID": 0,
        "total": 15205
    },
    "percentage": {
        "ACTIVE": 99.71719829003617,
        "INACTIVE": 0.2893284887632889,
        "INVALID": 0,
        "MALICIOUS": 0,
        "SANE": 0,
        "VALID": 0,
        "total": 100.00652677879945
    }
}