{
    "counter": {
        "ACTIVE": 10678,
        "INACTIVE": 27,
        "INVALID": 0,
        "MALICIOUS": 0,
        "SANE": 0,
        "VALID": 0,
        "total": 10705
    },
    "percentage": {
        "ACTIVE": 99.74778141055582,
        "INACTIVE": 0.25800286669851885,
        "INVALID": 0,
        "MALICIOUS": 0,
        "SANE": 0,
        "VALID": 0,
        "total": 100.00578427725434
    }
}