{
    "counter": {
        "ACTIVE": 7731,
        "INACTIVE": 1,
        "INVALID": 0,
        "MALICIOUS": 0,
        "SANE": 0,
        "VALID": 0,
        "total": 7732
    },
    "percentage": {
        "ACTIVE": 99.98706673564408,
        "INACTIVE": 0.37735849056603776,
        "INVALID": 0,
        "MALICIOUS": 0,
        "SANE": 0,
        "VALID": 0,
        "total": 100.36442522621012
    }
}