{
    "counter": {
        "ACTIVE": 166908,
        "INACTIVE": 13,
        "INVALID": 0,
        "MALICIOUS": 0,
        "SANE": 0,
        "VALID": 0,
        "total": 166921
    },
    "percentage": {
        "ACTIVE": 99.992211884664,
        "INACTIVE": 0.010932086514850819,
        "INVALID": 0,
        "MALICIOUS": 0,
        "SANE": 0,
        "VALID": 0,
        "total": 100.00314397117886
    }
}