{
    "counter": {
        "ACTIVE": 9361,
        "INACTIVE": 20,
        "INVALID": 0,
        "MALICIOUS": 0,
        "SANE": 0,
        "VALID": 0,
        "total": 9381
    },
    "percentage": {
        "ACTIVE": 99.78680311267456,
        "INACTIVE": 0.22341376228775692,
        "INVALID": 0,
        "MALICIOUS": 0,
        "SANE": 0,
        "VALID": 0,
        "total": 100.01021687496232
    }
}