{
    "counter": {
        "ACTIVE": 16378,
        "INACTIVE": 8,
        "INVALID": 0,
        "MALICIOUS": 0,
        "SANE": 0,
        "VALID": 0,
        "total": 16386
    },
    "percentage": {
        "ACTIVE": 99.95117783473697,
        "INACTIVE": 0.06608293408227325,
        "INVALID": 0,
        "MALICIOUS": 0,
        "SANE": 0,
        "VALID": 0,
        "total": 100.01726076881924
    }
}