{
    "counter": {
        "ACTIVE": 13178,
        "INACTIVE": 12,
        "INVALID": 0,
        "MALICIOUS": 0,
        "SANE": 0,
        "VALID": 0,
        "total": 13190
    },
    "percentage": {
        "ACTIVE": 99.9090219863533,
        "INACTIVE": 0.10880406201831536,
        "INVALID": 0,
        "MALICIOUS": 0,
        "SANE": 0,
        "VALID": 0,
        "total": 100.01782604837162
    }
}