{
    "counter": {
        "ACTIVE": 14787,
        "INACTIVE": 46,
        "INVALID": 0,
        "MALICIOUS": 0,
        "SANE": 0,
        "VALID": 0,
        "total": 14833
    },
    "percentage": {
        "ACTIVE": 99.68988067147576,
        "INACTIVE": 0.3133301546216198,
        "INVALID": 0,
        "MALICIOUS": 0,
        "SANE": 0,
        "VALID": 0,
        "total": 100.00321082609739
    }
}