{
    "counter": {
        "ACTIVE": 16985,
        "INACTIVE": 554,
        "INVALID": 0,
        "MALICIOUS": 0,
        "SANE": 0,
        "VALID": 0,
        "total": 17539
    },
    "percentage": {
        "ACTIVE": 96.84684684684684,
        "INACTIVE": 3.1586749529619707,
        "INVALID": 0,
        "MALICIOUS": 0,
        "SANE": 0,
        "VALID": 0,
        "total": 100.00552179980882
    }
}