{
    "counter": {
        "ACTIVE": 11978,
        "INACTIVE": 54,
        "INVALID": 0,
        "MALICIOUS": 0,
        "SANE": 0,
        "VALID": 0,
        "total": 12032
    },
    "percentage": {
        "ACTIVE": 99.55119680851064,
        "INACTIVE": 0.4630026579782217,
        "INVALID": 0,
        "MALICIOUS": 0,
        "SANE": 0,
        "VALID": 0,
        "total": 100.01419946648886
    }
}