{
    "counter": {
        "ACTIVE": 47277,
        "INACTIVE": 6,
        "INVALID": 0,
        "MALICIOUS": 0,
        "SANE": 0,
        "VALID": 0,
        "total": 47283
    },
    "percentage": {
        "ACTIVE": 99.98731044984456,
        "INACTIVE": 0.0205761316872428,
        "INVALID": 0,
        "MALICIOUS": 0,
        "SANE": 0,
        "VALID": 0,
        "total": 100.0078865815318
    }
}