{
    "counter": {
        "ACTIVE": 8084,
        "INACTIVE": 16,
        "INVALID": 0,
        "MALICIOUS": 0,
        "SANE": 0,
        "VALID": 0,
        "total": 8100
    },
    "percentage": {
        "ACTIVE": 99.80246913580247,
        "INACTIVE": 0.23005032350826743,
        "INVALID": 0,
        "MALICIOUS": 0,
        "SANE": 0,
        "VALID": 0,
        "total": 100.03251945931073
    }
}