{
    "counter": {
        "ACTIVE": 7804,
        "INACTIVE": 2,
        "INVALID": 0,
        "MALICIOUS": 0,
        "SANE": 0,
        "VALID": 0,
        "total": 7806
    },
    "percentage": {
        "ACTIVE": 99.97437868306432,
        "INACTIVE": 0.0700770847932726,
        "INVALID": 0,
        "MALICIOUS": 0,
        "SANE": 0,
        "VALID": 0,
        "total": 100.04445576785758
    }
}