{
    "counter": {
        "ACTIVE": 263096,
        "INACTIVE": 14,
        "INVALID": 0,
        "MALICIOUS": 0,
        "SANE": 0,
        "VALID": 0,
        "total": 263110
    },
    "percentage": {
        "ACTIVE": 99.99467903158374,
        "INACTIVE": 0.006299212598425197,
        "INVALID": 0,
        "MALICIOUS": 0,
        "SANE": 0,
        "VALID": 0,
        "total": 100.00097824418216
    }
}