{
    "counter": {
        "ACTIVE": 198514,
        "INACTIVE": 13,
        "INVALID": 0,
        "MALICIOUS": 0,
        "SANE": 0,
        "VALID": 0,
        "total": 198527
    },
    "percentage": {
        "ACTIVE": 99.99345177230302,
        "INACTIVE": 0.010932086514850819,
        "INVALID": 0,
        "MALICIOUS": 0,
        "SANE": 0,
        "VALID": 0,
        "total": 100.00438385881787
    }
}