{
    "counter": {
        "ACTIVE": 11593,
        "INACTIVE": 2,
        "INVALID": 0,
        "MALICIOUS": 0,
        "SANE": 0,
        "VALID": 0,
        "total": 11595
    },
    "percentage": {
        "ACTIVE": 99.98275118585597,
        "INACTIVE": 0.0700770847932726,
        "INVALID": 0,
        "MALICIOUS": 0,
        "SANE": 0,
        "VALID": 0,
        "total": 100.05282827064924
    }
}