{
    "counter": {
        "ACTIVE": 1708,
        "INACTIVE": 2,
        "INVALID": 0,
        "MALICIOUS": 0,
        "SANE": 0,
        "VALID": 0,
        "total": 1710
    },
    "percentage": {
        "ACTIVE": 99.88304093567251,
        "INACTIVE": 0.1179245283018868,
        "INVALID": 0,
        "MALICIOUS": 0,
        "SANE": 0,
        "VALID": 0,
        "total": 100.0009654639744
    }
}