{
    "counter": {
        "ACTIVE": 19937,
        "INACTIVE": 36,
        "INVALID": 1,
        "MALICIOUS": 0,
        "SANE": 0,
        "VALID": 0,
        "total": 19974
    },
    "percentage": {
        "ACTIVE": 99.81475918694302,
        "INACTIVE": 0.1837953744830755,
        "INVALID": 0.010577533319229955,
        "MALICIOUS": 0,
        "SANE": 0,
        "VALID": 0,
        "total": 100.00913209474533
    }
}