{
    "counter": {
        "ACTIVE": 13160,
        "INACTIVE": 6,
        "INVALID": 0,
        "MALICIOUS": 0,
        "SANE": 0,
        "VALID": 0,
        "total": 13166
    },
    "percentage": {
        "ACTIVE": 99.95442807230746,
        "INACTIVE": 0.08389261744966443,
        "INVALID": 0,
        "MALICIOUS": 0,
        "SANE": 0,
        "VALID": 0,
        "total": 100.03832068975713
    }
}