{
    "counter": {
        "ACTIVE": 13016,
        "INACTIVE": 44,
        "INVALID": 0,
        "MALICIOUS": 0,
        "SANE": 0,
        "VALID": 0,
        "total": 13060
    },
    "percentage": {
        "ACTIVE": 99.66309341500765,
        "INACTIVE": 0.34087387666563373,
        "INVALID": 0,
        "MALICIOUS": 0,
        "SANE": 0,
        "VALID": 0,
        "total": 100.00396729167329
    }
}