{
    "counter": {
        "ACTIVE": 14496,
        "INACTIVE": 24,
        "INVALID": 0,
        "MALICIOUS": 0,
        "SANE": 0,
        "VALID": 0,
        "total": 14520
    },
    "percentage": {
        "ACTIVE": 99.83471074380165,
        "INACTIVE": 0.19936866589134408,
        "INVALID": 0,
        "MALICIOUS": 0,
        "SANE": 0,
        "VALID": 0,
        "total": 100.03407940969299
    }
}