{
    "counter": {
        "ACTIVE": 11658,
        "INACTIVE": 3,
        "INVALID": 0,
        "MALICIOUS": 0,
        "SANE": 0,
        "VALID": 0,
        "total": 11661
    },
    "percentage": {
        "ACTIVE": 99.97427321842038,
        "INACTIVE": 0.026297335203366058,
        "INVALID": 0,
        "MALICIOUS": 0,
        "SANE": 0,
        "VALID": 0,
        "total": 100.00057055362375
    }
}