{
    "counter": {
        "ACTIVE": 4785,
        "INACTIVE": 1,
        "INVALID": 0,
        "MALICIOUS": 0,
        "SANE": 0,
        "VALID": 0,
        "total": 4786
    },
    "percentage": {
        "ACTIVE": 99.97910572503135,
        "INACTIVE": 0.026925148088314487,
        "INVALID": 0,
        "MALICIOUS": 0,
        "SANE": 0,
        "VALID": 0,
        "total": 100.00603087311966
    }
}