{
    "counter": {
        "ACTIVE": 9086,
        "INACTIVE": 26,
        "INVALID": 0,
        "MALICIOUS": 0,
        "SANE": 0,
        "VALID": 0,
        "total": 9112
    },
    "percentage": {
        "ACTIVE": 99.71466198419667,
        "INACTIVE": 0.3235843186060983,
        "INVALID": 0,
        "MALICIOUS": 0,
        "SANE": 0,
        "VALID": 0,
        "total": 100.03824630280276
    }
}