{
    "counter": {
        "ACTIVE": 15138,
        "INACTIVE": 37,
        "INVALID": 0,
        "MALICIOUS": 0,
        "SANE": 0,
        "VALID": 0,
        "total": 15175
    },
    "percentage": {
        "ACTIVE": 99.75617792421747,
        "INACTIVE": 0.2457492029755579,
        "INVALID": 0,
        "MALICIOUS": 0,
        "SANE": 0,
        "VALID": 0,
        "total": 100.00192712719303
    }
}