{
    "counter": {
        "ACTIVE": 7698,
        "INACTIVE": 15,
        "INVALID": 0,
        "MALICIOUS": 0,
        "SANE": 0,
        "VALID": 0,
        "total": 7713
    },
    "percentage": {
        "ACTIVE": 99.80552314274601,
        "INACTIVE": 0.2648772735299311,
        "INVALID": 0,
        "MALICIOUS": 0,
        "SANE": 0,
        "VALID": 0,
        "total": 100.07040041627594
    }
}