{
    "counter": {
        "ACTIVE": 12839,
        "INACTIVE": 2,
        "INVALID": 0,
        "MALICIOUS": 0,
        "SANE": 0,
        "VALID": 0,
        "total": 12841
    },
    "percentage": {
        "ACTIVE": 99.98442488902734,
        "INACTIVE": 0.02161227577263886,
        "INVALID": 0,
        "MALICIOUS": 0,
        "SANE": 0,
        "VALID": 0,
        "total": 100.00603716479998
    }
}