{
    "counter": {
        "ACTIVE": 15751,
        "INACTIVE": 5,
        "INVALID": 0,
        "MALICIOUS": 0,
        "SANE": 0,
        "VALID": 0,
        "total": 15756
    },
    "percentage": {
        "ACTIVE": 99.96826605737496,
        "INACTIVE": 0.03757985719654265,
        "INVALID": 0,
        "MALICIOUS": 0,
        "SANE": 0,
        "VALID": 0,
        "total": 100.00584591457151
    }
}