{
    "counter": {
        "ACTIVE": 15039,
        "INACTIVE": 5,
        "INVALID": 0,
        "MALICIOUS": 0,
        "SANE": 0,
        "VALID": 0,
        "total": 15044
    },
    "percentage": {
        "ACTIVE": 99.9667641584685,
        "INACTIVE": 0.035523978685612786,
        "INVALID": 0,
        "MALICIOUS": 0,
        "SANE": 0,
        "VALID": 0,
        "total": 100.00228813715411
    }
}