{
    "counter": {
        "ACTIVE": 16650,
        "INACTIVE": 36,
        "INVALID": 0,
        "MALICIOUS": 0,
        "SANE": 0,
        "VALID": 0,
        "total": 16686
    },
    "percentage": {
        "ACTIVE": 99.78425026968716,
        "INACTIVE": 0.33222591362126247,
        "INVALID": 0,
        "MALICIOUS": 0,
        "SANE": 0,
        "VALID": 0,
        "total": 100.11647618330842
    }
}