{
    "counter": {
        "ACTIVE": 57843,
        "INACTIVE": 6,
        "INVALID": 0,
        "MALICIOUS": 0,
        "SANE": 0,
        "VALID": 0,
        "total": 57849
    },
    "percentage": {
        "ACTIVE": 99.98962816989058,
        "INACTIVE": 0.02765359266258008,
        "INVALID": 0,
        "MALICIOUS": 0,
        "SANE": 0,
        "VALID": 0,
        "total": 100.01728176255315
    }
}