{
    "counter": {
        "ACTIVE": 15872,
        "INACTIVE": 5,
        "INVALID": 0,
        "MALICIOUS": 0,
        "SANE": 0,
        "VALID": 0,
        "total": 15877
    },
    "percentage": {
        "ACTIVE": 99.96850790451596,
        "INACTIVE": 0.035523978685612786,
        "INVALID": 0,
        "MALICIOUS": 0,
        "SANE": 0,
        "VALID": 0,
        "total": 100.00403188320158
    }
}