{
    "counter": {
        "ACTIVE": 7196,
        "INACTIVE": 1,
        "INVALID": 0,
        "MALICIOUS": 0,
        "SANE": 0,
        "VALID": 0,
        "total": 7197
    },
    "percentage": {
        "ACTIVE": 99.98610532166181,
        "INACTIVE": 0.02627430373095113,
        "INVALID": 0,
        "MALICIOUS": 0,
        "SANE": 0,
        "VALID": 0,
        "total": 100.01237962539277
    }
}