{
    "counter": {
        "ACTIVE": 203705,
        "INACTIVE": 13,
        "INVALID": 0,
        "MALICIOUS": 0,
        "SANE": 0,
        "VALID": 0,
        "total": 203718
    },
    "percentage": {
        "ACTIVE": 99.99361862967436,
        "INACTIVE": 0.010932086514850819,
        "INVALID": 0,
        "MALICIOUS": 0,
        "SANE": 0,
        "VALID": 0,
        "total": 100.00455071618921
    }
}