{
    "counter": {
        "ACTIVE": 3900,
        "INACTIVE": 7,
        "INVALID": 0,
        "MALICIOUS": 0,
        "SANE": 0,
        "VALID": 0,
        "total": 3907
    },
    "percentage": {
        "ACTIVE": 99.82083439979525,
        "INACTIVE": 0.22208121827411167,
        "INVALID": 0,
        "MALICIOUS": 0,
        "SANE": 0,
        "VALID": 0,
        "total": 100.04291561806936
    }
}