{
    "counter": {
        "ACTIVE": 5992,
        "INACTIVE": 9,
        "INVALID": 0,
        "MALICIOUS": 0,
        "SANE": 0,
        "VALID": 0,
        "total": 6001
    },
    "percentage": {
        "ACTIVE": 99.85002499583403,
        "INACTIVE": 0.20102747375474647,
        "INVALID": 0,
        "MALICIOUS": 0,
        "SANE": 0,
        "VALID": 0,
        "total": 100.05105246958878
    }
}