{
    "counter": {
        "ACTIVE": 9938,
        "INACTIVE": 16,
        "INVALID": 0,
        "MALICIOUS": 0,
        "SANE": 0,
        "VALID": 0,
        "total": 9954
    },
    "percentage": {
        "ACTIVE": 99.83926059875427,
        "INACTIVE": 0.18315018315018314,
        "INVALID": 0,
        "MALICIOUS": 0,
        "SANE": 0,
        "VALID": 0,
        "total": 100.02241078190445
    }
}