{
    "counter": {
        "ACTIVE": 13155,
        "INACTIVE": 23,
        "INVALID": 0,
        "MALICIOUS": 0,
        "SANE": 0,
        "VALID": 0,
        "total": 13178
    },
    "percentage": {
        "ACTIVE": 99.82546668690242,
        "INACTIVE": 0.18086026578595582,
        "INVALID": 0,
        "MALICIOUS": 0,
        "SANE": 0,
        "VALID": 0,
        "total": 100.00632695268837
    }
}