{
    "counter": {
        "ACTIVE": 6953,
        "INACTIVE": 37,
        "INVALID": 0,
        "MALICIOUS": 0,
        "SANE": 0,
        "VALID": 0,
        "total": 6990
    },
    "percentage": {
        "ACTIVE": 99.47067238912733,
        "INACTIVE": 0.5374001452432825,
        "INVALID": 0,
        "MALICIOUS": 0,
        "SANE": 0,
        "VALID": 0,
        "total": 100.00807253437061
    }
}