{
    "counter": {
        "ACTIVE": 13537,
        "INACTIVE": 4,
        "INVALID": 0,
        "MALICIOUS": 0,
        "SANE": 0,
        "VALID": 0,
        "total": 13541
    },
    "percentage": {
        "ACTIVE": 99.97046008418876,
        "INACTIVE": 0.0381934498233553,
        "INVALID": 0,
        "MALICIOUS": 0,
        "SANE": 0,
        "VALID": 0,
        "total": 100.00865353401211
    }
}