{
    "counter": {
        "ACTIVE": 15785,
        "INACTIVE": 5,
        "INVALID": 0,
        "MALICIOUS": 0,
        "SANE": 0,
        "VALID": 0,
        "total": 15790
    },
    "percentage": {
        "ACTIVE": 99.9683343888537,
        "INACTIVE": 0.035523978685612786,
        "INVALID": 0,
        "MALICIOUS": 0,
        "SANE": 0,
        "VALID": 0,
        "total": 100.00385836753932
    }
}