{
    "counter": {
        "ACTIVE": 15381,
        "INACTIVE": 33,
        "INVALID": 0,
        "MALICIOUS": 0,
        "SANE": 0,
        "VALID": 0,
        "total": 15414
    },
    "percentage": {
        "ACTIVE": 99.78590891397431,
        "INACTIVE": 0.23093072078376486,
        "INVALID": 0,
        "MALICIOUS": 0,
        "SANE": 0,
        "VALID": 0,
        "total": 100.01683963475807
    }
}