{
    "counter": {
        "ACTIVE": 4203,
        "INACTIVE": 3,
        "INVALID": 0,
        "MALICIOUS": 0,
        "SANE": 0,
        "VALID": 0,
        "total": 4206
    },
    "percentage": {
        "ACTIVE": 99.9286733238231,
        "INACTIVE": 0.08027829810008028,
        "INVALID": 0,
        "MALICIOUS": 0,
        "SANE": 0,
        "VALID": 0,
        "total": 100.00895162192319
    }
}