{
    "counter": {
        "ACTIVE": 12608,
        "INACTIVE": 23,
        "INVALID": 0,
        "MALICIOUS": 0,
        "SANE": 0,
        "VALID": 0,
        "total": 12631
    },
    "percentage": {
        "ACTIVE": 99.81790832079804,
        "INACTIVE": 0.21479267837131116,
        "INVALID": 0,
        "MALICIOUS": 0,
        "SANE": 0,
        "VALID": 0,
        "total": 100.03270099916935
    }
}