{
    "counter": {
        "ACTIVE": 18829,
        "INACTIVE": 10,
        "INVALID": 0,
        "MALICIOUS": 0,
        "SANE": 0,
        "VALID": 0,
        "total": 18839
    },
    "percentage": {
        "ACTIVE": 99.94691862625405,
        "INACTIVE": 0.053081373745952544,
        "INVALID": 0.0,
        "MALICIOUS": 0.0,
        "SANE": 0.0,
        "VALID": 0.0,
        "total": 100.0
    }
}