{
    "counter": {
        "ACTIVE": 3021,
        "INACTIVE": 11,
        "INVALID": 0,
        "MALICIOUS": 0,
        "SANE": 0,
        "VALID": 0,
        "total": 3032
    },
    "percentage": {
        "ACTIVE": 99.63720316622691,
        "INACTIVE": 0.5181347150259067,
        "INVALID": 0,
        "MALICIOUS": 0,
        "SANE": 0,
        "VALID": 0,
        "total": 100.15533788125282
    }
}