{
    "counter": {
        "ACTIVE": 17299,
        "INACTIVE": 22,
        "INVALID": 0,
        "MALICIOUS": 0,
        "SANE": 0,
        "VALID": 0,
        "total": 17321
    },
    "percentage": {
        "ACTIVE": 99.87298654812078,
        "INACTIVE": 0.1770053906187143,
        "INVALID": 0,
        "MALICIOUS": 0,
        "SANE": 0,
        "VALID": 0,
        "total": 100.0499919387395
    }
}