{
    "counter": {
        "ACTIVE": 16727,
        "INACTIVE": 36,
        "INVALID": 0,
        "MALICIOUS": 0,
        "SANE": 0,
        "VALID": 0,
        "total": 16763
    },
    "percentage": {
        "ACTIVE": 99.78524130525562,
        "INACTIVE": 0.21867217396586283,
        "INVALID": 0,
        "MALICIOUS": 0,
        "SANE": 0,
        "VALID": 0,
        "total": 100.00391347922148
    }
}