{
    "counter": {
        "ACTIVE": 272832,
        "INACTIVE": 14,
        "INVALID": 0,
        "MALICIOUS": 0,
        "SANE": 0,
        "VALID": 0,
        "total": 272846
    },
    "percentage": {
        "ACTIVE": 99.99486890040535,
        "INACTIVE": 0.006299212598425197,
        "INVALID": 0,
        "MALICIOUS": 0,
        "SANE": 0,
        "VALID": 0,
        "total": 100.00116811300377
    }
}