{
    "counter": {
        "ACTIVE": 8055,
        "INACTIVE": 22,
        "INVALID": 0,
        "MALICIOUS": 0,
        "SANE": 0,
        "VALID": 0,
        "total": 8077
    },
    "percentage": {
        "ACTIVE": 99.72762164169865,
        "INACTIVE": 0.3142408227396086,
        "INVALID": 0,
        "MALICIOUS": 0,
        "SANE": 0,
        "VALID": 0,
        "total": 100.04186246443825
    }
}