{
    "counter": {
        "ACTIVE": 15732,
        "INACTIVE": 38,
        "INVALID": 0,
        "MALICIOUS": 0,
        "SANE": 0,
        "VALID": 0,
        "total": 15770
    },
    "percentage": {
        "ACTIVE": 99.75903614457832,
        "INACTIVE": 0.25423161838496017,
        "INVALID": 0,
        "MALICIOUS": 0,
        "SANE": 0,
        "VALID": 0,
        "total": 100.01326776296328
    }
}