{
    "counter": {
        "ACTIVE": 13190,
        "INACTIVE": 29,
        "INVALID": 0,
        "MALICIOUS": 0,
        "SANE": 0,
        "VALID": 0,
        "total": 13219
    },
    "percentage": {
        "ACTIVE": 99.78061880626372,
        "INACTIVE": 0.22941223004509137,
        "INVALID": 0,
        "MALICIOUS": 0,
        "SANE": 0,
        "VALID": 0,
        "total": 100.0100310363088
    }
}