{
    "counter": {
        "ACTIVE": 12560,
        "INACTIVE": 5,
        "INVALID": 0,
        "MALICIOUS": 0,
        "SANE": 0,
        "VALID": 0,
        "total": 12565
    },
    "percentage": {
        "ACTIVE": 99.96020692399523,
        "INACTIVE": 0.07347538574577517,
        "INVALID": 0,
        "MALICIOUS": 0,
        "SANE": 0,
        "VALID": 0,
        "total": 100.03368230974101
    }
}