{
    "counter": {
        "ACTIVE": 16721,
        "INACTIVE": 29,
        "INVALID": 0,
        "MALICIOUS": 0,
        "SANE": 0,
        "VALID": 0,
        "total": 16750
    },
    "percentage": {
        "ACTIVE": 99.8268656716418,
        "INACTIVE": 0.19221846622920394,
        "INVALID": 0,
        "MALICIOUS": 0,
        "SANE": 0,
        "VALID": 0,
        "total": 100.019084137871
    }
}