{
    "counter": {
        "ACTIVE": 16970,
        "INACTIVE": 1,
        "INVALID": 0,
        "MALICIOUS": 0,
        "SANE": 0,
        "VALID": 0,
        "total": 16971
    },
    "percentage": {
        "ACTIVE": 99.99410759530964,
        "INACTIVE": 0.03469812630117974,
        "INVALID": 0,
        "MALICIOUS": 0,
        "SANE": 0,
        "VALID": 0,
        "total": 100.02880572161082
    }
}