{
    "counter": {
        "ACTIVE": 15270,
        "INACTIVE": 24,
        "INVALID": 0,
        "MALICIOUS": 0,
        "SANE": 0,
        "VALID": 0,
        "total": 15294
    },
    "percentage": {
        "ACTIVE": 99.84307571596705,
        "INACTIVE": 0.16090104585679807,
        "INVALID": 0,
        "MALICIOUS": 0,
        "SANE": 0,
        "VALID": 0,
        "total": 100.00397676182385
    }
}