{
    "counter": {
        "ACTIVE": 604,
        "INACTIVE": 3,
        "INVALID": 0,
        "MALICIOUS": 0,
        "SANE": 0,
        "VALID": 0,
        "total": 607
    },
    "percentage": {
        "ACTIVE": 99.50576606260296,
        "INACTIVE": 0.5016722408026756,
        "INVALID": 0,
        "MALICIOUS": 0,
        "SANE": 0,
        "VALID": 0,
        "total": 100.00743830340564
    }
}