{
    "counter": {
        "ACTIVE": 15143,
        "INACTIVE": 27,
        "INVALID": 0,
        "MALICIOUS": 0,
        "SANE": 0,
        "VALID": 0,
        "total": 15170
    },
    "percentage": {
        "ACTIVE": 99.8220171390903,
        "INACTIVE": 0.17960486928756736,
        "INVALID": 0,
        "MALICIOUS": 0,
        "SANE": 0,
        "VALID": 0,
        "total": 100.00162200837788
    }
}