{
    "counter": {
        "ACTIVE": 13909,
        "INACTIVE": 24,
        "INVALID": 0,
        "MALICIOUS": 0,
        "SANE": 0,
        "VALID": 0,
        "total": 13933
    },
    "percentage": {
        "ACTIVE": 99.82774707528888,
        "INACTIVE": 0.19936866589134408,
        "INVALID": 0,
        "MALICIOUS": 0,
        "SANE": 0,
        "VALID": 0,
        "total": 100.02711574118022
    }
}