{
    "counter": {
        "ACTIVE": 15769,
        "INACTIVE": 10,
        "INVALID": 0,
        "MALICIOUS": 0,
        "SANE": 0,
        "VALID": 0,
        "total": 15779
    },
    "percentage": {
        "ACTIVE": 99.93662462766969,
        "INACTIVE": 0.13449899125756556,
        "INVALID": 0,
        "MALICIOUS": 0,
        "SANE": 0,
        "VALID": 0,
        "total": 100.07112361892725
    }
}