{
    "counter": {
        "ACTIVE": 16959,
        "INACTIVE": 17,
        "INVALID": 0,
        "MALICIOUS": 0,
        "SANE": 0,
        "VALID": 0,
        "total": 16976
    },
    "percentage": {
        "ACTIVE": 99.89985862393968,
        "INACTIVE": 0.10086027884900622,
        "INVALID": 0,
        "MALICIOUS": 0,
        "SANE": 0,
        "VALID": 0,
        "total": 100.00071890278869
    }
}