{
    "counter": {
        "ACTIVE": 2445,
        "INACTIVE": 5,
        "INVALID": 0,
        "MALICIOUS": 0,
        "SANE": 0,
        "VALID": 0,
        "total": 2450
    },
    "percentage": {
        "ACTIVE": 99.79591836734694,
        "INACTIVE": 0.21404109589041095,
        "INVALID": 0,
        "MALICIOUS": 0,
        "SANE": 0,
        "VALID": 0,
        "total": 100.00995946323735
    }
}