{
    "counter": {
        "ACTIVE": 853,
        "INACTIVE": 1,
        "INVALID": 0,
        "MALICIOUS": 0,
        "SANE": 0,
        "VALID": 0,
        "total": 854
    },
    "percentage": {
        "ACTIVE": 99.88290398126463,
        "INACTIVE": 0.1545595054095827,
        "INVALID": 0,
        "MALICIOUS": 0,
        "SANE": 0,
        "VALID": 0,
        "total": 100.03746348667421
    }
}