{
    "counter": {
        "ACTIVE": 53067,
        "INACTIVE": 4,
        "INVALID": 0,
        "MALICIOUS": 0,
        "SANE": 0,
        "VALID": 0,
        "total": 53071
    },
    "percentage": {
        "ACTIVE": 99.99246292702229,
        "INACTIVE": 0.013466199838405602,
        "INVALID": 0,
        "MALICIOUS": 0,
        "SANE": 0,
        "VALID": 0,
        "total": 100.00592912686069
    }
}