{
    "counter": {
        "ACTIVE": 2918,
        "INACTIVE": 35,
        "INVALID": 0,
        "MALICIOUS": 0,
        "SANE": 0,
        "VALID": 0,
        "total": 2953
    },
    "percentage": {
        "ACTIVE": 98.81476464612258,
        "INACTIVE": 1.2190874259839777,
        "INVALID": 0,
        "MALICIOUS": 0,
        "SANE": 0,
        "VALID": 0,
        "total": 100.03385207210655
    }
}