{
    "counter": {
        "ACTIVE": 15256,
        "INACTIVE": 87,
        "INVALID": 0,
        "MALICIOUS": 0,
        "SANE": 0,
        "VALID": 0,
        "total": 15343
    },
    "percentage": {
        "ACTIVE": 99.43296617349931,
        "INACTIVE": 0.7178217821782178,
        "INVALID": 0,
        "MALICIOUS": 0,
        "SANE": 0,
        "VALID": 0,
        "total": 100.15078795567753
    }
}