{
    "counter": {
        "ACTIVE": 16092,
        "INACTIVE": 36,
        "INVALID": 0,
        "MALICIOUS": 0,
        "SANE": 0,
        "VALID": 0,
        "total": 16128
    },
    "percentage": {
        "ACTIVE": 99.77678571428571,
        "INACTIVE": 0.33222591362126247,
        "INVALID": 0,
        "MALICIOUS": 0,
        "SANE": 0,
        "VALID": 0,
        "total": 100.10901162790697
    }
}