{
    "counter": {
        "ACTIVE": 1159,
        "INACTIVE": 1,
        "INVALID": 0,
        "MALICIOUS": 0,
        "SANE": 0,
        "VALID": 0,
        "total": 1160
    },
    "percentage": {
        "ACTIVE": 99.91379310344827,
        "INACTIVE": 3.5714285714285716,
        "INVALID": 0,
        "MALICIOUS": 0,
        "SANE": 0,
        "VALID": 0,
        "total": 103.48522167487684
    }
}