{
    "counter": {
        "ACTIVE": 14952,
        "INACTIVE": 3,
        "INVALID": 0,
        "MALICIOUS": 0,
        "SANE": 0,
        "VALID": 0,
        "total": 14955
    },
    "percentage": {
        "ACTIVE": 99.97993981945838,
        "INACTIVE": 0.02041510717931269,
        "INVALID": 0,
        "MALICIOUS": 0,
        "SANE": 0,
        "VALID": 0,
        "total": 100.0003549266377
    }
}