{
    "counter": {
        "ACTIVE": 14613,
        "INACTIVE": 2,
        "INVALID": 0,
        "MALICIOUS": 0,
        "SANE": 0,
        "VALID": 0,
        "total": 14615
    },
    "percentage": {
        "ACTIVE": 99.98631542935341,
        "INACTIVE": 0.04096681687832855,
        "INVALID": 0,
        "MALICIOUS": 0,
        "SANE": 0,
        "VALID": 0,
        "total": 100.02728224623174
    }
}