{
    "counter": {
        "ACTIVE": 7524,
        "INACTIVE": 1,
        "INVALID": 0,
        "MALICIOUS": 0,
        "SANE": 0,
        "VALID": 0,
        "total": 7525
    },
    "percentage": {
        "ACTIVE": 99.98671096345515,
        "INACTIVE": 0.04791566842357451,
        "INVALID": 0,
        "MALICIOUS": 0,
        "SANE": 0,
        "VALID": 0,
        "total": 100.03462663187872
    }
}