{
    "counter": {
        "ACTIVE": 63305,
        "INACTIVE": 6,
        "INVALID": 0,
        "MALICIOUS": 0,
        "SANE": 0,
        "VALID": 0,
        "total": 63311
    },
    "percentage": {
        "ACTIVE": 99.99052297389079,
        "INACTIVE": 0.02765359266258008,
        "INVALID": 0,
        "MALICIOUS": 0,
        "SANE": 0,
        "VALID": 0,
        "total": 100.01817656655336
    }
}