{
    "counter": {
        "ACTIVE": 10234,
        "INACTIVE": 28,
        "INVALID": 0,
        "MALICIOUS": 0,
        "SANE": 0,
        "VALID": 0,
        "total": 10262
    },
    "percentage": {
        "ACTIVE": 99.72714870395635,
        "INACTIVE": 0.2768439786434645,
        "INVALID": 0,
        "MALICIOUS": 0,
        "SANE": 0,
        "VALID": 0,
        "total": 100.00399268259982
    }
}