{
    "counter": {
        "ACTIVE": 12557,
        "INACTIVE": 42,
        "INVALID": 0,
        "MALICIOUS": 0,
        "SANE": 0,
        "VALID": 0,
        "total": 12599
    },
    "percentage": {
        "ACTIVE": 99.66664020954045,
        "INACTIVE": 0.3643935450286309,
        "INVALID": 0,
        "MALICIOUS": 0,
        "SANE": 0,
        "VALID": 0,
        "total": 100.03103375456908
    }
}