{
    "counter": {
        "ACTIVE": 12407,
        "INACTIVE": 22,
        "INVALID": 0,
        "MALICIOUS": 0,
        "SANE": 0,
        "VALID": 0,
        "total": 12429
    },
    "percentage": {
        "ACTIVE": 99.8310267138719,
        "INACTIVE": 0.1770053906187143,
        "INVALID": 0,
        "MALICIOUS": 0,
        "SANE": 0,
        "VALID": 0,
        "total": 100.00803210449062
    }
}