{
    "counter": {
        "ACTIVE": 18867,
        "INACTIVE": 4,
        "INVALID": 0,
        "MALICIOUS": 0,
        "SANE": 0,
        "VALID": 0,
        "total": 18871
    },
    "percentage": {
        "ACTIVE": 99.97880345503683,
        "INACTIVE": 0.021196544963171002,
        "INVALID": 0.0,
        "MALICIOUS": 0.0,
        "SANE": 0.0,
        "VALID": 0.0,
        "total": 100.0
    }
}