{
    "counter": {
        "ACTIVE": 11497,
        "INACTIVE": 23,
        "INVALID": 0,
        "MALICIOUS": 0,
        "SANE": 0,
        "VALID": 0,
        "total": 11520
    },
    "percentage": {
        "ACTIVE": 99.80034722222223,
        "INACTIVE": 0.21479267837131116,
        "INVALID": 0,
        "MALICIOUS": 0,
        "SANE": 0,
        "VALID": 0,
        "total": 100.01513990059354
    }
}