{
    "counter": {
        "ACTIVE": 15384,
        "INACTIVE": 46,
        "INVALID": 0,
        "MALICIOUS": 0,
        "SANE": 0,
        "VALID": 0,
        "total": 15430
    },
    "percentage": {
        "ACTIVE": 99.70187945560596,
        "INACTIVE": 0.3133301546216198,
        "INVALID": 0,
        "MALICIOUS": 0,
        "SANE": 0,
        "VALID": 0,
        "total": 100.01520961022759
    }
}