{
    "counter": {
        "ACTIVE": 8034,
        "INACTIVE": 19,
        "INVALID": 0,
        "MALICIOUS": 0,
        "SANE": 0,
        "VALID": 0,
        "total": 8053
    },
    "percentage": {
        "ACTIVE": 99.76406308208121,
        "INACTIVE": 0.2647345687613209,
        "INVALID": 0,
        "MALICIOUS": 0,
        "SANE": 0,
        "VALID": 0,
        "total": 100.02879765084253
    }
}