{
    "counter": {
        "ACTIVE": 14441,
        "INACTIVE": 9,
        "INVALID": 0,
        "MALICIOUS": 0,
        "SANE": 0,
        "VALID": 0,
        "total": 14450
    },
    "percentage": {
        "ACTIVE": 99.93771626297578,
        "INACTIVE": 0.06985950477373283,
        "INVALID": 0,
        "MALICIOUS": 0,
        "SANE": 0,
        "VALID": 0,
        "total": 100.00757576774951
    }
}