{
    "counter": {
        "ACTIVE": 12931,
        "INACTIVE": 3,
        "INVALID": 0,
        "MALICIOUS": 0,
        "SANE": 0,
        "VALID": 0,
        "total": 12934
    },
    "percentage": {
        "ACTIVE": 99.97680531931344,
        "INACTIVE": 0.04013914905004014,
        "INVALID": 0,
        "MALICIOUS": 0,
        "SANE": 0,
        "VALID": 0,
        "total": 100.01694446836348
    }
}