{
    "counter": {
        "ACTIVE": 16779,
        "INACTIVE": 7,
        "INVALID": 0,
        "MALICIOUS": 0,
        "SANE": 0,
        "VALID": 0,
        "total": 16786
    },
    "percentage": {
        "ACTIVE": 99.9582985821518,
        "INACTIVE": 0.05964045326744483,
        "INVALID": 0,
        "MALICIOUS": 0,
        "SANE": 0,
        "VALID": 0,
        "total": 100.01793903541925
    }
}