{
    "counter": {
        "ACTIVE": 10964,
        "INACTIVE": 22,
        "INVALID": 0,
        "MALICIOUS": 0,
        "SANE": 0,
        "VALID": 0,
        "total": 10986
    },
    "percentage": {
        "ACTIVE": 99.79974513016566,
        "INACTIVE": 0.21991203518592564,
        "INVALID": 0,
        "MALICIOUS": 0,
        "SANE": 0,
        "VALID": 0,
        "total": 100.01965716535159
    }
}