{
    "counter": {
        "ACTIVE": 282858,
        "INACTIVE": 14,
        "INVALID": 0,
        "MALICIOUS": 0,
        "SANE": 0,
        "VALID": 0,
        "total": 282872
    },
    "percentage": {
        "ACTIVE": 99.99505076501032,
        "INACTIVE": 0.006299212598425197,
        "INVALID": 0,
        "MALICIOUS": 0,
        "SANE": 0,
        "VALID": 0,
        "total": 100.00134997760874
    }
}