{
    "counter": {
        "ACTIVE": 12931,
        "INACTIVE": 36,
        "INVALID": 0,
        "MALICIOUS": 0,
        "SANE": 0,
        "VALID": 0,
        "total": 12967
    },
    "percentage": {
        "ACTIVE": 99.72237217552248,
        "INACTIVE": 0.33222591362126247,
        "INVALID": 0,
        "MALICIOUS": 0,
        "SANE": 0,
        "VALID": 0,
        "total": 100.05459808914374
    }
}