{
    "counter": {
        "ACTIVE": 11557,
        "INACTIVE": 23,
        "INVALID": 0,
        "MALICIOUS": 0,
        "SANE": 0,
        "VALID": 0,
        "total": 11580
    },
    "percentage": {
        "ACTIVE": 99.8013816925734,
        "INACTIVE": 0.19946231896626485,
        "INVALID": 0,
        "MALICIOUS": 0,
        "SANE": 0,
        "VALID": 0,
        "total": 100.00084401153967
    }
}