{
    "counter": {
        "ACTIVE": 11109,
        "INACTIVE": 18,
        "INVALID": 0,
        "MALICIOUS": 0,
        "SANE": 0,
        "VALID": 0,
        "total": 11127
    },
    "percentage": {
        "ACTIVE": 99.83823132919925,
        "INACTIVE": 0.2003338898163606,
        "INVALID": 0,
        "MALICIOUS": 0,
        "SANE": 0,
        "VALID": 0,
        "total": 100.03856521901561
    }
}