{
    "counter": {
        "ACTIVE": 2054,
        "INACTIVE": 2,
        "INVALID": 0,
        "MALICIOUS": 0,
        "SANE": 0,
        "VALID": 0,
        "total": 2056
    },
    "percentage": {
        "ACTIVE": 99.90272373540856,
        "INACTIVE": 0.11926058437686345,
        "INVALID": 0,
        "MALICIOUS": 0,
        "SANE": 0,
        "VALID": 0,
        "total": 100.02198431978542
    }
}