{
    "counter": {
        "ACTIVE": 16732,
        "INACTIVE": 28,
        "INVALID": 0,
        "MALICIOUS": 0,
        "SANE": 0,
        "VALID": 0,
        "total": 16760
    },
    "percentage": {
        "ACTIVE": 99.83293556085918,
        "INACTIVE": 0.17346053772766695,
        "INVALID": 0,
        "MALICIOUS": 0,
        "SANE": 0,
        "VALID": 0,
        "total": 100.00639609858685
    }
}