{
    "counter": {
        "ACTIVE": 4765,
        "INACTIVE": 5,
        "INVALID": 0,
        "MALICIOUS": 0,
        "SANE": 0,
        "VALID": 0,
        "total": 4770
    },
    "percentage": {
        "ACTIVE": 99.895178197065,
        "INACTIVE": 0.1380071763731714,
        "INVALID": 0,
        "MALICIOUS": 0,
        "SANE": 0,
        "VALID": 0,
        "total": 100.03318537343816
    }
}