{
    "counter": {
        "ACTIVE": 11708,
        "INACTIVE": 40,
        "INVALID": 0,
        "MALICIOUS": 0,
        "SANE": 0,
        "VALID": 0,
        "total": 11748
    },
    "percentage": {
        "ACTIVE": 99.65951651344909,
        "INACTIVE": 0.34617048896581565,
        "INVALID": 0,
        "MALICIOUS": 0,
        "SANE": 0,
        "VALID": 0,
        "total": 100.0056870024149
    }
}