{
    "counter": {
        "ACTIVE": 16260,
        "INACTIVE": 8,
        "INVALID": 0,
        "MALICIOUS": 0,
        "SANE": 0,
        "VALID": 0,
        "total": 16268
    },
    "percentage": {
        "ACTIVE": 99.95082370297517,
        "INACTIVE": 0.049361387054976245,
        "INVALID": 0,
        "MALICIOUS": 0,
        "SANE": 0,
        "VALID": 0,
        "total": 100.00018509003014
    }
}