{
    "counter": {
        "ACTIVE": 16481,
        "INACTIVE": 2,
        "INVALID": 0,
        "MALICIOUS": 0,
        "SANE": 0,
        "VALID": 0,
        "total": 16483
    },
    "percentage": {
        "ACTIVE": 99.98786628647697,
        "INACTIVE": 0.012411567580985479,
        "INVALID": 0,
        "MALICIOUS": 0,
        "SANE": 0,
        "VALID": 0,
        "total": 100.00027785405796
    }
}