{
    "counter": {
        "ACTIVE": 14666,
        "INACTIVE": 878,
        "INVALID": 0,
        "MALICIOUS": 0,
        "SANE": 0,
        "VALID": 0,
        "total": 15544
    },
    "percentage": {
        "ACTIVE": 94.35151827071539,
        "INACTIVE": 5.648481729284612,
        "INVALID": 0.0,
        "MALICIOUS": 0.0,
        "SANE": 0.0,
        "VALID": 0.0,
        "total": 100.0
    }
}