{
    "counter": {
        "ACTIVE": 18906,
        "INACTIVE": 1,
        "INVALID": 0,
        "MALICIOUS": 0,
        "SANE": 0,
        "VALID": 0,
        "total": 18907
    },
    "percentage": {
        "ACTIVE": 99.99471095361507,
        "INACTIVE": 0.0052890463849367955,
        "INVALID": 0.0,
        "MALICIOUS": 0.0,
        "SANE": 0.0,
        "VALID": 0.0,
        "total": 100.0
    }
}