{
    "counter": {
        "ACTIVE": 11996,
        "INACTIVE": 4,
        "INVALID": 0,
        "MALICIOUS": 0,
        "SANE": 0,
        "VALID": 0,
        "total": 12000
    },
    "percentage": {
        "ACTIVE": 99.96666666666667,
        "INACTIVE": 0.040724903278354714,
        "INVALID": 0,
        "MALICIOUS": 0,
        "SANE": 0,
        "VALID": 0,
        "total": 100.00739156994503
    }
}