{
    "counter": {
        "ACTIVE": 11824,
        "INACTIVE": 24,
        "INVALID": 0,
        "MALICIOUS": 0,
        "SANE": 0,
        "VALID": 0,
        "total": 11848
    },
    "percentage": {
        "ACTIVE": 99.79743416610398,
        "INACTIVE": 0.20523345305284763,
        "INVALID": 0,
        "MALICIOUS": 0,
        "SANE": 0,
        "VALID": 0,
        "total": 100.00266761915682
    }
}