{
    "counter": {
        "ACTIVE": 13287,
        "INACTIVE": 8,
        "INVALID": 0,
        "MALICIOUS": 0,
        "SANE": 0,
        "VALID": 0,
        "total": 13295
    },
    "percentage": {
        "ACTIVE": 99.93982700263257,
        "INACTIVE": 0.06565988181221274,
        "INVALID": 0,
        "MALICIOUS": 0,
        "SANE": 0,
        "VALID": 0,
        "total": 100.00548688444478
    }
}