{
    "counter": {
        "ACTIVE": 7588,
        "INACTIVE": 6,
        "INVALID": 0,
        "MALICIOUS": 0,
        "SANE": 0,
        "VALID": 0,
        "total": 7594
    },
    "percentage": {
        "ACTIVE": 99.92099025546484,
        "INACTIVE": 0.08823529411764706,
        "INVALID": 0,
        "MALICIOUS": 0,
        "SANE": 0,
        "VALID": 0,
        "total": 100.0092255495825
    }
}