{
    "counter": {
        "ACTIVE": 9936,
        "INACTIVE": 1,
        "INVALID": 0,
        "MALICIOUS": 0,
        "SANE": 0,
        "VALID": 0,
        "total": 9937
    },
    "percentage": {
        "ACTIVE": 99.98993660058368,
        "INACTIVE": 0.024354603019970774,
        "INVALID": 0,
        "MALICIOUS": 0,
        "SANE": 0,
        "VALID": 0,
        "total": 100.01429120360365
    }
}