{
    "counter": {
        "ACTIVE": 1610,
        "INACTIVE": 1,
        "INVALID": 0,
        "MALICIOUS": 0,
        "SANE": 0,
        "VALID": 0,
        "total": 1611
    },
    "percentage": {
        "ACTIVE": 99.93792675356922,
        "INACTIVE": 0.12285012285012285,
        "INVALID": 0,
        "MALICIOUS": 0,
        "SANE": 0,
        "VALID": 0,
        "total": 100.06077687641934
    }
}