{
    "counter": {
        "ACTIVE": 15256,
        "INACTIVE": 3,
        "INVALID": 0,
        "MALICIOUS": 0,
        "SANE": 0,
        "VALID": 0,
        "total": 15259
    },
    "percentage": {
        "ACTIVE": 99.98033947178715,
        "INACTIVE": 0.03944254535892716,
        "INVALID": 0,
        "MALICIOUS": 0,
        "SANE": 0,
        "VALID": 0,
        "total": 100.01978201714607
    }
}