{
    "counter": {
        "ACTIVE": 5361,
        "INACTIVE": 13,
        "INVALID": 0,
        "MALICIOUS": 0,
        "SANE": 0,
        "VALID": 0,
        "total": 5374
    },
    "percentage": {
        "ACTIVE": 99.75809452921473,
        "INACTIVE": 0.24213075060532688,
        "INVALID": 0,
        "MALICIOUS": 0,
        "SANE": 0,
        "VALID": 0,
        "total": 100.00022527982006
    }
}