{
    "counter": {
        "ACTIVE": 16399,
        "INACTIVE": 29,
        "INVALID": 0,
        "MALICIOUS": 0,
        "SANE": 0,
        "VALID": 0,
        "total": 16428
    },
    "percentage": {
        "ACTIVE": 99.82347212076942,
        "INACTIVE": 0.19221846622920394,
        "INVALID": 0,
        "MALICIOUS": 0,
        "SANE": 0,
        "VALID": 0,
        "total": 100.01569058699863
    }
}