{
    "counter": {
        "ACTIVE": 4826,
        "INACTIVE": 13,
        "INVALID": 0,
        "MALICIOUS": 0,
        "SANE": 0,
        "VALID": 0,
        "total": 4839
    },
    "percentage": {
        "ACTIVE": 99.75196362133113,
        "INACTIVE": 0.26865054763380863,
        "INVALID": 0,
        "MALICIOUS": 0,
        "SANE": 0,
        "VALID": 0,
        "total": 100.02061416896494
    }
}