{
    "counter": {
        "ACTIVE": 11878,
        "INACTIVE": 4,
        "INVALID": 0,
        "MALICIOUS": 0,
        "SANE": 0,
        "VALID": 0,
        "total": 11882
    },
    "percentage": {
        "ACTIVE": 99.96633563373169,
        "INACTIVE": 0.03891429127347018,
        "INVALID": 0,
        "MALICIOUS": 0,
        "SANE": 0,
        "VALID": 0,
        "total": 100.00524992500516
    }
}