{
    "counter": {
        "ACTIVE": 15266,
        "INACTIVE": 25,
        "INVALID": 0,
        "MALICIOUS": 0,
        "SANE": 0,
        "VALID": 0,
        "total": 15291
    },
    "percentage": {
        "ACTIVE": 99.8365051337388,
        "INACTIVE": 0.1698023500645249,
        "INVALID": 0,
        "MALICIOUS": 0,
        "SANE": 0,
        "VALID": 0,
        "total": 100.00630748380333
    }
}