{
    "counter": {
        "ACTIVE": 18865,
        "INACTIVE": 1,
        "INVALID": 0,
        "MALICIOUS": 0,
        "SANE": 0,
        "VALID": 0,
        "total": 18866
    },
    "percentage": {
        "ACTIVE": 99.99469945934486,
        "INACTIVE": 0.005300540655146825,
        "INVALID": 0.0,
        "MALICIOUS": 0.0,
        "SANE": 0.0,
        "VALID": 0.0,
        "total": 100.0
    }
}