{
    "counter": {
        "ACTIVE": 17038,
        "INACTIVE": 33,
        "INVALID": 1,
        "MALICIOUS": 0,
        "SANE": 0,
        "VALID": 0,
        "total": 17072
    },
    "percentage": {
        "ACTIVE": 99.8008434864105,
        "INACTIVE": 0.22601191699198686,
        "INVALID": 0.010577533319229955,
        "MALICIOUS": 0,
        "SANE": 0,
        "VALID": 0,
        "total": 100.03743293672173
    }
}