{
    "counter": {
        "ACTIVE": 16254,
        "INACTIVE": 8,
        "INVALID": 0,
        "MALICIOUS": 0,
        "SANE": 0,
        "VALID": 0,
        "total": 16262
    },
    "percentage": {
        "ACTIVE": 99.95080555897184,
        "INACTIVE": 0.05185377236193933,
        "INVALID": 0,
        "MALICIOUS": 0,
        "SANE": 0,
        "VALID": 0,
        "total": 100.00265933133377
    }
}