{
    "counter": {
        "ACTIVE": 217890,
        "INACTIVE": 13,
        "INVALID": 0,
        "MALICIOUS": 0,
        "SANE": 0,
        "VALID": 0,
        "total": 217903
    },
    "percentage": {
        "ACTIVE": 99.99403404267036,
        "INACTIVE": 0.010932086514850819,
        "INVALID": 0,
        "MALICIOUS": 0,
        "SANE": 0,
        "VALID": 0,
        "total": 100.00496612918522
    }
}