{
    "counter": {
        "ACTIVE": 11827,
        "INACTIVE": 6,
        "INVALID": 0,
        "MALICIOUS": 0,
        "SANE": 0,
        "VALID": 0,
        "total": 11833
    },
    "percentage": {
        "ACTIVE": 99.94929434631962,
        "INACTIVE": 0.08389261744966443,
        "INVALID": 0,
        "MALICIOUS": 0,
        "SANE": 0,
        "VALID": 0,
        "total": 100.03318696376928
    }
}