{
    "counter": {
        "ACTIVE": 16236,
        "INACTIVE": 8,
        "INVALID": 0,
        "MALICIOUS": 0,
        "SANE": 0,
        "VALID": 0,
        "total": 16244
    },
    "percentage": {
        "ACTIVE": 99.95075104654026,
        "INACTIVE": 0.05181347150259067,
        "INVALID": 0,
        "MALICIOUS": 0,
        "SANE": 0,
        "VALID": 0,
        "total": 100.00256451804285
    }
}