{
    "counter": {
        "ACTIVE": 11711,
        "INACTIVE": 12,
        "INVALID": 0,
        "MALICIOUS": 0,
        "SANE": 0,
        "VALID": 0,
        "total": 11723
    },
    "percentage": {
        "ACTIVE": 99.89763712360318,
        "INACTIVE": 0.10880406201831536,
        "INVALID": 0,
        "MALICIOUS": 0,
        "SANE": 0,
        "VALID": 0,
        "total": 100.0064411856215
    }
}