{
    "counter": {
        "ACTIVE": 14353,
        "INACTIVE": 25,
        "INVALID": 0,
        "MALICIOUS": 0,
        "SANE": 0,
        "VALID": 0,
        "total": 14378
    },
    "percentage": {
        "ACTIVE": 99.82612324384476,
        "INACTIVE": 0.20733123237684525,
        "INVALID": 0,
        "MALICIOUS": 0,
        "SANE": 0,
        "VALID": 0,
        "total": 100.0334544762216
    }
}