{
    "counter": {
        "ACTIVE": 14830,
        "INACTIVE": 3,
        "INVALID": 0,
        "MALICIOUS": 0,
        "SANE": 0,
        "VALID": 0,
        "total": 14833
    },
    "percentage": {
        "ACTIVE": 99.9797748264006,
        "INACTIVE": 0.0206711224419486,
        "INVALID": 0,
        "MALICIOUS": 0,
        "SANE": 0,
        "VALID": 0,
        "total": 100.00044594884255
    }
}