{
    "counter": {
        "ACTIVE": 16601,
        "INACTIVE": 961,
        "INVALID": 0,
        "MALICIOUS": 0,
        "SANE": 0,
        "VALID": 0,
        "total": 17562
    },
    "percentage": {
        "ACTIVE": 94.52795809133356,
        "INACTIVE": 5.472041908666439,
        "INVALID": 0.0,
        "MALICIOUS": 0.0,
        "SANE": 0.0,
        "VALID": 0.0,
        "total": 100.0
    }
}