{
    "counter": {
        "ACTIVE": 14490,
        "INACTIVE": 25,
        "INVALID": 0,
        "MALICIOUS": 0,
        "SANE": 0,
        "VALID": 0,
        "total": 14515
    },
    "percentage": {
        "ACTIVE": 99.82776438167413,
        "INACTIVE": 0.18234865061998543,
        "INVALID": 0,
        "MALICIOUS": 0,
        "SANE": 0,
        "VALID": 0,
        "total": 100.01011303229411
    }
}