{
    "counter": {
        "ACTIVE": 14087,
        "INACTIVE": 2,
        "INVALID": 0,
        "MALICIOUS": 0,
        "SANE": 0,
        "VALID": 0,
        "total": 14089
    },
    "percentage": {
        "ACTIVE": 99.98580452835546,
        "INACTIVE": 0.027525461051472612,
        "INVALID": 0,
        "MALICIOUS": 0,
        "SANE": 0,
        "VALID": 0,
        "total": 100.01332998940693
    }
}