{
    "counter": {
        "ACTIVE": 12955,
        "INACTIVE": 36,
        "INVALID": 0,
        "MALICIOUS": 0,
        "SANE": 0,
        "VALID": 0,
        "total": 12991
    },
    "percentage": {
        "ACTIVE": 99.72288507428219,
        "INACTIVE": 0.28052676692901113,
        "INVALID": 0,
        "MALICIOUS": 0,
        "SANE": 0,
        "VALID": 0,
        "total": 100.0034118412112
    }
}