{
    "counter": {
        "ACTIVE": 9804,
        "INACTIVE": 16,
        "INVALID": 0,
        "MALICIOUS": 0,
        "SANE": 0,
        "VALID": 0,
        "total": 9820
    },
    "percentage": {
        "ACTIVE": 99.83706720977597,
        "INACTIVE": 0.23005032350826743,
        "INVALID": 0,
        "MALICIOUS": 0,
        "SANE": 0,
        "VALID": 0,
        "total": 100.06711753328423
    }
}