{
    "counter": {
        "ACTIVE": 4213,
        "INACTIVE": 10,
        "INVALID": 0,
        "MALICIOUS": 0,
        "SANE": 0,
        "VALID": 0,
        "total": 4223
    },
    "percentage": {
        "ACTIVE": 99.7632015155103,
        "INACTIVE": 0.3198976327575176,
        "INVALID": 0,
        "MALICIOUS": 0,
        "SANE": 0,
        "VALID": 0,
        "total": 100.08309914826782
    }
}