{
    "counter": {
        "ACTIVE": 10069,
        "INACTIVE": 9,
        "INVALID": 0,
        "MALICIOUS": 0,
        "SANE": 0,
        "VALID": 0,
        "total": 10078
    },
    "percentage": {
        "ACTIVE": 99.91069656677912,
        "INACTIVE": 0.12134286099501146,
        "INVALID": 0,
        "MALICIOUS": 0,
        "SANE": 0,
        "VALID": 0,
        "total": 100.03203942777414
    }
}