{
    "counter": {
        "ACTIVE": 13878,
        "INACTIVE": 4,
        "INVALID": 0,
        "MALICIOUS": 0,
        "SANE": 0,
        "VALID": 0,
        "total": 13882
    },
    "percentage": {
        "ACTIVE": 99.97118570811122,
        "INACTIVE": 0.03339455668725998,
        "INVALID": 0,
        "MALICIOUS": 0,
        "SANE": 0,
        "VALID": 0,
        "total": 100.00458026479848
    }
}