{
    "counter": {
        "ACTIVE": 17207,
        "INACTIVE": 25,
        "INVALID": 0,
        "MALICIOUS": 0,
        "SANE": 0,
        "VALID": 0,
        "total": 17232
    },
    "percentage": {
        "ACTIVE": 99.85492107706592,
        "INACTIVE": 0.14507892293407615,
        "INVALID": 0.0,
        "MALICIOUS": 0.0,
        "SANE": 0.0,
        "VALID": 0.0,
        "total": 100.0
    }
}