{
    "counter": {
        "ACTIVE": 16958,
        "INACTIVE": 2,
        "INVALID": 0,
        "MALICIOUS": 0,
        "SANE": 0,
        "VALID": 0,
        "total": 16960
    },
    "percentage": {
        "ACTIVE": 99.98820754716981,
        "INACTIVE": 0.02557544757033248,
        "INVALID": 0,
        "MALICIOUS": 0,
        "SANE": 0,
        "VALID": 0,
        "total": 100.01378299474014
    }
}