{
    "counter": {
        "ACTIVE": 13006,
        "INACTIVE": 6,
        "INVALID": 0,
        "MALICIOUS": 0,
        "SANE": 0,
        "VALID": 0,
        "total": 13012
    },
    "percentage": {
        "ACTIVE": 99.95388871810637,
        "INACTIVE": 0.04785452225235285,
        "INVALID": 0,
        "MALICIOUS": 0,
        "SANE": 0,
        "VALID": 0,
        "total": 100.00174324035872
    }
}