{
    "counter": {
        "ACTIVE": 12165,
        "INACTIVE": 46,
        "INVALID": 0,
        "MALICIOUS": 0,
        "SANE": 0,
        "VALID": 0,
        "total": 12211
    },
    "percentage": {
        "ACTIVE": 99.6232904758005,
        "INACTIVE": 0.4148629148629149,
        "INVALID": 0,
        "MALICIOUS": 0,
        "SANE": 0,
        "VALID": 0,
        "total": 100.03815339066341
    }
}