{
    "counter": {
        "ACTIVE": 1542,
        "INACTIVE": 4,
        "INVALID": 0,
        "MALICIOUS": 0,
        "SANE": 0,
        "VALID": 0,
        "total": 1546
    },
    "percentage": {
        "ACTIVE": 99.74126778783959,
        "INACTIVE": 0.4048582995951417,
        "INVALID": 0,
        "MALICIOUS": 0,
        "SANE": 0,
        "VALID": 0,
        "total": 100.14612608743474
    }
}