{
    "counter": {
        "ACTIVE": 16935,
        "INACTIVE": 36,
        "INVALID": 0,
        "MALICIOUS": 0,
        "SANE": 0,
        "VALID": 0,
        "total": 16971
    },
    "percentage": {
        "ACTIVE": 99.78787343114725,
        "INACTIVE": 0.26191342306293197,
        "INVALID": 0,
        "MALICIOUS": 0,
        "SANE": 0,
        "VALID": 0,
        "total": 100.04978685421018
    }
}