{
    "counter": {
        "ACTIVE": 16519,
        "INACTIVE": 19,
        "INVALID": 0,
        "MALICIOUS": 0,
        "SANE": 0,
        "VALID": 0,
        "total": 16538
    },
    "percentage": {
        "ACTIVE": 99.88511307292296,
        "INACTIVE": 0.11662165479990179,
        "INVALID": 0,
        "MALICIOUS": 0,
        "SANE": 0,
        "VALID": 0,
        "total": 100.00173472772286
    }
}