{
    "counter": {
        "ACTIVE": 16715,
        "INACTIVE": 15,
        "INVALID": 0,
        "MALICIOUS": 0,
        "SANE": 0,
        "VALID": 0,
        "total": 16730
    },
    "percentage": {
        "ACTIVE": 99.91034070531978,
        "INACTIVE": 0.09531071292413268,
        "INVALID": 0,
        "MALICIOUS": 0,
        "SANE": 0,
        "VALID": 0,
        "total": 100.00565141824391
    }
}