{
    "counter": {
        "ACTIVE": 15474,
        "INACTIVE": 13,
        "INVALID": 0,
        "MALICIOUS": 0,
        "SANE": 0,
        "VALID": 0,
        "total": 15487
    },
    "percentage": {
        "ACTIVE": 99.91605862981855,
        "INACTIVE": 0.08839328211055959,
        "INVALID": 0,
        "MALICIOUS": 0,
        "SANE": 0,
        "VALID": 0,
        "total": 100.00445191192911
    }
}