{
    "counter": {
        "ACTIVE": 3153,
        "INACTIVE": 5,
        "INVALID": 0,
        "MALICIOUS": 0,
        "SANE": 0,
        "VALID": 0,
        "total": 3158
    },
    "percentage": {
        "ACTIVE": 99.84167194426853,
        "INACTIVE": 0.17439832577607256,
        "INVALID": 0,
        "MALICIOUS": 0,
        "SANE": 0,
        "VALID": 0,
        "total": 100.0160702700446
    }
}