{
    "counter": {
        "ACTIVE": 4375,
        "INACTIVE": 13,
        "INVALID": 0,
        "MALICIOUS": 0,
        "SANE": 0,
        "VALID": 0,
        "total": 4388
    },
    "percentage": {
        "ACTIVE": 99.70373746581586,
        "INACTIVE": 0.35278154681139756,
        "INVALID": 0,
        "MALICIOUS": 0,
        "SANE": 0,
        "VALID": 0,
        "total": 100.05651901262726
    }
}