{
    "counter": {
        "ACTIVE": 31702,
        "INACTIVE": 35,
        "INVALID": 0,
        "MALICIOUS": 0,
        "SANE": 0,
        "VALID": 0,
        "total": 31737
    },
    "percentage": {
        "ACTIVE": 99.8897186249488,
        "INACTIVE": 0.18809114359415305,
        "INVALID": 0,
        "MALICIOUS": 0,
        "SANE": 0,
        "VALID": 0,
        "total": 100.07780976854295
    }
}