{
    "counter": {
        "ACTIVE": 13239,
        "INACTIVE": 4,
        "INVALID": 0,
        "MALICIOUS": 0,
        "SANE": 0,
        "VALID": 0,
        "total": 13243
    },
    "percentage": {
        "ACTIVE": 99.9697953635883,
        "INACTIVE": 0.037965072133637055,
        "INVALID": 0,
        "MALICIOUS": 0,
        "SANE": 0,
        "VALID": 0,
        "total": 100.00776043572193
    }
}