{
    "counter": {
        "ACTIVE": 11043,
        "INACTIVE": 5,
        "INVALID": 0,
        "MALICIOUS": 0,
        "SANE": 0,
        "VALID": 0,
        "total": 11048
    },
    "percentage": {
        "ACTIVE": 99.95474293989862,
        "INACTIVE": 0.10229132569558101,
        "INVALID": 0,
        "MALICIOUS": 0,
        "SANE": 0,
        "VALID": 0,
        "total": 100.0570342655942
    }
}