{
    "counter": {
        "ACTIVE": 15358,
        "INACTIVE": 38,
        "INVALID": 0,
        "MALICIOUS": 0,
        "SANE": 0,
        "VALID": 0,
        "total": 15396
    },
    "percentage": {
        "ACTIVE": 99.75318264484282,
        "INACTIVE": 0.25423161838496017,
        "INVALID": 0,
        "MALICIOUS": 0,
        "SANE": 0,
        "VALID": 0,
        "total": 100.00741426322779
    }
}