{
    "counter": {
        "ACTIVE": 182968,
        "INACTIVE": 13,
        "INVALID": 0,
        "MALICIOUS": 0,
        "SANE": 0,
        "VALID": 0,
        "total": 182981
    },
    "percentage": {
        "ACTIVE": 99.99289543723118,
        "INACTIVE": 0.010932086514850819,
        "INVALID": 0,
        "MALICIOUS": 0,
        "SANE": 0,
        "VALID": 0,
        "total": 100.00382752374604
    }
}