{
    "counter": {
        "ACTIVE": 15201,
        "INACTIVE": 14,
        "INVALID": 0,
        "MALICIOUS": 0,
        "SANE": 0,
        "VALID": 0,
        "total": 15215
    },
    "percentage": {
        "ACTIVE": 99.90798554058495,
        "INACTIVE": 0.1158173395102581,
        "INVALID": 0,
        "MALICIOUS": 0,
        "SANE": 0,
        "VALID": 0,
        "total": 100.0238028800952
    }
}