{
    "counter": {
        "ACTIVE": 16952,
        "INACTIVE": 1,
        "INVALID": 0,
        "MALICIOUS": 0,
        "SANE": 0,
        "VALID": 0,
        "total": 16953
    },
    "percentage": {
        "ACTIVE": 99.99410133899605,
        "INACTIVE": 0.03469812630117974,
        "INVALID": 0,
        "MALICIOUS": 0,
        "SANE": 0,
        "VALID": 0,
        "total": 100.02879946529723
    }
}