{
    "counter": {
        "ACTIVE": 11630,
        "INACTIVE": 3,
        "INVALID": 0,
        "MALICIOUS": 0,
        "SANE": 0,
        "VALID": 0,
        "total": 11633
    },
    "percentage": {
        "ACTIVE": 99.97421129545259,
        "INACTIVE": 0.03944254535892716,
        "INVALID": 0,
        "MALICIOUS": 0,
        "SANE": 0,
        "VALID": 0,
        "total": 100.01365384081151
    }
}