{
    "counter": {
        "ACTIVE": 3682,
        "INACTIVE": 3,
        "INVALID": 0,
        "MALICIOUS": 0,
        "SANE": 0,
        "VALID": 0,
        "total": 3685
    },
    "percentage": {
        "ACTIVE": 99.91858887381275,
        "INACTIVE": 0.08503401360544217,
        "INVALID": 0,
        "MALICIOUS": 0,
        "SANE": 0,
        "VALID": 0,
        "total": 100.00362288741819
    }
}