{
    "counter": {
        "ACTIVE": 8304,
        "INACTIVE": 3,
        "INVALID": 0,
        "MALICIOUS": 0,
        "SANE": 0,
        "VALID": 0,
        "total": 8307
    },
    "percentage": {
        "ACTIVE": 99.96388587937884,
        "INACTIVE": 0.050454086781029264,
        "INVALID": 0,
        "MALICIOUS": 0,
        "SANE": 0,
        "VALID": 0,
        "total": 100.01433996615987
    }
}