{
    "counter": {
        "ACTIVE": 10033,
        "INACTIVE": 8,
        "INVALID": 0,
        "MALICIOUS": 0,
        "SANE": 0,
        "VALID": 0,
        "total": 10041
    },
    "percentage": {
        "ACTIVE": 99.92032666069116,
        "INACTIVE": 0.09068238494672409,
        "INVALID": 0,
        "MALICIOUS": 0,
        "SANE": 0,
        "VALID": 0,
        "total": 100.01100904563788
    }
}