{
    "counter": {
        "ACTIVE": 12200,
        "INACTIVE": 33,
        "INVALID": 0,
        "MALICIOUS": 0,
        "SANE": 0,
        "VALID": 0,
        "total": 12233
    },
    "percentage": {
        "ACTIVE": 99.73023788114118,
        "INACTIVE": 0.2781289506953224,
        "INVALID": 0,
        "MALICIOUS": 0,
        "SANE": 0,
        "VALID": 0,
        "total": 100.0083668318365
    }
}