{
    "counter": {
        "ACTIVE": 249873,
        "INACTIVE": 14,
        "INVALID": 0,
        "MALICIOUS": 0,
        "SANE": 0,
        "VALID": 0,
        "total": 249887
    },
    "percentage": {
        "ACTIVE": 99.99439746765538,
        "INACTIVE": 0.006299212598425197,
        "INVALID": 0,
        "MALICIOUS": 0,
        "SANE": 0,
        "VALID": 0,
        "total": 100.0006966802538
    }
}