{
    "counter": {
        "ACTIVE": 5426,
        "INACTIVE": 29,
        "INVALID": 0,
        "MALICIOUS": 0,
        "SANE": 0,
        "VALID": 0,
        "total": 5455
    },
    "percentage": {
        "ACTIVE": 99.46837763519707,
        "INACTIVE": 0.5470665912092058,
        "INVALID": 0,
        "MALICIOUS": 0,
        "SANE": 0,
        "VALID": 0,
        "total": 100.01544422640627
    }
}