{
    "counter": {
        "ACTIVE": 15951,
        "INACTIVE": 9,
        "INVALID": 0,
        "MALICIOUS": 0,
        "SANE": 0,
        "VALID": 0,
        "total": 15960
    },
    "percentage": {
        "ACTIVE": 99.94360902255639,
        "INACTIVE": 0.11335012594458438,
        "INVALID": 0,
        "MALICIOUS": 0,
        "SANE": 0,
        "VALID": 0,
        "total": 100.05695914850097
    }
}