{
    "counter": {
        "ACTIVE": 11201,
        "INACTIVE": 4,
        "INVALID": 0,
        "MALICIOUS": 0,
        "SANE": 0,
        "VALID": 0,
        "total": 11205
    },
    "percentage": {
        "ACTIVE": 99.96430165104864,
        "INACTIVE": 0.0381934498233553,
        "INVALID": 0,
        "MALICIOUS": 0,
        "SANE": 0,
        "VALID": 0,
        "total": 100.002495100872
    }
}