{
    "counter": {
        "ACTIVE": 17129,
        "INACTIVE": 22,
        "INVALID": 0,
        "MALICIOUS": 0,
        "SANE": 0,
        "VALID": 0,
        "total": 17151
    },
    "percentage": {
        "ACTIVE": 99.87172759605853,
        "INACTIVE": 0.1770053906187143,
        "INVALID": 0,
        "MALICIOUS": 0,
        "SANE": 0,
        "VALID": 0,
        "total": 100.04873298667725
    }
}