{
    "counter": {
        "ACTIVE": 44671,
        "INACTIVE": 4,
        "INVALID": 0,
        "MALICIOUS": 0,
        "SANE": 0,
        "VALID": 0,
        "total": 44675
    },
    "percentage": {
        "ACTIVE": 99.99104644655847,
        "INACTIVE": 0.013466199838405602,
        "INVALID": 0,
        "MALICIOUS": 0,
        "SANE": 0,
        "VALID": 0,
        "total": 100.00451264639688
    }
}