{
    "counter": {
        "ACTIVE": 13707,
        "INACTIVE": 25,
        "INVALID": 0,
        "MALICIOUS": 0,
        "SANE": 0,
        "VALID": 0,
        "total": 13732
    },
    "percentage": {
        "ACTIVE": 99.81794348965919,
        "INACTIVE": 0.19152685206465947,
        "INVALID": 0,
        "MALICIOUS": 0,
        "SANE": 0,
        "VALID": 0,
        "total": 100.00947034172384
    }
}