{
    "counter": {
        "ACTIVE": 15190,
        "INACTIVE": 12,
        "INVALID": 0,
        "MALICIOUS": 0,
        "SANE": 0,
        "VALID": 0,
        "total": 15202
    },
    "percentage": {
        "ACTIVE": 99.92106301802394,
        "INACTIVE": 0.0826787928896238,
        "INVALID": 0,
        "MALICIOUS": 0,
        "SANE": 0,
        "VALID": 0,
        "total": 100.00374181091357
    }
}