{
    "counter": {
        "ACTIVE": 16875,
        "INACTIVE": 17,
        "INVALID": 0,
        "MALICIOUS": 0,
        "SANE": 0,
        "VALID": 0,
        "total": 16892
    },
    "percentage": {
        "ACTIVE": 99.89936064409187,
        "INACTIVE": 0.10086027884900622,
        "INVALID": 0,
        "MALICIOUS": 0,
        "SANE": 0,
        "VALID": 0,
        "total": 100.00022092294088
    }
}