{
    "counter": {
        "ACTIVE": 10975,
        "INACTIVE": 11,
        "INVALID": 0,
        "MALICIOUS": 0,
        "SANE": 0,
        "VALID": 0,
        "total": 10986
    },
    "percentage": {
        "ACTIVE": 99.89987256508283,
        "INACTIVE": 0.1001274349171673,
        "INVALID": 0.0,
        "MALICIOUS": 0.0,
        "SANE": 0.0,
        "VALID": 0.0,
        "total": 100.0
    }
}