{
    "counter": {
        "ACTIVE": 18889,
        "INACTIVE": 2,
        "INVALID": 0,
        "MALICIOUS": 0,
        "SANE": 0,
        "VALID": 0,
        "total": 18891
    },
    "percentage": {
        "ACTIVE": 99.98941294796464,
        "INACTIVE": 0.010587052035360754,
        "INVALID": 0.0,
        "MALICIOUS": 0.0,
        "SANE": 0.0,
        "VALID": 0.0,
        "total": 100.0
    }
}