{
    "counter": {
        "ACTIVE": 18834,
        "INACTIVE": 5,
        "INVALID": 0,
        "MALICIOUS": 0,
        "SANE": 0,
        "VALID": 0,
        "total": 18839
    },
    "percentage": {
        "ACTIVE": 99.97345931312702,
        "INACTIVE": 0.026540686872976272,
        "INVALID": 0.0,
        "MALICIOUS": 0.0,
        "SANE": 0.0,
        "VALID": 0.0,
        "total": 100.0
    }
}