{
    "counter": {
        "ACTIVE": 14109,
        "INACTIVE": 2,
        "INVALID": 0,
        "MALICIOUS": 0,
        "SANE": 0,
        "VALID": 0,
        "total": 14111
    },
    "percentage": {
        "ACTIVE": 99.98582666005244,
        "INACTIVE": 0.02557544757033248,
        "INVALID": 0,
        "MALICIOUS": 0,
        "SANE": 0,
        "VALID": 0,
        "total": 100.01140210762277
    }
}