{
    "counter": {
        "ACTIVE": 18889,
        "INACTIVE": 5,
        "INVALID": 0,
        "MALICIOUS": 0,
        "SANE": 0,
        "VALID": 0,
        "total": 18894
    },
    "percentage": {
        "ACTIVE": 99.97353657245687,
        "INACTIVE": 0.029836496001909536,
        "INVALID": 0,
        "MALICIOUS": 0,
        "SANE": 0,
        "VALID": 0,
        "total": 100.00337306845877
    }
}