{
    "counter": {
        "ACTIVE": 14758,
        "INACTIVE": 8,
        "INVALID": 0,
        "MALICIOUS": 0,
        "SANE": 0,
        "VALID": 0,
        "total": 14766
    },
    "percentage": {
        "ACTIVE": 99.94582148178247,
        "INACTIVE": 0.06063821723641325,
        "INVALID": 0,
        "MALICIOUS": 0,
        "SANE": 0,
        "VALID": 0,
        "total": 100.00645969901889
    }
}