{
    "counter": {
        "ACTIVE": 15621,
        "INACTIVE": 4,
        "INVALID": 0,
        "MALICIOUS": 0,
        "SANE": 0,
        "VALID": 0,
        "total": 15625
    },
    "percentage": {
        "ACTIVE": 99.9744,
        "INACTIVE": 0.03755868544600939,
        "INVALID": 0,
        "MALICIOUS": 0,
        "SANE": 0,
        "VALID": 0,
        "total": 100.01195868544602
    }
}