{
    "counter": {
        "ACTIVE": 16871,
        "INACTIVE": 6,
        "INVALID": 0,
        "MALICIOUS": 0,
        "SANE": 0,
        "VALID": 0,
        "total": 16877
    },
    "percentage": {
        "ACTIVE": 99.96444865793684,
        "INACTIVE": 0.03713330857779428,
        "INVALID": 0,
        "MALICIOUS": 0,
        "SANE": 0,
        "VALID": 0,
        "total": 100.00158196651464
    }
}