{
    "counter": {
        "ACTIVE": 8283,
        "INACTIVE": 10,
        "INVALID": 0,
        "MALICIOUS": 0,
        "SANE": 0,
        "VALID": 0,
        "total": 8293
    },
    "percentage": {
        "ACTIVE": 99.87941637525624,
        "INACTIVE": 0.13730605519703418,
        "INVALID": 0,
        "MALICIOUS": 0,
        "SANE": 0,
        "VALID": 0,
        "total": 100.01672243045327
    }
}