{
    "counter": {
        "ACTIVE": 14712,
        "INACTIVE": 3,
        "INVALID": 0,
        "MALICIOUS": 0,
        "SANE": 0,
        "VALID": 0,
        "total": 14715
    },
    "percentage": {
        "ACTIVE": 99.9796126401631,
        "INACTIVE": 0.02041510717931269,
        "INVALID": 0,
        "MALICIOUS": 0,
        "SANE": 0,
        "VALID": 0,
        "total": 100.00002774734241
    }
}