{
    "counter": {
        "ACTIVE": 16001,
        "INACTIVE": 4,
        "INVALID": 0,
        "MALICIOUS": 0,
        "SANE": 0,
        "VALID": 0,
        "total": 16005
    },
    "percentage": {
        "ACTIVE": 99.97500781005935,
        "INACTIVE": 0.03021376236875897,
        "INVALID": 0,
        "MALICIOUS": 0,
        "SANE": 0,
        "VALID": 0,
        "total": 100.00522157242811
    }
}