{
    "counter": {
        "ACTIVE": 12288,
        "INACTIVE": 50,
        "INVALID": 0,
        "MALICIOUS": 0,
        "SANE": 0,
        "VALID": 0,
        "total": 12338
    },
    "percentage": {
        "ACTIVE": 99.59474793321446,
        "INACTIVE": 0.43070031871823583,
        "INVALID": 0,
        "MALICIOUS": 0,
        "SANE": 0,
        "VALID": 0,
        "total": 100.0254482519327
    }
}