{
    "counter": {
        "ACTIVE": 14262,
        "INACTIVE": 36,
        "INVALID": 0,
        "MALICIOUS": 0,
        "SANE": 0,
        "VALID": 0,
        "total": 14298
    },
    "percentage": {
        "ACTIVE": 99.74821653378095,
        "INACTIVE": 0.31061259706643657,
        "INVALID": 0,
        "MALICIOUS": 0,
        "SANE": 0,
        "VALID": 0,
        "total": 100.05882913084739
    }
}