{
    "counter": {
        "ACTIVE": 5915,
        "INACTIVE": 25,
        "INVALID": 0,
        "MALICIOUS": 0,
        "SANE": 0,
        "VALID": 0,
        "total": 5940
    },
    "percentage": {
        "ACTIVE": 99.57912457912458,
        "INACTIVE": 0.47152018106374954,
        "INVALID": 0,
        "MALICIOUS": 0,
        "SANE": 0,
        "VALID": 0,
        "total": 100.05064476018833
    }
}