{
    "counter": {
        "ACTIVE": 112196,
        "INACTIVE": 12,
        "INVALID": 0,
        "MALICIOUS": 0,
        "SANE": 0,
        "VALID": 0,
        "total": 112208
    },
    "percentage": {
        "ACTIVE": 99.98930557536005,
        "INACTIVE": 0.010818412938821876,
        "INVALID": 0,
        "MALICIOUS": 0,
        "SANE": 0,
        "VALID": 0,
        "total": 100.00012398829887
    }
}