{
    "counter": {
        "ACTIVE": 9120,
        "INACTIVE": 28,
        "INVALID": 0,
        "MALICIOUS": 0,
        "SANE": 0,
        "VALID": 0,
        "total": 9148
    },
    "percentage": {
        "ACTIVE": 99.69392216878006,
        "INACTIVE": 0.36330608537693004,
        "INVALID": 0,
        "MALICIOUS": 0,
        "SANE": 0,
        "VALID": 0,
        "total": 100.057228254157
    }
}