{
    "counter": {
        "ACTIVE": 14515,
        "INACTIVE": 4,
        "INVALID": 0,
        "MALICIOUS": 0,
        "SANE": 0,
        "VALID": 0,
        "total": 14519
    },
    "percentage": {
        "ACTIVE": 99.97244989324334,
        "INACTIVE": 0.038895371450797356,
        "INVALID": 0,
        "MALICIOUS": 0,
        "SANE": 0,
        "VALID": 0,
        "total": 100.01134526469413
    }
}