{
    "counter": {
        "ACTIVE": 4732,
        "INACTIVE": 44,
        "INVALID": 0,
        "MALICIOUS": 0,
        "SANE": 0,
        "VALID": 0,
        "total": 4776
    },
    "percentage": {
        "ACTIVE": 99.07872696817421,
        "INACTIVE": 0.9725906277630415,
        "INVALID": 0,
        "MALICIOUS": 0,
        "SANE": 0,
        "VALID": 0,
        "total": 100.05131759593725
    }
}