{
    "counter": {
        "ACTIVE": 4216,
        "INACTIVE": 11,
        "INVALID": 0,
        "MALICIOUS": 0,
        "SANE": 0,
        "VALID": 0,
        "total": 4227
    },
    "percentage": {
        "ACTIVE": 99.73976815708541,
        "INACTIVE": 0.3170028818443804,
        "INVALID": 0,
        "MALICIOUS": 0,
        "SANE": 0,
        "VALID": 0,
        "total": 100.05677103892978
    }
}