{
    "counter": {
        "ACTIVE": 6184,
        "INACTIVE": 1,
        "INVALID": 0,
        "MALICIOUS": 0,
        "SANE": 0,
        "VALID": 0,
        "total": 6185
    },
    "percentage": {
        "ACTIVE": 99.98383185125303,
        "INACTIVE": 0.03411804844762879,
        "INVALID": 0,
        "MALICIOUS": 0,
        "SANE": 0,
        "VALID": 0,
        "total": 100.01794989970065
    }
}