{
    "counter": {
        "ACTIVE": 12638,
        "INACTIVE": 3,
        "INVALID": 0,
        "MALICIOUS": 0,
        "SANE": 0,
        "VALID": 0,
        "total": 12641
    },
    "percentage": {
        "ACTIVE": 99.97626770034016,
        "INACTIVE": 0.024303305249513935,
        "INVALID": 0,
        "MALICIOUS": 0,
        "SANE": 0,
        "VALID": 0,
        "total": 100.00057100558968
    }
}