{
    "counter": {
        "ACTIVE": 13732,
        "INACTIVE": 13,
        "INVALID": 0,
        "MALICIOUS": 0,
        "SANE": 0,
        "VALID": 0,
        "total": 13745
    },
    "percentage": {
        "ACTIVE": 99.90542015278282,
        "INACTIVE": 0.09491822429906542,
        "INVALID": 0,
        "MALICIOUS": 0,
        "SANE": 0,
        "VALID": 0,
        "total": 100.00033837708189
    }
}