{
    "counter": {
        "ACTIVE": 5166,
        "INACTIVE": 5,
        "INVALID": 0,
        "MALICIOUS": 0,
        "SANE": 0,
        "VALID": 0,
        "total": 5171
    },
    "percentage": {
        "ACTIVE": 99.90330690388706,
        "INACTIVE": 0.13455328310010764,
        "INVALID": 0,
        "MALICIOUS": 0,
        "SANE": 0,
        "VALID": 0,
        "total": 100.03786018698716
    }
}