{
    "counter": {
        "ACTIVE": 9214,
        "INACTIVE": 25,
        "INVALID": 0,
        "MALICIOUS": 0,
        "SANE": 0,
        "VALID": 0,
        "total": 9239
    },
    "percentage": {
        "ACTIVE": 99.72940794458275,
        "INACTIVE": 0.2976899261728983,
        "INVALID": 0,
        "MALICIOUS": 0,
        "SANE": 0,
        "VALID": 0,
        "total": 100.02709787075564
    }
}