{
    "counter": {
        "ACTIVE": 9151,
        "INACTIVE": 3,
        "INVALID": 0,
        "MALICIOUS": 0,
        "SANE": 0,
        "VALID": 0,
        "total": 9154
    },
    "percentage": {
        "ACTIVE": 99.96722744155561,
        "INACTIVE": 0.03546518501004847,
        "INVALID": 0,
        "MALICIOUS": 0,
        "SANE": 0,
        "VALID": 0,
        "total": 100.00269262656566
    }
}