{
    "counter": {
        "ACTIVE": 4012,
        "INACTIVE": 178,
        "INVALID": 0,
        "MALICIOUS": 0,
        "SANE": 0,
        "VALID": 0,
        "total": 4190
    },
    "percentage": {
        "ACTIVE": 95.77464788732394,
        "INACTIVE": 4.248210023866348,
        "INVALID": 0,
        "MALICIOUS": 0,
        "SANE": 0,
        "VALID": 0,
        "total": 100.02285791119029
    }
}