{
    "counter": {
        "ACTIVE": 8678,
        "INACTIVE": 25,
        "INVALID": 0,
        "MALICIOUS": 0,
        "SANE": 0,
        "VALID": 0,
        "total": 8703
    },
    "percentage": {
        "ACTIVE": 99.71274273239113,
        "INACTIVE": 0.3064476587398872,
        "INVALID": 0,
        "MALICIOUS": 0,
        "SANE": 0,
        "VALID": 0,
        "total": 100.01919039113102
    }
}