{
    "counter": {
        "ACTIVE": 15285,
        "INACTIVE": 5,
        "INVALID": 0,
        "MALICIOUS": 0,
        "SANE": 0,
        "VALID": 0,
        "total": 15290
    },
    "percentage": {
        "ACTIVE": 99.96729888816219,
        "INACTIVE": 0.05283178360101437,
        "INVALID": 0,
        "MALICIOUS": 0,
        "SANE": 0,
        "VALID": 0,
        "total": 100.0201306717632
    }
}