{
    "counter": {
        "ACTIVE": 10554,
        "INACTIVE": 3,
        "INVALID": 0,
        "MALICIOUS": 0,
        "SANE": 0,
        "VALID": 0,
        "total": 10557
    },
    "percentage": {
        "ACTIVE": 99.97158283603297,
        "INACTIVE": 0.05185825410544512,
        "INVALID": 0,
        "MALICIOUS": 0,
        "SANE": 0,
        "VALID": 0,
        "total": 100.0234410901384
    }
}