{
    "counter": {
        "ACTIVE": 14460,
        "INACTIVE": 4,
        "INVALID": 0,
        "MALICIOUS": 0,
        "SANE": 0,
        "VALID": 0,
        "total": 14464
    },
    "percentage": {
        "ACTIVE": 99.97234513274336,
        "INACTIVE": 0.038895371450797356,
        "INVALID": 0,
        "MALICIOUS": 0,
        "SANE": 0,
        "VALID": 0,
        "total": 100.01124050419415
    }
}