{
    "counter": {
        "ACTIVE": 5941,
        "INACTIVE": 16,
        "INVALID": 0,
        "MALICIOUS": 0,
        "SANE": 0,
        "VALID": 0,
        "total": 5957
    },
    "percentage": {
        "ACTIVE": 99.7314084270606,
        "INACTIVE": 0.27430138865078,
        "INVALID": 0,
        "MALICIOUS": 0,
        "SANE": 0,
        "VALID": 0,
        "total": 100.00570981571138
    }
}