{
    "counter": {
        "ACTIVE": 16726,
        "INACTIVE": 36,
        "INVALID": 0,
        "MALICIOUS": 0,
        "SANE": 0,
        "VALID": 0,
        "total": 16762
    },
    "percentage": {
        "ACTIVE": 99.78522849301993,
        "INACTIVE": 0.21867217396586283,
        "INVALID": 0,
        "MALICIOUS": 0,
        "SANE": 0,
        "VALID": 0,
        "total": 100.00390066698579
    }
}