{
    "counter": {
        "ACTIVE": 58709,
        "INACTIVE": 6,
        "INVALID": 0,
        "MALICIOUS": 0,
        "SANE": 0,
        "VALID": 0,
        "total": 58715
    },
    "percentage": {
        "ACTIVE": 99.98978114621477,
        "INACTIVE": 0.02765359266258008,
        "INVALID": 0,
        "MALICIOUS": 0,
        "SANE": 0,
        "VALID": 0,
        "total": 100.01743473887734
    }
}