{
    "counter": {
        "ACTIVE": 35214,
        "INACTIVE": 35,
        "INVALID": 0,
        "MALICIOUS": 0,
        "SANE": 0,
        "VALID": 0,
        "total": 35249
    },
    "percentage": {
        "ACTIVE": 99.90070640301853,
        "INACTIVE": 0.18809114359415305,
        "INVALID": 0,
        "MALICIOUS": 0,
        "SANE": 0,
        "VALID": 0,
        "total": 100.08879754661268
    }
}