{
    "counter": {
        "ACTIVE": 12625,
        "INACTIVE": 23,
        "INVALID": 0,
        "MALICIOUS": 0,
        "SANE": 0,
        "VALID": 0,
        "total": 12648
    },
    "percentage": {
        "ACTIVE": 99.81815306767868,
        "INACTIVE": 0.19256530475552577,
        "INVALID": 0,
        "MALICIOUS": 0,
        "SANE": 0,
        "VALID": 0,
        "total": 100.0107183724342
    }
}