{
    "counter": {
        "ACTIVE": 6391,
        "INACTIVE": 15,
        "INVALID": 0,
        "MALICIOUS": 0,
        "SANE": 0,
        "VALID": 0,
        "total": 6406
    },
    "percentage": {
        "ACTIVE": 99.76584452076179,
        "INACTIVE": 0.27958993476234856,
        "INVALID": 0,
        "MALICIOUS": 0,
        "SANE": 0,
        "VALID": 0,
        "total": 100.04543445552413
    }
}