{
    "counter": {
        "ACTIVE": 15939,
        "INACTIVE": 5,
        "INVALID": 0,
        "MALICIOUS": 0,
        "SANE": 0,
        "VALID": 0,
        "total": 15944
    },
    "percentage": {
        "ACTIVE": 99.96864024084294,
        "INACTIVE": 0.04221903233977877,
        "INVALID": 0,
        "MALICIOUS": 0,
        "SANE": 0,
        "VALID": 0,
        "total": 100.01085927318272
    }
}