{
    "counter": {
        "ACTIVE": 14870,
        "INACTIVE": 14,
        "INVALID": 0,
        "MALICIOUS": 0,
        "SANE": 0,
        "VALID": 0,
        "total": 14884
    },
    "percentage": {
        "ACTIVE": 99.9059392636388,
        "INACTIVE": 0.09942475676443434,
        "INVALID": 0,
        "MALICIOUS": 0,
        "SANE": 0,
        "VALID": 0,
        "total": 100.00536402040323
    }
}