{
    "counter": {
        "ACTIVE": 8822,
        "INACTIVE": 31,
        "INVALID": 0,
        "MALICIOUS": 0,
        "SANE": 0,
        "VALID": 0,
        "total": 8853
    },
    "percentage": {
        "ACTIVE": 99.64983621371286,
        "INACTIVE": 0.37444135765189035,
        "INVALID": 0,
        "MALICIOUS": 0,
        "SANE": 0,
        "VALID": 0,
        "total": 100.02427757136475
    }
}