{
    "counter": {
        "ACTIVE": 11826,
        "INACTIVE": 32,
        "INVALID": 0,
        "MALICIOUS": 0,
        "SANE": 0,
        "VALID": 0,
        "total": 11858
    },
    "percentage": {
        "ACTIVE": 99.73013998988024,
        "INACTIVE": 0.2740899357601713,
        "INVALID": 0,
        "MALICIOUS": 0,
        "SANE": 0,
        "VALID": 0,
        "total": 100.00422992564042
    }
}