{
    "counter": {
        "ACTIVE": 15855,
        "INACTIVE": 5,
        "INVALID": 0,
        "MALICIOUS": 0,
        "SANE": 0,
        "VALID": 0,
        "total": 15860
    },
    "percentage": {
        "ACTIVE": 99.96847414880202,
        "INACTIVE": 0.05283178360101437,
        "INVALID": 0,
        "MALICIOUS": 0,
        "SANE": 0,
        "VALID": 0,
        "total": 100.02130593240302
    }
}