{
    "counter": {
        "ACTIVE": 16295,
        "INACTIVE": 3,
        "INVALID": 0,
        "MALICIOUS": 0,
        "SANE": 0,
        "VALID": 0,
        "total": 16298
    },
    "percentage": {
        "ACTIVE": 99.9815928334765,
        "INACTIVE": 0.03944254535892716,
        "INVALID": 0,
        "MALICIOUS": 0,
        "SANE": 0,
        "VALID": 0,
        "total": 100.02103537883542
    }
}