{
    "counter": {
        "ACTIVE": 18863,
        "INACTIVE": 4,
        "INVALID": 0,
        "MALICIOUS": 0,
        "SANE": 0,
        "VALID": 0,
        "total": 18867
    },
    "percentage": {
        "ACTIVE": 99.9787989611491,
        "INACTIVE": 0.021201038850903693,
        "INVALID": 0.0,
        "MALICIOUS": 0.0,
        "SANE": 0.0,
        "VALID": 0.0,
        "total": 100.0
    }
}