{
    "counter": {
        "ACTIVE": 6330,
        "INACTIVE": 2,
        "INVALID": 0,
        "MALICIOUS": 0,
        "SANE": 0,
        "VALID": 0,
        "total": 6332
    },
    "percentage": {
        "ACTIVE": 99.96841440303221,
        "INACTIVE": 0.04319654427645788,
        "INVALID": 0,
        "MALICIOUS": 0,
        "SANE": 0,
        "VALID": 0,
        "total": 100.01161094730867
    }
}