{
    "counter": {
        "ACTIVE": 16304,
        "INACTIVE": 35,
        "INVALID": 0,
        "MALICIOUS": 0,
        "SANE": 0,
        "VALID": 0,
        "total": 16339
    },
    "percentage": {
        "ACTIVE": 99.78578860395373,
        "INACTIVE": 0.24354603019970775,
        "INVALID": 0,
        "MALICIOUS": 0,
        "SANE": 0,
        "VALID": 0,
        "total": 100.02933463415344
    }
}