{
    "counter": {
        "ACTIVE": 4258,
        "INACTIVE": 3,
        "INVALID": 0,
        "MALICIOUS": 0,
        "SANE": 0,
        "VALID": 0,
        "total": 4261
    },
    "percentage": {
        "ACTIVE": 99.92959399202066,
        "INACTIVE": 0.08465011286681716,
        "INVALID": 0,
        "MALICIOUS": 0,
        "SANE": 0,
        "VALID": 0,
        "total": 100.01424410488747
    }
}