{
    "counter": {
        "ACTIVE": 13145,
        "INACTIVE": 4,
        "INVALID": 0,
        "MALICIOUS": 0,
        "SANE": 0,
        "VALID": 0,
        "total": 13149
    },
    "percentage": {
        "ACTIVE": 99.96957943569853,
        "INACTIVE": 0.0324254215304799,
        "INVALID": 0,
        "MALICIOUS": 0,
        "SANE": 0,
        "VALID": 0,
        "total": 100.00200485722901
    }
}