{
    "counter": {
        "ACTIVE": 15706,
        "INACTIVE": 2,
        "INVALID": 0,
        "MALICIOUS": 0,
        "SANE": 0,
        "VALID": 0,
        "total": 15708
    },
    "percentage": {
        "ACTIVE": 99.98726763432646,
        "INACTIVE": 0.022067747986317995,
        "INVALID": 0,
        "MALICIOUS": 0,
        "SANE": 0,
        "VALID": 0,
        "total": 100.00933538231277
    }
}