{
    "counter": {
        "ACTIVE": 8401,
        "INACTIVE": 35,
        "INVALID": 0,
        "MALICIOUS": 0,
        "SANE": 0,
        "VALID": 0,
        "total": 8436
    },
    "percentage": {
        "ACTIVE": 99.58511142721669,
        "INACTIVE": 0.44343088812872167,
        "INVALID": 0,
        "MALICIOUS": 0,
        "SANE": 0,
        "VALID": 0,
        "total": 100.0285423153454
    }
}