{
    "counter": {
        "ACTIVE": 5782,
        "INACTIVE": 46,
        "INVALID": 0,
        "MALICIOUS": 0,
        "SANE": 0,
        "VALID": 0,
        "total": 5828
    },
    "percentage": {
        "ACTIVE": 99.21070693205216,
        "INACTIVE": 0.790106492614222,
        "INVALID": 0,
        "MALICIOUS": 0,
        "SANE": 0,
        "VALID": 0,
        "total": 100.00081342466639
    }
}