{
    "counter": {
        "ACTIVE": 18818,
        "INACTIVE": 16,
        "INVALID": 0,
        "MALICIOUS": 0,
        "SANE": 0,
        "VALID": 0,
        "total": 18834
    },
    "percentage": {
        "ACTIVE": 99.91504725496442,
        "INACTIVE": 0.08495274503557396,
        "INVALID": 0.0,
        "MALICIOUS": 0.0,
        "SANE": 0.0,
        "VALID": 0.0,
        "total": 100.0
    }
}