{
    "counter": {
        "ACTIVE": 15932,
        "INACTIVE": 42,
        "INVALID": 0,
        "MALICIOUS": 0,
        "SANE": 0,
        "VALID": 0,
        "total": 15974
    },
    "percentage": {
        "ACTIVE": 99.73707274320772,
        "INACTIVE": 0.3643935450286309,
        "INVALID": 0,
        "MALICIOUS": 0,
        "SANE": 0,
        "VALID": 0,
        "total": 100.10146628823635
    }
}