{
    "counter": {
        "ACTIVE": 8800,
        "INACTIVE": 20,
        "INVALID": 0,
        "MALICIOUS": 0,
        "SANE": 0,
        "VALID": 0,
        "total": 8820
    },
    "percentage": {
        "ACTIVE": 99.77324263038548,
        "INACTIVE": 0.2612671456564337,
        "INVALID": 0,
        "MALICIOUS": 0,
        "SANE": 0,
        "VALID": 0,
        "total": 100.03450977604192
    }
}