{
    "counter": {
        "ACTIVE": 9062,
        "INACTIVE": 49,
        "INVALID": 0,
        "MALICIOUS": 0,
        "SANE": 0,
        "VALID": 0,
        "total": 9111
    },
    "percentage": {
        "ACTIVE": 99.46218856327516,
        "INACTIVE": 0.5632831359926428,
        "INVALID": 0,
        "MALICIOUS": 0,
        "SANE": 0,
        "VALID": 0,
        "total": 100.02547169926781
    }
}