{
    "counter": {
        "ACTIVE": 1574,
        "INACTIVE": 13,
        "INVALID": 0,
        "MALICIOUS": 0,
        "SANE": 0,
        "VALID": 0,
        "total": 1587
    },
    "percentage": {
        "ACTIVE": 99.24337957124843,
        "INACTIVE": 0.8191556395715186,
        "INVALID": 0,
        "MALICIOUS": 0,
        "SANE": 0,
        "VALID": 0,
        "total": 100.06253521081995
    }
}