{
    "counter": {
        "ACTIVE": 13088,
        "INACTIVE": 10,
        "INVALID": 0,
        "MALICIOUS": 0,
        "SANE": 0,
        "VALID": 0,
        "total": 13098
    },
    "percentage": {
        "ACTIVE": 99.92365246602535,
        "INACTIVE": 0.08822232024702249,
        "INVALID": 0,
        "MALICIOUS": 0,
        "SANE": 0,
        "VALID": 0,
        "total": 100.01187478627237
    }
}