{
    "counter": {
        "ACTIVE": 15714,
        "INACTIVE": 4,
        "INVALID": 0,
        "MALICIOUS": 0,
        "SANE": 0,
        "VALID": 0,
        "total": 15718
    },
    "percentage": {
        "ACTIVE": 99.97455146965262,
        "INACTIVE": 0.4048582995951417,
        "INVALID": 0,
        "MALICIOUS": 0,
        "SANE": 0,
        "VALID": 0,
        "total": 100.37940976924777
    }
}