{
    "counter": {
        "ACTIVE": 16439,
        "INACTIVE": 15,
        "INVALID": 0,
        "MALICIOUS": 0,
        "SANE": 0,
        "VALID": 0,
        "total": 16454
    },
    "percentage": {
        "ACTIVE": 99.90883675701957,
        "INACTIVE": 0.09531071292413268,
        "INVALID": 0,
        "MALICIOUS": 0,
        "SANE": 0,
        "VALID": 0,
        "total": 100.0041474699437
    }
}