{
    "counter": {
        "ACTIVE": 48823,
        "INACTIVE": 6,
        "INVALID": 0,
        "MALICIOUS": 0,
        "SANE": 0,
        "VALID": 0,
        "total": 48829
    },
    "percentage": {
        "ACTIVE": 99.98771222019701,
        "INACTIVE": 0.0205761316872428,
        "INVALID": 0,
        "MALICIOUS": 0,
        "SANE": 0,
        "VALID": 0,
        "total": 100.00828835188426
    }
}