{
    "counter": {
        "ACTIVE": 9676,
        "INACTIVE": 25,
        "INVALID": 0,
        "MALICIOUS": 0,
        "SANE": 0,
        "VALID": 0,
        "total": 9701
    },
    "percentage": {
        "ACTIVE": 99.74229460880322,
        "INACTIVE": 0.2976899261728983,
        "INVALID": 0,
        "MALICIOUS": 0,
        "SANE": 0,
        "VALID": 0,
        "total": 100.03998453497611
    }
}