{
    "counter": {
        "ACTIVE": 16578,
        "INACTIVE": 25,
        "INVALID": 0,
        "MALICIOUS": 0,
        "SANE": 0,
        "VALID": 0,
        "total": 16603
    },
    "percentage": {
        "ACTIVE": 99.8494248027465,
        "INACTIVE": 0.1505751972535084,
        "INVALID": 0.0,
        "MALICIOUS": 0.0,
        "SANE": 0.0,
        "VALID": 0.0,
        "total": 100.0
    }
}