{
    "counter": {
        "ACTIVE": 15864,
        "INACTIVE": 8,
        "INVALID": 0,
        "MALICIOUS": 0,
        "SANE": 0,
        "VALID": 0,
        "total": 15872
    },
    "percentage": {
        "ACTIVE": 99.94959677419355,
        "INACTIVE": 0.06608293408227325,
        "INVALID": 0,
        "MALICIOUS": 0,
        "SANE": 0,
        "VALID": 0,
        "total": 100.01567970827583
    }
}