{
    "counter": {
        "ACTIVE": 15887,
        "INACTIVE": 8,
        "INVALID": 0,
        "MALICIOUS": 0,
        "SANE": 0,
        "VALID": 0,
        "total": 15895
    },
    "percentage": {
        "ACTIVE": 99.94966970745517,
        "INACTIVE": 0.06234413965087282,
        "INVALID": 0,
        "MALICIOUS": 0,
        "SANE": 0,
        "VALID": 0,
        "total": 100.01201384710605
    }
}