{
    "counter": {
        "ACTIVE": 14707,
        "INACTIVE": 41,
        "INVALID": 0,
        "MALICIOUS": 0,
        "SANE": 0,
        "VALID": 0,
        "total": 14748
    },
    "percentage": {
        "ACTIVE": 99.72199620287496,
        "INACTIVE": 0.33895502645502645,
        "INVALID": 0,
        "MALICIOUS": 0,
        "SANE": 0,
        "VALID": 0,
        "total": 100.06095122932999
    }
}