{
    "counter": {
        "ACTIVE": 2037,
        "INACTIVE": 2,
        "INVALID": 0,
        "MALICIOUS": 0,
        "SANE": 0,
        "VALID": 0,
        "total": 2039
    },
    "percentage": {
        "ACTIVE": 99.90191270230505,
        "INACTIVE": 0.11750881316098707,
        "INVALID": 0,
        "MALICIOUS": 0,
        "SANE": 0,
        "VALID": 0,
        "total": 100.01942151546604
    }
}