{
    "counter": {
        "ACTIVE": 5904,
        "INACTIVE": 24,
        "INVALID": 0,
        "MALICIOUS": 0,
        "SANE": 0,
        "VALID": 0,
        "total": 5928
    },
    "percentage": {
        "ACTIVE": 99.59514170040485,
        "INACTIVE": 0.40526849037487334,
        "INVALID": 0,
        "MALICIOUS": 0,
        "SANE": 0,
        "VALID": 0,
        "total": 100.00041019077973
    }
}