{
    "counter": {
        "ACTIVE": 15251,
        "INACTIVE": 75,
        "INVALID": 0,
        "MALICIOUS": 0,
        "SANE": 0,
        "VALID": 0,
        "total": 15326
    },
    "percentage": {
        "ACTIVE": 99.5106355213363,
        "INACTIVE": 0.4894922333898969,
        "INVALID": 0,
        "MALICIOUS": 0,
        "SANE": 0,
        "VALID": 0,
        "total": 100.0001277547262
    }
}