{
    "counter": {
        "ACTIVE": 209316,
        "INACTIVE": 13,
        "INVALID": 0,
        "MALICIOUS": 0,
        "SANE": 0,
        "VALID": 0,
        "total": 209329
    },
    "percentage": {
        "ACTIVE": 99.99378968035963,
        "INACTIVE": 0.010932086514850819,
        "INVALID": 0,
        "MALICIOUS": 0,
        "SANE": 0,
        "VALID": 0,
        "total": 100.00472176687448
    }
}