{
    "counter": {
        "ACTIVE": 15513,
        "INACTIVE": 2,
        "INVALID": 0,
        "MALICIOUS": 0,
        "SANE": 0,
        "VALID": 0,
        "total": 15515
    },
    "percentage": {
        "ACTIVE": 99.98710924911376,
        "INACTIVE": 0.023258518432375856,
        "INVALID": 0,
        "MALICIOUS": 0,
        "SANE": 0,
        "VALID": 0,
        "total": 100.01036776754613
    }
}