{
    "counter": {
        "ACTIVE": 286637,
        "INACTIVE": 14,
        "INVALID": 0,
        "MALICIOUS": 0,
        "SANE": 0,
        "VALID": 0,
        "total": 286651
    },
    "percentage": {
        "ACTIVE": 99.99511601215416,
        "INACTIVE": 0.006299212598425197,
        "INVALID": 0,
        "MALICIOUS": 0,
        "SANE": 0,
        "VALID": 0,
        "total": 100.00141522475258
    }
}