{
    "counter": {
        "ACTIVE": 4097,
        "INACTIVE": 1,
        "INVALID": 0,
        "MALICIOUS": 0,
        "SANE": 0,
        "VALID": 0,
        "total": 4098
    },
    "percentage": {
        "ACTIVE": 99.97559785261103,
        "INACTIVE": 0.02627430373095113,
        "INVALID": 0,
        "MALICIOUS": 0,
        "SANE": 0,
        "VALID": 0,
        "total": 100.00187215634199
    }
}