{
    "counter": {
        "ACTIVE": 11356,
        "INACTIVE": 28,
        "INVALID": 0,
        "MALICIOUS": 0,
        "SANE": 0,
        "VALID": 0,
        "total": 11384
    },
    "percentage": {
        "ACTIVE": 99.75404075895995,
        "INACTIVE": 0.36330608537693004,
        "INVALID": 0,
        "MALICIOUS": 0,
        "SANE": 0,
        "VALID": 0,
        "total": 100.11734684433688
    }
}