{
    "counter": {
        "ACTIVE": 16590,
        "INACTIVE": 4,
        "INVALID": 0,
        "MALICIOUS": 0,
        "SANE": 0,
        "VALID": 0,
        "total": 16594
    },
    "percentage": {
        "ACTIVE": 99.97589490177172,
        "INACTIVE": 0.024832381425378695,
        "INVALID": 0,
        "MALICIOUS": 0,
        "SANE": 0,
        "VALID": 0,
        "total": 100.00072728319711
    }
}