{
    "counter": {
        "ACTIVE": 45085,
        "INACTIVE": 35,
        "INVALID": 0,
        "MALICIOUS": 0,
        "SANE": 0,
        "VALID": 0,
        "total": 45120
    },
    "percentage": {
        "ACTIVE": 99.92242907801419,
        "INACTIVE": 0.18809114359415305,
        "INVALID": 0,
        "MALICIOUS": 0,
        "SANE": 0,
        "VALID": 0,
        "total": 100.11052022160834
    }
}