{
    "counter": {
        "ACTIVE": 11739,
        "INACTIVE": 17,
        "INVALID": 0,
        "MALICIOUS": 0,
        "SANE": 0,
        "VALID": 0,
        "total": 11756
    },
    "percentage": {
        "ACTIVE": 99.8553929908132,
        "INACTIVE": 0.14475476839237056,
        "INVALID": 0,
        "MALICIOUS": 0,
        "SANE": 0,
        "VALID": 0,
        "total": 100.00014775920557
    }
}