{
    "counter": {
        "ACTIVE": 16081,
        "INACTIVE": 8,
        "INVALID": 0,
        "MALICIOUS": 0,
        "SANE": 0,
        "VALID": 0,
        "total": 16089
    },
    "percentage": {
        "ACTIVE": 99.95027658648766,
        "INACTIVE": 0.05185377236193933,
        "INVALID": 0,
        "MALICIOUS": 0,
        "SANE": 0,
        "VALID": 0,
        "total": 100.0021303588496
    }
}