{
    "counter": {
        "ACTIVE": 14981,
        "INACTIVE": 4,
        "INVALID": 0,
        "MALICIOUS": 0,
        "SANE": 0,
        "VALID": 0,
        "total": 14985
    },
    "percentage": {
        "ACTIVE": 99.9733066399733,
        "INACTIVE": 0.037965072133637055,
        "INVALID": 0,
        "MALICIOUS": 0,
        "SANE": 0,
        "VALID": 0,
        "total": 100.01127171210693
    }
}