{
    "counter": {
        "ACTIVE": 8291,
        "INACTIVE": 18,
        "INVALID": 0,
        "MALICIOUS": 0,
        "SANE": 0,
        "VALID": 0,
        "total": 8309
    },
    "percentage": {
        "ACTIVE": 99.78336743290409,
        "INACTIVE": 0.276327909118821,
        "INVALID": 0,
        "MALICIOUS": 0,
        "SANE": 0,
        "VALID": 0,
        "total": 100.0596953420229
    }
}