{
    "counter": {
        "ACTIVE": 9460,
        "INACTIVE": 6,
        "INVALID": 0,
        "MALICIOUS": 0,
        "SANE": 0,
        "VALID": 0,
        "total": 9466
    },
    "percentage": {
        "ACTIVE": 99.9366152545954,
        "INACTIVE": 0.06755235307363207,
        "INVALID": 0,
        "MALICIOUS": 0,
        "SANE": 0,
        "VALID": 0,
        "total": 100.00416760766903
    }
}