{
    "counter": {
        "ACTIVE": 14190,
        "INACTIVE": 4,
        "INVALID": 0,
        "MALICIOUS": 0,
        "SANE": 0,
        "VALID": 0,
        "total": 14194
    },
    "percentage": {
        "ACTIVE": 99.97181907848386,
        "INACTIVE": 0.0381934498233553,
        "INVALID": 0,
        "MALICIOUS": 0,
        "SANE": 0,
        "VALID": 0,
        "total": 100.01001252830721
    }
}