{
    "counter": {
        "ACTIVE": 16907,
        "INACTIVE": 7,
        "INVALID": 0,
        "MALICIOUS": 0,
        "SANE": 0,
        "VALID": 0,
        "total": 16914
    },
    "percentage": {
        "ACTIVE": 99.95861416577982,
        "INACTIVE": 0.05328867235079172,
        "INVALID": 0,
        "MALICIOUS": 0,
        "SANE": 0,
        "VALID": 0,
        "total": 100.01190283813061
    }
}