{
    "counter": {
        "ACTIVE": 14361,
        "INACTIVE": 6,
        "INVALID": 0,
        "MALICIOUS": 0,
        "SANE": 0,
        "VALID": 0,
        "total": 14367
    },
    "percentage": {
        "ACTIVE": 99.95823762789726,
        "INACTIVE": 0.04637501932292472,
        "INVALID": 0,
        "MALICIOUS": 0,
        "SANE": 0,
        "VALID": 0,
        "total": 100.00461264722018
    }
}