{
    "counter": {
        "ACTIVE": 11619,
        "INACTIVE": 5,
        "INVALID": 0,
        "MALICIOUS": 0,
        "SANE": 0,
        "VALID": 0,
        "total": 11624
    },
    "percentage": {
        "ACTIVE": 99.95698554714384,
        "INACTIVE": 0.10229132569558101,
        "INVALID": 0,
        "MALICIOUS": 0,
        "SANE": 0,
        "VALID": 0,
        "total": 100.05927687283942
    }
}