{
    "counter": {
        "ACTIVE": 14064,
        "INACTIVE": 3,
        "INVALID": 0,
        "MALICIOUS": 0,
        "SANE": 0,
        "VALID": 0,
        "total": 14067
    },
    "percentage": {
        "ACTIVE": 99.9786734911495,
        "INACTIVE": 0.050454086781029264,
        "INVALID": 0,
        "MALICIOUS": 0,
        "SANE": 0,
        "VALID": 0,
        "total": 100.02912757793052
    }
}