{
    "counter": {
        "ACTIVE": 252244,
        "INACTIVE": 14,
        "INVALID": 0,
        "MALICIOUS": 0,
        "SANE": 0,
        "VALID": 0,
        "total": 252258
    },
    "percentage": {
        "ACTIVE": 99.99445012645783,
        "INACTIVE": 0.006299212598425197,
        "INVALID": 0,
        "MALICIOUS": 0,
        "SANE": 0,
        "VALID": 0,
        "total": 100.00074933905626
    }
}