{
    "counter": {
        "ACTIVE": 16052,
        "INACTIVE": 306,
        "INVALID": 0,
        "MALICIOUS": 0,
        "SANE": 0,
        "VALID": 0,
        "total": 16358
    },
    "percentage": {
        "ACTIVE": 98.1353548939292,
        "INACTIVE": 1.8706443330480498,
        "INVALID": 0,
        "MALICIOUS": 0,
        "SANE": 0,
        "VALID": 0,
        "total": 100.00599922697725
    }
}