{
    "counter": {
        "ACTIVE": 11230,
        "INACTIVE": 4,
        "INVALID": 0,
        "MALICIOUS": 0,
        "SANE": 0,
        "VALID": 0,
        "total": 11234
    },
    "percentage": {
        "ACTIVE": 99.96439380452199,
        "INACTIVE": 0.037965072133637055,
        "INVALID": 0,
        "MALICIOUS": 0,
        "SANE": 0,
        "VALID": 0,
        "total": 100.00235887665562
    }
}