{
    "counter": {
        "ACTIVE": 16684,
        "INACTIVE": 1,
        "INVALID": 0,
        "MALICIOUS": 0,
        "SANE": 0,
        "VALID": 0,
        "total": 16685
    },
    "percentage": {
        "ACTIVE": 99.99400659274798,
        "INACTIVE": 0.03469812630117974,
        "INVALID": 0,
        "MALICIOUS": 0,
        "SANE": 0,
        "VALID": 0,
        "total": 100.02870471904916
    }
}