{
    "counter": {
        "ACTIVE": 9322,
        "INACTIVE": 3,
        "INVALID": 0,
        "MALICIOUS": 0,
        "SANE": 0,
        "VALID": 0,
        "total": 9325
    },
    "percentage": {
        "ACTIVE": 99.96782841823057,
        "INACTIVE": 0.035373187124159884,
        "INVALID": 0,
        "MALICIOUS": 0,
        "SANE": 0,
        "VALID": 0,
        "total": 100.00320160535473
    }
}