{
    "counter": {
        "ACTIVE": 10917,
        "INACTIVE": 6,
        "INVALID": 0,
        "MALICIOUS": 0,
        "SANE": 0,
        "VALID": 0,
        "total": 10923
    },
    "percentage": {
        "ACTIVE": 99.94507003570448,
        "INACTIVE": 0.12074864157778226,
        "INVALID": 0,
        "MALICIOUS": 0,
        "SANE": 0,
        "VALID": 0,
        "total": 100.06581867728225
    }
}