{
    "counter": {
        "ACTIVE": 266303,
        "INACTIVE": 14,
        "INVALID": 0,
        "MALICIOUS": 0,
        "SANE": 0,
        "VALID": 0,
        "total": 266317
    },
    "percentage": {
        "ACTIVE": 99.99474310689892,
        "INACTIVE": 0.006299212598425197,
        "INVALID": 0,
        "MALICIOUS": 0,
        "SANE": 0,
        "VALID": 0,
        "total": 100.00104231949734
    }
}