{
    "counter": {
        "ACTIVE": 16798,
        "INACTIVE": 28,
        "INVALID": 0,
        "MALICIOUS": 0,
        "SANE": 0,
        "VALID": 0,
        "total": 16826
    },
    "percentage": {
        "ACTIVE": 99.83359087127066,
        "INACTIVE": 0.19343696027633853,
        "INVALID": 0,
        "MALICIOUS": 0,
        "SANE": 0,
        "VALID": 0,
        "total": 100.027027831547
    }
}