{
    "counter": {
        "ACTIVE": 18888,
        "INACTIVE": 13,
        "INVALID": 0,
        "MALICIOUS": 0,
        "SANE": 0,
        "VALID": 0,
        "total": 18901
    },
    "percentage": {
        "ACTIVE": 99.93122057034019,
        "INACTIVE": 0.06877942965980637,
        "INVALID": 0.0,
        "MALICIOUS": 0.0,
        "SANE": 0.0,
        "VALID": 0.0,
        "total": 100.0
    }
}