{
    "counter": {
        "ACTIVE": 11956,
        "INACTIVE": 35,
        "INVALID": 0,
        "MALICIOUS": 0,
        "SANE": 0,
        "VALID": 0,
        "total": 11991
    },
    "percentage": {
        "ACTIVE": 99.70811441914769,
        "INACTIVE": 0.2982785069030169,
        "INVALID": 0,
        "MALICIOUS": 0,
        "SANE": 0,
        "VALID": 0,
        "total": 100.00639292605071
    }
}