{
    "counter": {
        "ACTIVE": 8518,
        "INACTIVE": 28,
        "INVALID": 0,
        "MALICIOUS": 0,
        "SANE": 0,
        "VALID": 0,
        "total": 8546
    },
    "percentage": {
        "ACTIVE": 99.67236133863796,
        "INACTIVE": 0.3336908592539626,
        "INVALID": 0,
        "MALICIOUS": 0,
        "SANE": 0,
        "VALID": 0,
        "total": 100.00605219789192
    }
}