{
    "counter": {
        "ACTIVE": 187629,
        "INACTIVE": 13,
        "INVALID": 0,
        "MALICIOUS": 0,
        "SANE": 0,
        "VALID": 0,
        "total": 187642
    },
    "percentage": {
        "ACTIVE": 99.99307191353748,
        "INACTIVE": 0.010932086514850819,
        "INVALID": 0,
        "MALICIOUS": 0,
        "SANE": 0,
        "VALID": 0,
        "total": 100.00400400005233
    }
}