{
    "counter": {
        "ACTIVE": 11303,
        "INACTIVE": 3,
        "INVALID": 0,
        "MALICIOUS": 0,
        "SANE": 0,
        "VALID": 0,
        "total": 11306
    },
    "percentage": {
        "ACTIVE": 99.97346541659296,
        "INACTIVE": 0.040328001075413365,
        "INVALID": 0,
        "MALICIOUS": 0,
        "SANE": 0,
        "VALID": 0,
        "total": 100.01379341766837
    }
}