{
    "counter": {
        "ACTIVE": 12175,
        "INACTIVE": 26,
        "INVALID": 0,
        "MALICIOUS": 0,
        "SANE": 0,
        "VALID": 0,
        "total": 12201
    },
    "percentage": {
        "ACTIVE": 99.78690271289238,
        "INACTIVE": 0.22302281694973408,
        "INVALID": 0,
        "MALICIOUS": 0,
        "SANE": 0,
        "VALID": 0,
        "total": 100.00992552984212
    }
}