{
    "counter": {
        "ACTIVE": 11904,
        "INACTIVE": 24,
        "INVALID": 0,
        "MALICIOUS": 0,
        "SANE": 0,
        "VALID": 0,
        "total": 11928
    },
    "percentage": {
        "ACTIVE": 99.79879275653923,
        "INACTIVE": 0.21407546160021407,
        "INVALID": 0,
        "MALICIOUS": 0,
        "SANE": 0,
        "VALID": 0,
        "total": 100.01286821813945
    }
}