{
    "counter": {
        "ACTIVE": 17048,
        "INACTIVE": 60,
        "INVALID": 0,
        "MALICIOUS": 0,
        "SANE": 0,
        "VALID": 0,
        "total": 17108
    },
    "percentage": {
        "ACTIVE": 99.64928688332944,
        "INACTIVE": 0.37007339789058163,
        "INVALID": 0,
        "MALICIOUS": 0,
        "SANE": 0,
        "VALID": 0,
        "total": 100.01936028122002
    }
}