{
    "counter": {
        "ACTIVE": 16725,
        "INACTIVE": 83,
        "INVALID": 0,
        "MALICIOUS": 0,
        "SANE": 0,
        "VALID": 0,
        "total": 16808
    },
    "percentage": {
        "ACTIVE": 99.50618752974773,
        "INACTIVE": 0.5134232339477917,
        "INVALID": 0,
        "MALICIOUS": 0,
        "SANE": 0,
        "VALID": 0,
        "total": 100.01961076369552
    }
}