{
    "counter": {
        "ACTIVE": 15151,
        "INACTIVE": 5,
        "INVALID": 0,
        "MALICIOUS": 0,
        "SANE": 0,
        "VALID": 0,
        "total": 15156
    },
    "percentage": {
        "ACTIVE": 99.96700976510952,
        "INACTIVE": 0.04746535029428517,
        "INVALID": 0,
        "MALICIOUS": 0,
        "SANE": 0,
        "VALID": 0,
        "total": 100.01447511540381
    }
}