{
    "counter": {
        "ACTIVE": 109107,
        "INACTIVE": 11,
        "INVALID": 0,
        "MALICIOUS": 0,
        "SANE": 0,
        "VALID": 0,
        "total": 109118
    },
    "percentage": {
        "ACTIVE": 99.98991917007277,
        "INACTIVE": 0.010842886573549272,
        "INVALID": 0,
        "MALICIOUS": 0,
        "SANE": 0,
        "VALID": 0,
        "total": 100.00076205664632
    }
}