{
    "counter": {
        "ACTIVE": 4931,
        "INACTIVE": 11,
        "INVALID": 0,
        "MALICIOUS": 0,
        "SANE": 0,
        "VALID": 0,
        "total": 4942
    },
    "percentage": {
        "ACTIVE": 99.77741804937273,
        "INACTIVE": 0.22262699858328275,
        "INVALID": 0,
        "MALICIOUS": 0,
        "SANE": 0,
        "VALID": 0,
        "total": 100.00004504795601
    }
}