{
    "counter": {
        "ACTIVE": 16578,
        "INACTIVE": 3,
        "INVALID": 0,
        "MALICIOUS": 0,
        "SANE": 0,
        "VALID": 0,
        "total": 16581
    },
    "percentage": {
        "ACTIVE": 99.98190700199022,
        "INACTIVE": 0.018685767673621925,
        "INVALID": 0,
        "MALICIOUS": 0,
        "SANE": 0,
        "VALID": 0,
        "total": 100.00059276966384
    }
}