{
    "counter": {
        "ACTIVE": 16711,
        "INACTIVE": 15,
        "INVALID": 0,
        "MALICIOUS": 0,
        "SANE": 0,
        "VALID": 0,
        "total": 16726
    },
    "percentage": {
        "ACTIVE": 99.91031926342222,
        "INACTIVE": 0.09531071292413268,
        "INVALID": 0,
        "MALICIOUS": 0,
        "SANE": 0,
        "VALID": 0,
        "total": 100.00562997634636
    }
}