{
    "counter": {
        "ACTIVE": 15747,
        "INACTIVE": 8,
        "INVALID": 0,
        "MALICIOUS": 0,
        "SANE": 0,
        "VALID": 0,
        "total": 15755
    },
    "percentage": {
        "ACTIVE": 99.94922246905745,
        "INACTIVE": 0.05185377236193933,
        "INVALID": 0,
        "MALICIOUS": 0,
        "SANE": 0,
        "VALID": 0,
        "total": 100.00107624141938
    }
}