{
    "counter": {
        "ACTIVE": 13831,
        "INACTIVE": 19,
        "INVALID": 0,
        "MALICIOUS": 0,
        "SANE": 0,
        "VALID": 0,
        "total": 13850
    },
    "percentage": {
        "ACTIVE": 99.86281588447653,
        "INACTIVE": 0.14923028589381088,
        "INVALID": 0,
        "MALICIOUS": 0,
        "SANE": 0,
        "VALID": 0,
        "total": 100.01204617037034
    }
}