{
    "counter": {
        "ACTIVE": 15622,
        "INACTIVE": 22,
        "INVALID": 0,
        "MALICIOUS": 0,
        "SANE": 0,
        "VALID": 0,
        "total": 15644
    },
    "percentage": {
        "ACTIVE": 99.85937100485809,
        "INACTIVE": 0.1770053906187143,
        "INVALID": 0,
        "MALICIOUS": 0,
        "SANE": 0,
        "VALID": 0,
        "total": 100.03637639547681
    }
}