{
    "counter": {
        "ACTIVE": 13379,
        "INACTIVE": 4,
        "INVALID": 0,
        "MALICIOUS": 0,
        "SANE": 0,
        "VALID": 0,
        "total": 13383
    },
    "percentage": {
        "ACTIVE": 99.9701113352761,
        "INACTIVE": 0.03021376236875897,
        "INVALID": 0,
        "MALICIOUS": 0,
        "SANE": 0,
        "VALID": 0,
        "total": 100.00032509764486
    }
}