{
    "counter": {
        "ACTIVE": 16288,
        "INACTIVE": 19,
        "INVALID": 0,
        "MALICIOUS": 0,
        "SANE": 0,
        "VALID": 0,
        "total": 16307
    },
    "percentage": {
        "ACTIVE": 99.88348561967253,
        "INACTIVE": 0.11662165479990179,
        "INVALID": 0,
        "MALICIOUS": 0,
        "SANE": 0,
        "VALID": 0,
        "total": 100.00010727447243
    }
}