{
    "counter": {
        "ACTIVE": 16877,
        "INACTIVE": 31,
        "INVALID": 0,
        "MALICIOUS": 0,
        "SANE": 0,
        "VALID": 0,
        "total": 16908
    },
    "percentage": {
        "ACTIVE": 99.81665483794653,
        "INACTIVE": 0.24073930263260077,
        "INVALID": 0,
        "MALICIOUS": 0,
        "SANE": 0,
        "VALID": 0,
        "total": 100.05739414057913
    }
}