{
    "counter": {
        "ACTIVE": 14357,
        "INACTIVE": 32,
        "INVALID": 1,
        "MALICIOUS": 0,
        "SANE": 0,
        "VALID": 0,
        "total": 14390
    },
    "percentage": {
        "ACTIVE": 99.77067407922168,
        "INACTIVE": 0.2302158273381295,
        "INVALID": 0.010577533319229955,
        "MALICIOUS": 0,
        "SANE": 0,
        "VALID": 0,
        "total": 100.01146743987904
    }
}