{
    "counter": {
        "ACTIVE": 122267,
        "INACTIVE": 13,
        "INVALID": 0,
        "MALICIOUS": 0,
        "SANE": 0,
        "VALID": 0,
        "total": 122280
    },
    "percentage": {
        "ACTIVE": 99.98936866208702,
        "INACTIVE": 0.010932086514850819,
        "INVALID": 0,
        "MALICIOUS": 0,
        "SANE": 0,
        "VALID": 0,
        "total": 100.00030074860187
    }
}