{
    "counter": {
        "ACTIVE": 14674,
        "INACTIVE": 1,
        "INVALID": 0,
        "MALICIOUS": 0,
        "SANE": 0,
        "VALID": 0,
        "total": 14675
    },
    "percentage": {
        "ACTIVE": 99.99318568994889,
        "INACTIVE": 0.007995522507395858,
        "INVALID": 0,
        "MALICIOUS": 0,
        "SANE": 0,
        "VALID": 0,
        "total": 100.00118121245629
    }
}