{
    "counter": {
        "ACTIVE": 16639,
        "INACTIVE": 7,
        "INVALID": 0,
        "MALICIOUS": 0,
        "SANE": 0,
        "VALID": 0,
        "total": 16646
    },
    "percentage": {
        "ACTIVE": 99.95794785534062,
        "INACTIVE": 0.05964045326744483,
        "INVALID": 0,
        "MALICIOUS": 0,
        "SANE": 0,
        "VALID": 0,
        "total": 100.01758830860807
    }
}