{
    "counter": {
        "ACTIVE": 50325,
        "INACTIVE": 36,
        "INVALID": 1,
        "MALICIOUS": 0,
        "SANE": 0,
        "VALID": 0,
        "total": 50362
    },
    "percentage": {
        "ACTIVE": 99.92653190897899,
        "INACTIVE": 0.1837953744830755,
        "INVALID": 0.010577533319229955,
        "MALICIOUS": 0,
        "SANE": 0,
        "VALID": 0,
        "total": 100.12090481678129
    }
}