{
    "counter": {
        "ACTIVE": 16706,
        "INACTIVE": 35,
        "INVALID": 0,
        "MALICIOUS": 0,
        "SANE": 0,
        "VALID": 0,
        "total": 16741
    },
    "percentage": {
        "ACTIVE": 99.79093244131175,
        "INACTIVE": 0.2345687286374908,
        "INVALID": 0,
        "MALICIOUS": 0,
        "SANE": 0,
        "VALID": 0,
        "total": 100.02550116994924
    }
}