{
    "counter": {
        "ACTIVE": 10111,
        "INACTIVE": 12,
        "INVALID": 0,
        "MALICIOUS": 0,
        "SANE": 0,
        "VALID": 0,
        "total": 10123
    },
    "percentage": {
        "ACTIVE": 99.88145806579077,
        "INACTIVE": 0.1356391997287216,
        "INVALID": 0,
        "MALICIOUS": 0,
        "SANE": 0,
        "VALID": 0,
        "total": 100.01709726551948
    }
}