{
    "counter": {
        "ACTIVE": 15953,
        "INACTIVE": 8,
        "INVALID": 0,
        "MALICIOUS": 0,
        "SANE": 0,
        "VALID": 0,
        "total": 15961
    },
    "percentage": {
        "ACTIVE": 99.9498778272038,
        "INACTIVE": 0.06234413965087282,
        "INVALID": 0,
        "MALICIOUS": 0,
        "SANE": 0,
        "VALID": 0,
        "total": 100.01222196685468
    }
}