{
    "counter": {
        "ACTIVE": 14744,
        "INACTIVE": 7,
        "INVALID": 0,
        "MALICIOUS": 0,
        "SANE": 0,
        "VALID": 0,
        "total": 14751
    },
    "percentage": {
        "ACTIVE": 99.95254559012949,
        "INACTIVE": 0.06070592316364582,
        "INVALID": 0,
        "MALICIOUS": 0,
        "SANE": 0,
        "VALID": 0,
        "total": 100.01325151329314
    }
}