{
    "counter": {
        "ACTIVE": 16239,
        "INACTIVE": 51,
        "INVALID": 0,
        "MALICIOUS": 0,
        "SANE": 0,
        "VALID": 0,
        "total": 16290
    },
    "percentage": {
        "ACTIVE": 99.68692449355433,
        "INACTIVE": 0.3137110167927662,
        "INVALID": 0,
        "MALICIOUS": 0,
        "SANE": 0,
        "VALID": 0,
        "total": 100.0006355103471
    }
}