{
    "counter": {
        "ACTIVE": 13913,
        "INACTIVE": 2,
        "INVALID": 0,
        "MALICIOUS": 0,
        "SANE": 0,
        "VALID": 0,
        "total": 13915
    },
    "percentage": {
        "ACTIVE": 99.98562702120014,
        "INACTIVE": 0.016488046166529265,
        "INVALID": 0,
        "MALICIOUS": 0,
        "SANE": 0,
        "VALID": 0,
        "total": 100.00211506736667
    }
}