{
    "counter": {
        "ACTIVE": 7511,
        "INACTIVE": 16,
        "INVALID": 0,
        "MALICIOUS": 0,
        "SANE": 0,
        "VALID": 0,
        "total": 7527
    },
    "percentage": {
        "ACTIVE": 99.78743191178424,
        "INACTIVE": 0.23005032350826743,
        "INVALID": 0,
        "MALICIOUS": 0,
        "SANE": 0,
        "VALID": 0,
        "total": 100.0174822352925
    }
}