{
    "counter": {
        "ACTIVE": 16172,
        "INACTIVE": 42,
        "INVALID": 0,
        "MALICIOUS": 0,
        "SANE": 0,
        "VALID": 0,
        "total": 16214
    },
    "percentage": {
        "ACTIVE": 99.74096459849513,
        "INACTIVE": 0.2821063944116067,
        "INVALID": 0,
        "MALICIOUS": 0,
        "SANE": 0,
        "VALID": 0,
        "total": 100.02307099290674
    }
}