{
    "counter": {
        "ACTIVE": 14238,
        "INACTIVE": 1,
        "INVALID": 0,
        "MALICIOUS": 0,
        "SANE": 0,
        "VALID": 0,
        "total": 14239
    },
    "percentage": {
        "ACTIVE": 99.99297703490414,
        "INACTIVE": 0.03469812630117974,
        "INVALID": 0,
        "MALICIOUS": 0,
        "SANE": 0,
        "VALID": 0,
        "total": 100.02767516120532
    }
}