{
    "counter": {
        "ACTIVE": 15460,
        "INACTIVE": 4,
        "INVALID": 0,
        "MALICIOUS": 0,
        "SANE": 0,
        "VALID": 0,
        "total": 15464
    },
    "percentage": {
        "ACTIVE": 99.97413347128816,
        "INACTIVE": 0.03755868544600939,
        "INVALID": 0,
        "MALICIOUS": 0,
        "SANE": 0,
        "VALID": 0,
        "total": 100.01169215673417
    }
}