{
    "counter": {
        "ACTIVE": 7274,
        "INACTIVE": 18,
        "INVALID": 0,
        "MALICIOUS": 0,
        "SANE": 0,
        "VALID": 0,
        "total": 7292
    },
    "percentage": {
        "ACTIVE": 99.75315414152496,
        "INACTIVE": 0.276327909118821,
        "INVALID": 0,
        "MALICIOUS": 0,
        "SANE": 0,
        "VALID": 0,
        "total": 100.02948205064378
    }
}