{
    "counter": {
        "ACTIVE": 9556,
        "INACTIVE": 28,
        "INVALID": 0,
        "MALICIOUS": 0,
        "SANE": 0,
        "VALID": 0,
        "total": 9584
    },
    "percentage": {
        "ACTIVE": 99.70784641068447,
        "INACTIVE": 0.36330608537693004,
        "INVALID": 0,
        "MALICIOUS": 0,
        "SANE": 0,
        "VALID": 0,
        "total": 100.0711524960614
    }
}