{
    "counter": {
        "ACTIVE": 15266,
        "INACTIVE": 10,
        "INVALID": 0,
        "MALICIOUS": 0,
        "SANE": 0,
        "VALID": 0,
        "total": 15276
    },
    "percentage": {
        "ACTIVE": 99.93453783713014,
        "INACTIVE": 0.06809669731018046,
        "INVALID": 0,
        "MALICIOUS": 0,
        "SANE": 0,
        "VALID": 0,
        "total": 100.00263453444032
    }
}