{
    "counter": {
        "ACTIVE": 42801,
        "INACTIVE": 36,
        "INVALID": 1,
        "MALICIOUS": 0,
        "SANE": 0,
        "VALID": 0,
        "total": 42838
    },
    "percentage": {
        "ACTIVE": 99.91362808721229,
        "INACTIVE": 0.1837953744830755,
        "INVALID": 0.010577533319229955,
        "MALICIOUS": 0,
        "SANE": 0,
        "VALID": 0,
        "total": 100.10800099501459
    }
}