{
    "counter": {
        "ACTIVE": 14993,
        "INACTIVE": 7,
        "INVALID": 0,
        "MALICIOUS": 0,
        "SANE": 0,
        "VALID": 0,
        "total": 15000
    },
    "percentage": {
        "ACTIVE": 99.95333333333333,
        "INACTIVE": 0.06070592316364582,
        "INVALID": 0,
        "MALICIOUS": 0,
        "SANE": 0,
        "VALID": 0,
        "total": 100.01403925649699
    }
}