{
    "counter": {
        "ACTIVE": 16696,
        "INACTIVE": 3,
        "INVALID": 0,
        "MALICIOUS": 0,
        "SANE": 0,
        "VALID": 0,
        "total": 16699
    },
    "percentage": {
        "ACTIVE": 99.98203485238638,
        "INACTIVE": 0.019214756933324792,
        "INVALID": 0,
        "MALICIOUS": 0,
        "SANE": 0,
        "VALID": 0,
        "total": 100.0012496093197
    }
}