{
    "counter": {
        "ACTIVE": 12616,
        "INACTIVE": 4,
        "INVALID": 0,
        "MALICIOUS": 0,
        "SANE": 0,
        "VALID": 0,
        "total": 12620
    },
    "percentage": {
        "ACTIVE": 99.96830427892235,
        "INACTIVE": 0.4048582995951417,
        "INVALID": 0,
        "MALICIOUS": 0,
        "SANE": 0,
        "VALID": 0,
        "total": 100.3731625785175
    }
}