{
    "counter": {
        "ACTIVE": 12680,
        "INACTIVE": 4,
        "INVALID": 0,
        "MALICIOUS": 0,
        "SANE": 0,
        "VALID": 0,
        "total": 12684
    },
    "percentage": {
        "ACTIVE": 99.9684642068748,
        "INACTIVE": 0.040724903278354714,
        "INVALID": 0,
        "MALICIOUS": 0,
        "SANE": 0,
        "VALID": 0,
        "total": 100.00918911015316
    }
}