{
    "counter": {
        "ACTIVE": 10317,
        "INACTIVE": 3,
        "INVALID": 0,
        "MALICIOUS": 0,
        "SANE": 0,
        "VALID": 0,
        "total": 10320
    },
    "percentage": {
        "ACTIVE": 99.97093023255815,
        "INACTIVE": 0.04013914905004014,
        "INVALID": 0,
        "MALICIOUS": 0,
        "SANE": 0,
        "VALID": 0,
        "total": 100.01106938160818
    }
}