{
    "counter": {
        "ACTIVE": 16894,
        "INACTIVE": 1,
        "INVALID": 0,
        "MALICIOUS": 0,
        "SANE": 0,
        "VALID": 0,
        "total": 16895
    },
    "percentage": {
        "ACTIVE": 99.99408108907961,
        "INACTIVE": 0.03469812630117974,
        "INVALID": 0,
        "MALICIOUS": 0,
        "SANE": 0,
        "VALID": 0,
        "total": 100.0287792153808
    }
}