{
    "counter": {
        "ACTIVE": 5411,
        "INACTIVE": 19,
        "INVALID": 0,
        "MALICIOUS": 0,
        "SANE": 0,
        "VALID": 0,
        "total": 5430
    },
    "percentage": {
        "ACTIVE": 99.6500920810313,
        "INACTIVE": 0.36018957345971564,
        "INVALID": 0,
        "MALICIOUS": 0,
        "SANE": 0,
        "VALID": 0,
        "total": 100.01028165449102
    }
}