{
    "counter": {
        "ACTIVE": 14704,
        "INACTIVE": 4,
        "INVALID": 0,
        "MALICIOUS": 0,
        "SANE": 0,
        "VALID": 0,
        "total": 14708
    },
    "percentage": {
        "ACTIVE": 99.97280391623606,
        "INACTIVE": 0.02841312686461145,
        "INVALID": 0,
        "MALICIOUS": 0,
        "SANE": 0,
        "VALID": 0,
        "total": 100.00121704310067
    }
}