{
    "counter": {
        "ACTIVE": 13220,
        "INACTIVE": 29,
        "INVALID": 0,
        "MALICIOUS": 0,
        "SANE": 0,
        "VALID": 0,
        "total": 13249
    },
    "percentage": {
        "ACTIVE": 99.781115555891,
        "INACTIVE": 0.22174644441046032,
        "INVALID": 0,
        "MALICIOUS": 0,
        "SANE": 0,
        "VALID": 0,
        "total": 100.00286200030146
    }
}