{
    "counter": {
        "ACTIVE": 15330,
        "INACTIVE": 3,
        "INVALID": 0,
        "MALICIOUS": 0,
        "SANE": 0,
        "VALID": 0,
        "total": 15333
    },
    "percentage": {
        "ACTIVE": 99.98043435726863,
        "INACTIVE": 0.028232636928289104,
        "INVALID": 0,
        "MALICIOUS": 0,
        "SANE": 0,
        "VALID": 0,
        "total": 100.00866699419693
    }
}