{
    "counter": {
        "ACTIVE": 4110,
        "INACTIVE": 112,
        "INVALID": 0,
        "MALICIOUS": 0,
        "SANE": 0,
        "VALID": 0,
        "total": 4222
    },
    "percentage": {
        "ACTIVE": 97.50889679715303,
        "INACTIVE": 2.652771198484131,
        "INVALID": 0,
        "MALICIOUS": 0,
        "SANE": 0,
        "VALID": 0,
        "total": 100.16166799563716
    }
}