{
    "counter": {
        "ACTIVE": 16719,
        "INACTIVE": 55,
        "INVALID": 0,
        "MALICIOUS": 0,
        "SANE": 0,
        "VALID": 0,
        "total": 16774
    },
    "percentage": {
        "ACTIVE": 99.67211160128771,
        "INACTIVE": 0.344546764392658,
        "INVALID": 0,
        "MALICIOUS": 0,
        "SANE": 0,
        "VALID": 0,
        "total": 100.01665836568037
    }
}