{
    "counter": {
        "ACTIVE": 14664,
        "INACTIVE": 33,
        "INVALID": 0,
        "MALICIOUS": 0,
        "SANE": 0,
        "VALID": 0,
        "total": 14697
    },
    "percentage": {
        "ACTIVE": 99.77546438048581,
        "INACTIVE": 0.22517911975435004,
        "INVALID": 0,
        "MALICIOUS": 0,
        "SANE": 0,
        "VALID": 0,
        "total": 100.00064350024016
    }
}