{
    "counter": {
        "ACTIVE": 17102,
        "INACTIVE": 60,
        "INVALID": 0,
        "MALICIOUS": 0,
        "SANE": 0,
        "VALID": 0,
        "total": 17162
    },
    "percentage": {
        "ACTIVE": 99.65039039738959,
        "INACTIVE": 0.37007339789058163,
        "INVALID": 0,
        "MALICIOUS": 0,
        "SANE": 0,
        "VALID": 0,
        "total": 100.02046379528016
    }
}