{
    "counter": {
        "ACTIVE": 264883,
        "INACTIVE": 14,
        "INVALID": 0,
        "MALICIOUS": 0,
        "SANE": 0,
        "VALID": 0,
        "total": 264897
    },
    "percentage": {
        "ACTIVE": 99.99471492693387,
        "INACTIVE": 0.006299212598425197,
        "INVALID": 0,
        "MALICIOUS": 0,
        "SANE": 0,
        "VALID": 0,
        "total": 100.00101413953229
    }
}