{
    "counter": {
        "ACTIVE": 15983,
        "INACTIVE": 9,
        "INVALID": 0,
        "MALICIOUS": 0,
        "SANE": 0,
        "VALID": 0,
        "total": 15992
    },
    "percentage": {
        "ACTIVE": 99.94372186093047,
        "INACTIVE": 0.11335012594458438,
        "INVALID": 0,
        "MALICIOUS": 0,
        "SANE": 0,
        "VALID": 0,
        "total": 100.05707198687504
    }
}