{
    "counter": {
        "ACTIVE": 236780,
        "INACTIVE": 36,
        "INVALID": 1,
        "MALICIOUS": 0,
        "SANE": 0,
        "VALID": 0,
        "total": 236817
    },
    "percentage": {
        "ACTIVE": 99.98437612164668,
        "INACTIVE": 0.1837953744830755,
        "INVALID": 0.010577533319229955,
        "MALICIOUS": 0,
        "SANE": 0,
        "VALID": 0,
        "total": 100.17874902944898
    }
}