{
    "counter": {
        "ACTIVE": 2278,
        "INACTIVE": 1,
        "INVALID": 0,
        "MALICIOUS": 0,
        "SANE": 0,
        "VALID": 0,
        "total": 2279
    },
    "percentage": {
        "ACTIVE": 99.95612110574814,
        "INACTIVE": 0.37735849056603776,
        "INVALID": 0,
        "MALICIOUS": 0,
        "SANE": 0,
        "VALID": 0,
        "total": 100.33347959631418
    }
}