{
    "counter": {
        "ACTIVE": 15899,
        "INACTIVE": 42,
        "INVALID": 0,
        "MALICIOUS": 0,
        "SANE": 0,
        "VALID": 0,
        "total": 15941
    },
    "percentage": {
        "ACTIVE": 99.73652844865441,
        "INACTIVE": 0.3643935450286309,
        "INVALID": 0,
        "MALICIOUS": 0,
        "SANE": 0,
        "VALID": 0,
        "total": 100.10092199368304
    }
}