{
    "counter": {
        "ACTIVE": 3718,
        "INACTIVE": 16,
        "INVALID": 0,
        "MALICIOUS": 0,
        "SANE": 0,
        "VALID": 0,
        "total": 3734
    },
    "percentage": {
        "ACTIVE": 99.57150508837708,
        "INACTIVE": 0.4621606008087811,
        "INVALID": 0,
        "MALICIOUS": 0,
        "SANE": 0,
        "VALID": 0,
        "total": 100.03366568918587
    }
}