{
    "counter": {
        "ACTIVE": 12066,
        "INACTIVE": 13,
        "INVALID": 0,
        "MALICIOUS": 0,
        "SANE": 0,
        "VALID": 0,
        "total": 12079
    },
    "percentage": {
        "ACTIVE": 99.89237519662224,
        "INACTIVE": 0.11139674378748929,
        "INVALID": 0,
        "MALICIOUS": 0,
        "SANE": 0,
        "VALID": 0,
        "total": 100.00377194040973
    }
}