{
    "counter": {
        "ACTIVE": 4850,
        "INACTIVE": 211,
        "INVALID": 0,
        "MALICIOUS": 0,
        "SANE": 0,
        "VALID": 0,
        "total": 5061
    },
    "percentage": {
        "ACTIVE": 95.83086346571824,
        "INACTIVE": 4.184847282824276,
        "INVALID": 0,
        "MALICIOUS": 0,
        "SANE": 0,
        "VALID": 0,
        "total": 100.01571074854252
    }
}