{
    "counter": {
        "ACTIVE": 11234,
        "INACTIVE": 28,
        "INVALID": 0,
        "MALICIOUS": 0,
        "SANE": 0,
        "VALID": 0,
        "total": 11262
    },
    "percentage": {
        "ACTIVE": 99.75137630971409,
        "INACTIVE": 0.26007802340702213,
        "INVALID": 0,
        "MALICIOUS": 0,
        "SANE": 0,
        "VALID": 0,
        "total": 100.01145433312111
    }
}