{
    "counter": {
        "ACTIVE": 13710,
        "INACTIVE": 5,
        "INVALID": 0,
        "MALICIOUS": 0,
        "SANE": 0,
        "VALID": 0,
        "total": 13715
    },
    "percentage": {
        "ACTIVE": 99.9635435654393,
        "INACTIVE": 0.04746535029428517,
        "INVALID": 0,
        "MALICIOUS": 0,
        "SANE": 0,
        "VALID": 0,
        "total": 100.01100891573358
    }
}