{
    "counter": {
        "ACTIVE": 12275,
        "INACTIVE": 2,
        "INVALID": 0,
        "MALICIOUS": 0,
        "SANE": 0,
        "VALID": 0,
        "total": 12277
    },
    "percentage": {
        "ACTIVE": 99.98370937525453,
        "INACTIVE": 0.01646090534979424,
        "INVALID": 0,
        "MALICIOUS": 0,
        "SANE": 0,
        "VALID": 0,
        "total": 100.00017028060432
    }
}