{
    "counter": {
        "ACTIVE": 15507,
        "INACTIVE": 6,
        "INVALID": 0,
        "MALICIOUS": 0,
        "SANE": 0,
        "VALID": 0,
        "total": 15513
    },
    "percentage": {
        "ACTIVE": 99.96132276155483,
        "INACTIVE": 0.04785452225235285,
        "INVALID": 0,
        "MALICIOUS": 0,
        "SANE": 0,
        "VALID": 0,
        "total": 100.00917728380718
    }
}