{
    "counter": {
        "ACTIVE": 15093,
        "INACTIVE": 37,
        "INVALID": 0,
        "MALICIOUS": 0,
        "SANE": 0,
        "VALID": 0,
        "total": 15130
    },
    "percentage": {
        "ACTIVE": 99.75545274289492,
        "INACTIVE": 0.2457492029755579,
        "INVALID": 0,
        "MALICIOUS": 0,
        "SANE": 0,
        "VALID": 0,
        "total": 100.00120194587048
    }
}