{
    "counter": {
        "ACTIVE": 15784,
        "INACTIVE": 4,
        "INVALID": 0,
        "MALICIOUS": 0,
        "SANE": 0,
        "VALID": 0,
        "total": 15788
    },
    "percentage": {
        "ACTIVE": 99.97466430200151,
        "INACTIVE": 0.038895371450797356,
        "INVALID": 0,
        "MALICIOUS": 0,
        "SANE": 0,
        "VALID": 0,
        "total": 100.0135596734523
    }
}