{
    "counter": {
        "ACTIVE": 15775,
        "INACTIVE": 38,
        "INVALID": 0,
        "MALICIOUS": 0,
        "SANE": 0,
        "VALID": 0,
        "total": 15813
    },
    "percentage": {
        "ACTIVE": 99.75969139315752,
        "INACTIVE": 0.25423161838496017,
        "INVALID": 0,
        "MALICIOUS": 0,
        "SANE": 0,
        "VALID": 0,
        "total": 100.01392301154249
    }
}