{
    "counter": {
        "ACTIVE": 18884,
        "INACTIVE": 2,
        "INVALID": 0,
        "MALICIOUS": 0,
        "SANE": 0,
        "VALID": 0,
        "total": 18886
    },
    "percentage": {
        "ACTIVE": 99.98941014508101,
        "INACTIVE": 0.01058985491898761,
        "INVALID": 0.0,
        "MALICIOUS": 0.0,
        "SANE": 0.0,
        "VALID": 0.0,
        "total": 100.0
    }
}