{
    "counter": {
        "ACTIVE": 13800,
        "INACTIVE": 1,
        "INVALID": 0,
        "MALICIOUS": 0,
        "SANE": 0,
        "VALID": 0,
        "total": 13801
    },
    "percentage": {
        "ACTIVE": 99.99275414825013,
        "INACTIVE": 0.012080212611741966,
        "INVALID": 0,
        "MALICIOUS": 0,
        "SANE": 0,
        "VALID": 0,
        "total": 100.00483436086186
    }
}