{
    "counter": {
        "ACTIVE": 14111,
        "INACTIVE": 533,
        "INVALID": 0,
        "MALICIOUS": 0,
        "SANE": 0,
        "VALID": 0,
        "total": 14644
    },
    "percentage": {
        "ACTIVE": 96.36028407538923,
        "INACTIVE": 3.7559016277922628,
        "INVALID": 0,
        "MALICIOUS": 0,
        "SANE": 0,
        "VALID": 0,
        "total": 100.1161857031815
    }
}