{
    "counter": {
        "ACTIVE": 15414,
        "INACTIVE": 87,
        "INVALID": 0,
        "MALICIOUS": 0,
        "SANE": 0,
        "VALID": 0,
        "total": 15501
    },
    "percentage": {
        "ACTIVE": 99.4387458873621,
        "INACTIVE": 0.7178217821782178,
        "INVALID": 0,
        "MALICIOUS": 0,
        "SANE": 0,
        "VALID": 0,
        "total": 100.15656766954032
    }
}