{
    "counter": {
        "ACTIVE": 17271,
        "INACTIVE": 11,
        "INVALID": 0,
        "MALICIOUS": 0,
        "SANE": 0,
        "VALID": 0,
        "total": 17282
    },
    "percentage": {
        "ACTIVE": 99.93634995949543,
        "INACTIVE": 0.06365004050457124,
        "INVALID": 0.0,
        "MALICIOUS": 0.0,
        "SANE": 0.0,
        "VALID": 0.0,
        "total": 100.0
    }
}