{
    "counter": {
        "ACTIVE": 8966,
        "INACTIVE": 6,
        "INVALID": 0,
        "MALICIOUS": 0,
        "SANE": 0,
        "VALID": 0,
        "total": 8972
    },
    "percentage": {
        "ACTIVE": 99.93312527864467,
        "INACTIVE": 0.08389261744966443,
        "INVALID": 0,
        "MALICIOUS": 0,
        "SANE": 0,
        "VALID": 0,
        "total": 100.01701789609433
    }
}