{
    "counter": {
        "ACTIVE": 14544,
        "INACTIVE": 1,
        "INVALID": 0,
        "MALICIOUS": 0,
        "SANE": 0,
        "VALID": 0,
        "total": 14545
    },
    "percentage": {
        "ACTIVE": 99.99312478514953,
        "INACTIVE": 0.03469812630117974,
        "INVALID": 0,
        "MALICIOUS": 0,
        "SANE": 0,
        "VALID": 0,
        "total": 100.02782291145071
    }
}