{
    "counter": {
        "ACTIVE": 15161,
        "INACTIVE": 5,
        "INVALID": 0,
        "MALICIOUS": 0,
        "SANE": 0,
        "VALID": 0,
        "total": 15166
    },
    "percentage": {
        "ACTIVE": 99.96703151786892,
        "INACTIVE": 0.03375869286341233,
        "INVALID": 0,
        "MALICIOUS": 0,
        "SANE": 0,
        "VALID": 0,
        "total": 100.00079021073233
    }
}