{
    "counter": {
        "ACTIVE": 15287,
        "INACTIVE": 15,
        "INVALID": 0,
        "MALICIOUS": 0,
        "SANE": 0,
        "VALID": 0,
        "total": 15302
    },
    "percentage": {
        "ACTIVE": 99.90197359822245,
        "INACTIVE": 0.11337868480725624,
        "INVALID": 0,
        "MALICIOUS": 0,
        "SANE": 0,
        "VALID": 0,
        "total": 100.01535228302971
    }
}