{
    "counter": {
        "ACTIVE": 6898,
        "INACTIVE": 27,
        "INVALID": 0,
        "MALICIOUS": 0,
        "SANE": 0,
        "VALID": 0,
        "total": 6925
    },
    "percentage": {
        "ACTIVE": 99.61010830324909,
        "INACTIVE": 0.4077318030806403,
        "INVALID": 0,
        "MALICIOUS": 0,
        "SANE": 0,
        "VALID": 0,
        "total": 100.01784010632973
    }
}