{
    "counter": {
        "ACTIVE": 181358,
        "INACTIVE": 13,
        "INVALID": 0,
        "MALICIOUS": 0,
        "SANE": 0,
        "VALID": 0,
        "total": 181371
    },
    "percentage": {
        "ACTIVE": 99.992832371217,
        "INACTIVE": 0.010932086514850819,
        "INVALID": 0,
        "MALICIOUS": 0,
        "SANE": 0,
        "VALID": 0,
        "total": 100.00376445773186
    }
}