{
    "counter": {
        "ACTIVE": 14736,
        "INACTIVE": 59,
        "INVALID": 0,
        "MALICIOUS": 0,
        "SANE": 0,
        "VALID": 0,
        "total": 14795
    },
    "percentage": {
        "ACTIVE": 99.60121662723893,
        "INACTIVE": 0.4332501101483331,
        "INVALID": 0,
        "MALICIOUS": 0,
        "SANE": 0,
        "VALID": 0,
        "total": 100.03446673738726
    }
}