{
    "counter": {
        "ACTIVE": 224829,
        "INACTIVE": 14,
        "INVALID": 0,
        "MALICIOUS": 0,
        "SANE": 0,
        "VALID": 0,
        "total": 224843
    },
    "percentage": {
        "ACTIVE": 99.99377343301771,
        "INACTIVE": 0.006299212598425197,
        "INVALID": 0,
        "MALICIOUS": 0,
        "SANE": 0,
        "VALID": 0,
        "total": 100.00007264561613
    }
}