{
    "counter": {
        "ACTIVE": 13551,
        "INACTIVE": 2,
        "INVALID": 0,
        "MALICIOUS": 0,
        "SANE": 0,
        "VALID": 0,
        "total": 13553
    },
    "percentage": {
        "ACTIVE": 99.98524311960452,
        "INACTIVE": 0.016488046166529265,
        "INVALID": 0,
        "MALICIOUS": 0,
        "SANE": 0,
        "VALID": 0,
        "total": 100.00173116577105
    }
}