{
    "counter": {
        "ACTIVE": 15812,
        "INACTIVE": 5,
        "INVALID": 0,
        "MALICIOUS": 0,
        "SANE": 0,
        "VALID": 0,
        "total": 15817
    },
    "percentage": {
        "ACTIVE": 99.9683884428147,
        "INACTIVE": 0.04221903233977877,
        "INVALID": 0,
        "MALICIOUS": 0,
        "SANE": 0,
        "VALID": 0,
        "total": 100.01060747515447
    }
}