{
    "counter": {
        "ACTIVE": 4640,
        "INACTIVE": 20,
        "INVALID": 0,
        "MALICIOUS": 0,
        "SANE": 0,
        "VALID": 0,
        "total": 4660
    },
    "percentage": {
        "ACTIVE": 99.57081545064378,
        "INACTIVE": 0.44424700133274103,
        "INVALID": 0,
        "MALICIOUS": 0,
        "SANE": 0,
        "VALID": 0,
        "total": 100.01506245197652
    }
}