{
    "counter": {
        "ACTIVE": 9420,
        "INACTIVE": 20,
        "INVALID": 0,
        "MALICIOUS": 0,
        "SANE": 0,
        "VALID": 0,
        "total": 9440
    },
    "percentage": {
        "ACTIVE": 99.78813559322033,
        "INACTIVE": 0.2187705097352877,
        "INVALID": 0,
        "MALICIOUS": 0,
        "SANE": 0,
        "VALID": 0,
        "total": 100.00690610295563
    }
}