{
    "counter": {
        "ACTIVE": 12487,
        "INACTIVE": 254,
        "INVALID": 0,
        "MALICIOUS": 0,
        "SANE": 0,
        "VALID": 0,
        "total": 12741
    },
    "percentage": {
        "ACTIVE": 98.00643591554822,
        "INACTIVE": 2.003312564082341,
        "INVALID": 0,
        "MALICIOUS": 0,
        "SANE": 0,
        "VALID": 0,
        "total": 100.00974847963056
    }
}