{
    "counter": {
        "ACTIVE": 7488,
        "INACTIVE": 5,
        "INVALID": 0,
        "MALICIOUS": 0,
        "SANE": 0,
        "VALID": 0,
        "total": 7493
    },
    "percentage": {
        "ACTIVE": 99.93327105298279,
        "INACTIVE": 0.10070493454179255,
        "INVALID": 0,
        "MALICIOUS": 0,
        "SANE": 0,
        "VALID": 0,
        "total": 100.03397598752458
    }
}