{
    "counter": {
        "ACTIVE": 7448,
        "INACTIVE": 15,
        "INVALID": 0,
        "MALICIOUS": 0,
        "SANE": 0,
        "VALID": 0,
        "total": 7463
    },
    "percentage": {
        "ACTIVE": 99.79900844164546,
        "INACTIVE": 0.27958993476234856,
        "INVALID": 0,
        "MALICIOUS": 0,
        "SANE": 0,
        "VALID": 0,
        "total": 100.0785983764078
    }
}