{
    "counter": {
        "ACTIVE": 3112,
        "INACTIVE": 5,
        "INVALID": 0,
        "MALICIOUS": 0,
        "SANE": 0,
        "VALID": 0,
        "total": 3117
    },
    "percentage": {
        "ACTIVE": 99.83958934873276,
        "INACTIVE": 0.16550810989738496,
        "INVALID": 0,
        "MALICIOUS": 0,
        "SANE": 0,
        "VALID": 0,
        "total": 100.00509745863015
    }
}