{
    "counter": {
        "ACTIVE": 7443,
        "INACTIVE": 2,
        "INVALID": 0,
        "MALICIOUS": 0,
        "SANE": 0,
        "VALID": 0,
        "total": 7445
    },
    "percentage": {
        "ACTIVE": 99.97313633310947,
        "INACTIVE": 0.03129890453834116,
        "INVALID": 0,
        "MALICIOUS": 0,
        "SANE": 0,
        "VALID": 0,
        "total": 100.00443523764781
    }
}