{
    "counter": {
        "ACTIVE": 16242,
        "INACTIVE": 42,
        "INVALID": 0,
        "MALICIOUS": 0,
        "SANE": 0,
        "VALID": 0,
        "total": 16284
    },
    "percentage": {
        "ACTIVE": 99.74207811348563,
        "INACTIVE": 0.2821063944116067,
        "INVALID": 0,
        "MALICIOUS": 0,
        "SANE": 0,
        "VALID": 0,
        "total": 100.02418450789725
    }
}