{
    "counter": {
        "ACTIVE": 15961,
        "INACTIVE": 7,
        "INVALID": 0,
        "MALICIOUS": 0,
        "SANE": 0,
        "VALID": 0,
        "total": 15968
    },
    "percentage": {
        "ACTIVE": 99.9561623246493,
        "INACTIVE": 0.06498932318262,
        "INVALID": 0,
        "MALICIOUS": 0,
        "SANE": 0,
        "VALID": 0,
        "total": 100.02115164783191
    }
}