{
    "counter": {
        "ACTIVE": 15167,
        "INACTIVE": 3,
        "INVALID": 0,
        "MALICIOUS": 0,
        "SANE": 0,
        "VALID": 0,
        "total": 15170
    },
    "percentage": {
        "ACTIVE": 99.98022412656559,
        "INACTIVE": 0.023921537357467507,
        "INVALID": 0,
        "MALICIOUS": 0,
        "SANE": 0,
        "VALID": 0,
        "total": 100.00414566392305
    }
}