{
    "counter": {
        "ACTIVE": 215888,
        "INACTIVE": 13,
        "INVALID": 0,
        "MALICIOUS": 0,
        "SANE": 0,
        "VALID": 0,
        "total": 215901
    },
    "percentage": {
        "ACTIVE": 99.99397872172894,
        "INACTIVE": 0.010932086514850819,
        "INVALID": 0,
        "MALICIOUS": 0,
        "SANE": 0,
        "VALID": 0,
        "total": 100.00491080824379
    }
}