{
    "counter": {
        "ACTIVE": 16727,
        "INACTIVE": 41,
        "INVALID": 0,
        "MALICIOUS": 0,
        "SANE": 0,
        "VALID": 0,
        "total": 16768
    },
    "percentage": {
        "ACTIVE": 99.75548664122137,
        "INACTIVE": 0.27828683906875723,
        "INVALID": 0,
        "MALICIOUS": 0,
        "SANE": 0,
        "VALID": 0,
        "total": 100.03377348029012
    }
}