{
    "counter": {
        "ACTIVE": 18879,
        "INACTIVE": 13,
        "INVALID": 0,
        "MALICIOUS": 0,
        "SANE": 0,
        "VALID": 0,
        "total": 18892
    },
    "percentage": {
        "ACTIVE": 99.93118780436163,
        "INACTIVE": 0.06881219563836545,
        "INVALID": 0.0,
        "MALICIOUS": 0.0,
        "SANE": 0.0,
        "VALID": 0.0,
        "total": 100.0
    }
}