{
    "counter": {
        "ACTIVE": 16109,
        "INACTIVE": 38,
        "INVALID": 0,
        "MALICIOUS": 0,
        "SANE": 0,
        "VALID": 0,
        "total": 16147
    },
    "percentage": {
        "ACTIVE": 99.7646621663467,
        "INACTIVE": 0.2364507497977724,
        "INVALID": 0,
        "MALICIOUS": 0,
        "SANE": 0,
        "VALID": 0,
        "total": 100.00111291614446
    }
}