{
    "counter": {
        "ACTIVE": 166460,
        "INACTIVE": 13,
        "INVALID": 0,
        "MALICIOUS": 0,
        "SANE": 0,
        "VALID": 0,
        "total": 166473
    },
    "percentage": {
        "ACTIVE": 99.99219092585585,
        "INACTIVE": 0.010932086514850819,
        "INVALID": 0,
        "MALICIOUS": 0,
        "SANE": 0,
        "VALID": 0,
        "total": 100.00312301237071
    }
}