{
    "counter": {
        "ACTIVE": 14381,
        "INACTIVE": 8,
        "INVALID": 0,
        "MALICIOUS": 0,
        "SANE": 0,
        "VALID": 0,
        "total": 14389
    },
    "percentage": {
        "ACTIVE": 99.94440197372994,
        "INACTIVE": 0.06608293408227325,
        "INVALID": 0,
        "MALICIOUS": 0,
        "SANE": 0,
        "VALID": 0,
        "total": 100.01048490781221
    }
}