{
    "counter": {
        "ACTIVE": 16468,
        "INACTIVE": 7,
        "INVALID": 0,
        "MALICIOUS": 0,
        "SANE": 0,
        "VALID": 0,
        "total": 16475
    },
    "percentage": {
        "ACTIVE": 99.95751138088012,
        "INACTIVE": 0.059427795228797015,
        "INVALID": 0,
        "MALICIOUS": 0,
        "SANE": 0,
        "VALID": 0,
        "total": 100.01693917610892
    }
}