{
    "counter": {
        "ACTIVE": 16853,
        "INACTIVE": 39,
        "INVALID": 1,
        "MALICIOUS": 0,
        "SANE": 0,
        "VALID": 0,
        "total": 16893
    },
    "percentage": {
        "ACTIVE": 99.76321553306103,
        "INACTIVE": 0.23093320701089531,
        "INVALID": 0.005923117929277972,
        "MALICIOUS": 0,
        "SANE": 0,
        "VALID": 0,
        "total": 100.00007185800119
    }
}