{
    "counter": {
        "ACTIVE": 84575,
        "INACTIVE": 10,
        "INVALID": 0,
        "MALICIOUS": 0,
        "SANE": 0,
        "VALID": 0,
        "total": 84585
    },
    "percentage": {
        "ACTIVE": 99.9881775728557,
        "INACTIVE": 0.02183549140773413,
        "INVALID": 0,
        "MALICIOUS": 0,
        "SANE": 0,
        "VALID": 0,
        "total": 100.01001306426343
    }
}