{
    "counter": {
        "ACTIVE": 11412,
        "INACTIVE": 23,
        "INVALID": 0,
        "MALICIOUS": 0,
        "SANE": 0,
        "VALID": 0,
        "total": 11435
    },
    "percentage": {
        "ACTIVE": 99.79886313948404,
        "INACTIVE": 0.20500935912291648,
        "INVALID": 0,
        "MALICIOUS": 0,
        "SANE": 0,
        "VALID": 0,
        "total": 100.00387249860695
    }
}