{
    "counter": {
        "ACTIVE": 291468,
        "INACTIVE": 14,
        "INVALID": 0,
        "MALICIOUS": 0,
        "SANE": 0,
        "VALID": 0,
        "total": 291482
    },
    "percentage": {
        "ACTIVE": 99.99519695898888,
        "INACTIVE": 0.006299212598425197,
        "INVALID": 0,
        "MALICIOUS": 0,
        "SANE": 0,
        "VALID": 0,
        "total": 100.0014961715873
    }
}