{
    "counter": {
        "ACTIVE": 3034,
        "INACTIVE": 13,
        "INVALID": 0,
        "MALICIOUS": 0,
        "SANE": 0,
        "VALID": 0,
        "total": 3047
    },
    "percentage": {
        "ACTIVE": 99.57335083688875,
        "INACTIVE": 0.4358028830036876,
        "INVALID": 0,
        "MALICIOUS": 0,
        "SANE": 0,
        "VALID": 0,
        "total": 100.00915371989244
    }
}