{
    "counter": {
        "ACTIVE": 12671,
        "INACTIVE": 9,
        "INVALID": 0,
        "MALICIOUS": 0,
        "SANE": 0,
        "VALID": 0,
        "total": 12680
    },
    "percentage": {
        "ACTIVE": 99.92902208201893,
        "INACTIVE": 0.07342742922411682,
        "INVALID": 0,
        "MALICIOUS": 0,
        "SANE": 0,
        "VALID": 0,
        "total": 100.00244951124304
    }
}