{
    "counter": {
        "ACTIVE": 4294,
        "INACTIVE": 8,
        "INVALID": 0,
        "MALICIOUS": 0,
        "SANE": 0,
        "VALID": 0,
        "total": 4302
    },
    "percentage": {
        "ACTIVE": 99.814039981404,
        "INACTIVE": 0.20693222969477496,
        "INVALID": 0,
        "MALICIOUS": 0,
        "SANE": 0,
        "VALID": 0,
        "total": 100.02097221109877
    }
}