{
    "counter": {
        "ACTIVE": 15155,
        "INACTIVE": 5,
        "INVALID": 0,
        "MALICIOUS": 0,
        "SANE": 0,
        "VALID": 0,
        "total": 15160
    },
    "percentage": {
        "ACTIVE": 99.96701846965699,
        "INACTIVE": 0.03332222592469177,
        "INVALID": 0,
        "MALICIOUS": 0,
        "SANE": 0,
        "VALID": 0,
        "total": 100.00034069558168
    }
}