{
    "counter": {
        "ACTIVE": 8028,
        "INACTIVE": 6,
        "INVALID": 0,
        "MALICIOUS": 0,
        "SANE": 0,
        "VALID": 0,
        "total": 8034
    },
    "percentage": {
        "ACTIVE": 99.92531740104556,
        "INACTIVE": 0.08823529411764706,
        "INVALID": 0,
        "MALICIOUS": 0,
        "SANE": 0,
        "VALID": 0,
        "total": 100.01355269516321
    }
}