{
    "counter": {
        "ACTIVE": 14877,
        "INACTIVE": 14,
        "INVALID": 0,
        "MALICIOUS": 0,
        "SANE": 0,
        "VALID": 0,
        "total": 14891
    },
    "percentage": {
        "ACTIVE": 99.90598347995433,
        "INACTIVE": 0.10213014298220018,
        "INVALID": 0,
        "MALICIOUS": 0,
        "SANE": 0,
        "VALID": 0,
        "total": 100.00811362293653
    }
}