{
    "counter": {
        "ACTIVE": 85600,
        "INACTIVE": 10,
        "INVALID": 0,
        "MALICIOUS": 0,
        "SANE": 0,
        "VALID": 0,
        "total": 85610
    },
    "percentage": {
        "ACTIVE": 99.98831912159794,
        "INACTIVE": 0.02183549140773413,
        "INVALID": 0,
        "MALICIOUS": 0,
        "SANE": 0,
        "VALID": 0,
        "total": 100.01015461300567
    }
}