{
    "counter": {
        "ACTIVE": 7269,
        "INACTIVE": 5,
        "INVALID": 0,
        "MALICIOUS": 0,
        "SANE": 0,
        "VALID": 0,
        "total": 7274
    },
    "percentage": {
        "ACTIVE": 99.9312620291449,
        "INACTIVE": 0.10229132569558101,
        "INVALID": 0,
        "MALICIOUS": 0,
        "SANE": 0,
        "VALID": 0,
        "total": 100.03355335484048
    }
}