{
    "counter": {
        "ACTIVE": 11623,
        "INACTIVE": 10,
        "INVALID": 0,
        "MALICIOUS": 0,
        "SANE": 0,
        "VALID": 0,
        "total": 11633
    },
    "percentage": {
        "ACTIVE": 99.91403765150864,
        "INACTIVE": 0.13449899125756556,
        "INVALID": 0,
        "MALICIOUS": 0,
        "SANE": 0,
        "VALID": 0,
        "total": 100.0485366427662
    }
}