{
    "counter": {
        "ACTIVE": 4703,
        "INACTIVE": 19,
        "INVALID": 0,
        "MALICIOUS": 0,
        "SANE": 0,
        "VALID": 0,
        "total": 4722
    },
    "percentage": {
        "ACTIVE": 99.59762812367642,
        "INACTIVE": 0.45002368545712934,
        "INVALID": 0,
        "MALICIOUS": 0,
        "SANE": 0,
        "VALID": 0,
        "total": 100.04765180913354
    }
}