{
    "counter": {
        "ACTIVE": 16364,
        "INACTIVE": 7,
        "INVALID": 0,
        "MALICIOUS": 0,
        "SANE": 0,
        "VALID": 0,
        "total": 16371
    },
    "percentage": {
        "ACTIVE": 99.95724146356362,
        "INACTIVE": 0.0427585364363814,
        "INVALID": 0.0,
        "MALICIOUS": 0.0,
        "SANE": 0.0,
        "VALID": 0.0,
        "total": 100.0
    }
}