{
    "counter": {
        "ACTIVE": 21540,
        "INACTIVE": 8,
        "INVALID": 0,
        "MALICIOUS": 0,
        "SANE": 0,
        "VALID": 0,
        "total": 21548
    },
    "percentage": {
        "ACTIVE": 99.96287358455541,
        "INACTIVE": 0.05185377236193933,
        "INVALID": 0,
        "MALICIOUS": 0,
        "SANE": 0,
        "VALID": 0,
        "total": 100.01472735691735
    }
}