{
    "counter": {
        "ACTIVE": 16904,
        "INACTIVE": 4,
        "INVALID": 0,
        "MALICIOUS": 0,
        "SANE": 0,
        "VALID": 0,
        "total": 16908
    },
    "percentage": {
        "ACTIVE": 99.97634255973503,
        "INACTIVE": 0.024832381425378695,
        "INVALID": 0,
        "MALICIOUS": 0,
        "SANE": 0,
        "VALID": 0,
        "total": 100.00117494116041
    }
}