{
    "counter": {
        "ACTIVE": 3513,
        "INACTIVE": 2,
        "INVALID": 0,
        "MALICIOUS": 0,
        "SANE": 0,
        "VALID": 0,
        "total": 3515
    },
    "percentage": {
        "ACTIVE": 99.94310099573258,
        "INACTIVE": 0.1179245283018868,
        "INVALID": 0,
        "MALICIOUS": 0,
        "SANE": 0,
        "VALID": 0,
        "total": 100.06102552403446
    }
}