{
    "counter": {
        "ACTIVE": 223333,
        "INACTIVE": 14,
        "INVALID": 0,
        "MALICIOUS": 0,
        "SANE": 0,
        "VALID": 0,
        "total": 223347
    },
    "percentage": {
        "ACTIVE": 99.99373172686448,
        "INACTIVE": 0.006299212598425197,
        "INVALID": 0,
        "MALICIOUS": 0,
        "SANE": 0,
        "VALID": 0,
        "total": 100.0000309394629
    }
}