{
    "counter": {
        "ACTIVE": 15212,
        "INACTIVE": 2,
        "INVALID": 0,
        "MALICIOUS": 0,
        "SANE": 0,
        "VALID": 0,
        "total": 15214
    },
    "percentage": {
        "ACTIVE": 99.98685421322466,
        "INACTIVE": 0.023258518432375856,
        "INVALID": 0,
        "MALICIOUS": 0,
        "SANE": 0,
        "VALID": 0,
        "total": 100.01011273165703
    }
}