{
    "counter": {
        "ACTIVE": 15028,
        "INACTIVE": 4,
        "INVALID": 0,
        "MALICIOUS": 0,
        "SANE": 0,
        "VALID": 0,
        "total": 15032
    },
    "percentage": {
        "ACTIVE": 99.97339010111762,
        "INACTIVE": 0.4048582995951417,
        "INVALID": 0,
        "MALICIOUS": 0,
        "SANE": 0,
        "VALID": 0,
        "total": 100.37824840071276
    }
}