{
    "counter": {
        "ACTIVE": 15809,
        "INACTIVE": 7,
        "INVALID": 0,
        "MALICIOUS": 0,
        "SANE": 0,
        "VALID": 0,
        "total": 15816
    },
    "percentage": {
        "ACTIVE": 99.95574102175013,
        "INACTIVE": 0.04742868758045938,
        "INVALID": 0,
        "MALICIOUS": 0,
        "SANE": 0,
        "VALID": 0,
        "total": 100.00316970933059
    }
}