{
    "counter": {
        "ACTIVE": 14359,
        "INACTIVE": 6,
        "INVALID": 0,
        "MALICIOUS": 0,
        "SANE": 0,
        "VALID": 0,
        "total": 14365
    },
    "percentage": {
        "ACTIVE": 99.95823181343543,
        "INACTIVE": 0.048967599771484537,
        "INVALID": 0,
        "MALICIOUS": 0,
        "SANE": 0,
        "VALID": 0,
        "total": 100.00719941320692
    }
}