{
    "counter": {
        "ACTIVE": 16042,
        "INACTIVE": 46,
        "INVALID": 0,
        "MALICIOUS": 0,
        "SANE": 0,
        "VALID": 0,
        "total": 16088
    },
    "percentage": {
        "ACTIVE": 99.71407260069617,
        "INACTIVE": 0.2877337836992556,
        "INVALID": 0,
        "MALICIOUS": 0,
        "SANE": 0,
        "VALID": 0,
        "total": 100.00180638439542
    }
}