{
    "counter": {
        "ACTIVE": 14687,
        "INACTIVE": 23,
        "INVALID": 0,
        "MALICIOUS": 0,
        "SANE": 0,
        "VALID": 0,
        "total": 14710
    },
    "percentage": {
        "ACTIVE": 99.84364377974167,
        "INACTIVE": 0.15897152336190212,
        "INVALID": 0,
        "MALICIOUS": 0,
        "SANE": 0,
        "VALID": 0,
        "total": 100.00261530310357
    }
}