{
    "counter": {
        "ACTIVE": 5911,
        "INACTIVE": 21,
        "INVALID": 0,
        "MALICIOUS": 0,
        "SANE": 0,
        "VALID": 0,
        "total": 5932
    },
    "percentage": {
        "ACTIVE": 99.645987862441,
        "INACTIVE": 0.3621314019658562,
        "INVALID": 0,
        "MALICIOUS": 0,
        "SANE": 0,
        "VALID": 0,
        "total": 100.00811926440686
    }
}