{
    "counter": {
        "ACTIVE": 16043,
        "INACTIVE": 49,
        "INVALID": 0,
        "MALICIOUS": 0,
        "SANE": 0,
        "VALID": 0,
        "total": 16092
    },
    "percentage": {
        "ACTIVE": 99.69550086999752,
        "INACTIVE": 0.3057913130304543,
        "INVALID": 0,
        "MALICIOUS": 0,
        "SANE": 0,
        "VALID": 0,
        "total": 100.00129218302797
    }
}