{
    "counter": {
        "ACTIVE": 10081,
        "INACTIVE": 2,
        "INVALID": 0,
        "MALICIOUS": 0,
        "SANE": 0,
        "VALID": 0,
        "total": 10083
    },
    "percentage": {
        "ACTIVE": 99.9801646335416,
        "INACTIVE": 0.03471017007983339,
        "INVALID": 0,
        "MALICIOUS": 0,
        "SANE": 0,
        "VALID": 0,
        "total": 100.01487480362144
    }
}