{
    "counter": {
        "ACTIVE": 16609,
        "INACTIVE": 19,
        "INVALID": 0,
        "MALICIOUS": 0,
        "SANE": 0,
        "VALID": 0,
        "total": 16628
    },
    "percentage": {
        "ACTIVE": 99.88573490497956,
        "INACTIVE": 0.11662165479990179,
        "INVALID": 0,
        "MALICIOUS": 0,
        "SANE": 0,
        "VALID": 0,
        "total": 100.00235655977946
    }
}