{
    "counter": {
        "ACTIVE": 15813,
        "INACTIVE": 4,
        "INVALID": 0,
        "MALICIOUS": 0,
        "SANE": 0,
        "VALID": 0,
        "total": 15817
    },
    "percentage": {
        "ACTIVE": 99.97471075425176,
        "INACTIVE": 0.03755868544600939,
        "INVALID": 0,
        "MALICIOUS": 0,
        "SANE": 0,
        "VALID": 0,
        "total": 100.01226943969777
    }
}