{
    "counter": {
        "ACTIVE": 257333,
        "INACTIVE": 14,
        "INVALID": 0,
        "MALICIOUS": 0,
        "SANE": 0,
        "VALID": 0,
        "total": 257347
    },
    "percentage": {
        "ACTIVE": 99.99455987441081,
        "INACTIVE": 0.006299212598425197,
        "INVALID": 0,
        "MALICIOUS": 0,
        "SANE": 0,
        "VALID": 0,
        "total": 100.00085908700923
    }
}