{
    "counter": {
        "ACTIVE": 14904,
        "INACTIVE": 59,
        "INVALID": 0,
        "MALICIOUS": 0,
        "SANE": 0,
        "VALID": 0,
        "total": 14963
    },
    "percentage": {
        "ACTIVE": 99.60569404531176,
        "INACTIVE": 0.4332501101483331,
        "INVALID": 0,
        "MALICIOUS": 0,
        "SANE": 0,
        "VALID": 0,
        "total": 100.0389441554601
    }
}