{
    "counter": {
        "ACTIVE": 13594,
        "INACTIVE": 20,
        "INVALID": 0,
        "MALICIOUS": 0,
        "SANE": 0,
        "VALID": 0,
        "total": 13614
    },
    "percentage": {
        "ACTIVE": 99.85309240487733,
        "INACTIVE": 0.16701461377870563,
        "INVALID": 0,
        "MALICIOUS": 0,
        "SANE": 0,
        "VALID": 0,
        "total": 100.02010701865603
    }
}