{
    "counter": {
        "ACTIVE": 175715,
        "INACTIVE": 13,
        "INVALID": 0,
        "MALICIOUS": 0,
        "SANE": 0,
        "VALID": 0,
        "total": 175728
    },
    "percentage": {
        "ACTIVE": 99.99260220340527,
        "INACTIVE": 0.010932086514850819,
        "INVALID": 0,
        "MALICIOUS": 0,
        "SANE": 0,
        "VALID": 0,
        "total": 100.00353428992013
    }
}