{
    "counter": {
        "ACTIVE": 11590,
        "INACTIVE": 7,
        "INVALID": 0,
        "MALICIOUS": 0,
        "SANE": 0,
        "VALID": 0,
        "total": 11597
    },
    "percentage": {
        "ACTIVE": 99.93963956195567,
        "INACTIVE": 0.06070592316364582,
        "INVALID": 0,
        "MALICIOUS": 0,
        "SANE": 0,
        "VALID": 0,
        "total": 100.00034548511933
    }
}