{
    "counter": {
        "ACTIVE": 4984,
        "INACTIVE": 3,
        "INVALID": 0,
        "MALICIOUS": 0,
        "SANE": 0,
        "VALID": 0,
        "total": 4987
    },
    "percentage": {
        "ACTIVE": 99.93984359334269,
        "INACTIVE": 0.0926497838171711,
        "INVALID": 0,
        "MALICIOUS": 0,
        "SANE": 0,
        "VALID": 0,
        "total": 100.03249337715985
    }
}