{
    "counter": {
        "ACTIVE": 18862,
        "INACTIVE": 12,
        "INVALID": 0,
        "MALICIOUS": 0,
        "SANE": 0,
        "VALID": 0,
        "total": 18874
    },
    "percentage": {
        "ACTIVE": 99.93642047260782,
        "INACTIVE": 0.06357952739217972,
        "INVALID": 0.0,
        "MALICIOUS": 0.0,
        "SANE": 0.0,
        "VALID": 0.0,
        "total": 100.0
    }
}