{
    "counter": {
        "ACTIVE": 16443,
        "INACTIVE": 30,
        "INVALID": 0,
        "MALICIOUS": 0,
        "SANE": 0,
        "VALID": 0,
        "total": 16473
    },
    "percentage": {
        "ACTIVE": 99.8178838098707,
        "INACTIVE": 0.18230432668935342,
        "INVALID": 0,
        "MALICIOUS": 0,
        "SANE": 0,
        "VALID": 0,
        "total": 100.00018813656004
    }
}