{
    "counter": {
        "ACTIVE": 10824,
        "INACTIVE": 689,
        "INVALID": 0,
        "MALICIOUS": 0,
        "SANE": 0,
        "VALID": 0,
        "total": 11513
    },
    "percentage": {
        "ACTIVE": 94.01546078346217,
        "INACTIVE": 5.984539216537827,
        "INVALID": 0.0,
        "MALICIOUS": 0.0,
        "SANE": 0.0,
        "VALID": 0.0,
        "total": 100.0
    }
}