{
    "counter": {
        "ACTIVE": 13991,
        "INACTIVE": 5,
        "INVALID": 0,
        "MALICIOUS": 0,
        "SANE": 0,
        "VALID": 0,
        "total": 13996
    },
    "percentage": {
        "ACTIVE": 99.9642755072878,
        "INACTIVE": 0.04746535029428517,
        "INVALID": 0,
        "MALICIOUS": 0,
        "SANE": 0,
        "VALID": 0,
        "total": 100.01174085758208
    }
}