{
    "counter": {
        "ACTIVE": 7580,
        "INACTIVE": 24,
        "INVALID": 0,
        "MALICIOUS": 0,
        "SANE": 0,
        "VALID": 0,
        "total": 7604
    },
    "percentage": {
        "ACTIVE": 99.68437664387164,
        "INACTIVE": 0.3531489111241907,
        "INVALID": 0,
        "MALICIOUS": 0,
        "SANE": 0,
        "VALID": 0,
        "total": 100.03752555499584
    }
}