{
    "counter": {
        "ACTIVE": 16008,
        "INACTIVE": 8,
        "INVALID": 0,
        "MALICIOUS": 0,
        "SANE": 0,
        "VALID": 0,
        "total": 16016
    },
    "percentage": {
        "ACTIVE": 99.95004995004994,
        "INACTIVE": 0.050068844661409435,
        "INVALID": 0,
        "MALICIOUS": 0,
        "SANE": 0,
        "VALID": 0,
        "total": 100.00011879471136
    }
}