{
    "counter": {
        "ACTIVE": 8459,
        "INACTIVE": 34,
        "INVALID": 0,
        "MALICIOUS": 0,
        "SANE": 0,
        "VALID": 0,
        "total": 8493
    },
    "percentage": {
        "ACTIVE": 99.59967031673142,
        "INACTIVE": 0.40375252345327156,
        "INVALID": 0,
        "MALICIOUS": 0,
        "SANE": 0,
        "VALID": 0,
        "total": 100.0034228401847
    }
}