{
    "counter": {
        "ACTIVE": 16907,
        "INACTIVE": 17,
        "INVALID": 0,
        "MALICIOUS": 0,
        "SANE": 0,
        "VALID": 0,
        "total": 16924
    },
    "percentage": {
        "ACTIVE": 99.89955093358545,
        "INACTIVE": 0.10086027884900622,
        "INVALID": 0,
        "MALICIOUS": 0,
        "SANE": 0,
        "VALID": 0,
        "total": 100.00041121243446
    }
}