{
    "counter": {
        "ACTIVE": 11963,
        "INACTIVE": 20,
        "INVALID": 0,
        "MALICIOUS": 0,
        "SANE": 0,
        "VALID": 0,
        "total": 11983
    },
    "percentage": {
        "ACTIVE": 99.83309688725694,
        "INACTIVE": 0.16701461377870563,
        "INVALID": 0,
        "MALICIOUS": 0,
        "SANE": 0,
        "VALID": 0,
        "total": 100.00011150103565
    }
}