{
    "counter": {
        "ACTIVE": 6478,
        "INACTIVE": 2,
        "INVALID": 0,
        "MALICIOUS": 0,
        "SANE": 0,
        "VALID": 0,
        "total": 6480
    },
    "percentage": {
        "ACTIVE": 99.96913580246914,
        "INACTIVE": 0.054570259208731244,
        "INVALID": 0,
        "MALICIOUS": 0,
        "SANE": 0,
        "VALID": 0,
        "total": 100.02370606167787
    }
}