{
    "counter": {
        "ACTIVE": 16408,
        "INACTIVE": 60,
        "INVALID": 0,
        "MALICIOUS": 0,
        "SANE": 0,
        "VALID": 0,
        "total": 16468
    },
    "percentage": {
        "ACTIVE": 99.63565703181929,
        "INACTIVE": 0.37007339789058163,
        "INVALID": 0,
        "MALICIOUS": 0,
        "SANE": 0,
        "VALID": 0,
        "total": 100.00573042970987
    }
}