{
    "counter": {
        "ACTIVE": 4773,
        "INACTIVE": 2,
        "INVALID": 0,
        "MALICIOUS": 0,
        "SANE": 0,
        "VALID": 0,
        "total": 4775
    },
    "percentage": {
        "ACTIVE": 99.95811518324608,
        "INACTIVE": 0.04319654427645788,
        "INVALID": 0,
        "MALICIOUS": 0,
        "SANE": 0,
        "VALID": 0,
        "total": 100.00131172752253
    }
}