{
    "counter": {
        "ACTIVE": 15763,
        "INACTIVE": 8,
        "INVALID": 0,
        "MALICIOUS": 0,
        "SANE": 0,
        "VALID": 0,
        "total": 15771
    },
    "percentage": {
        "ACTIVE": 99.94927398389449,
        "INACTIVE": 0.05225342913128674,
        "INVALID": 0,
        "MALICIOUS": 0,
        "SANE": 0,
        "VALID": 0,
        "total": 100.00152741302577
    }
}