{
    "counter": {
        "ACTIVE": 9978,
        "INACTIVE": 24,
        "INVALID": 0,
        "MALICIOUS": 0,
        "SANE": 0,
        "VALID": 0,
        "total": 10002
    },
    "percentage": {
        "ACTIVE": 99.76004799040192,
        "INACTIVE": 0.24559967253376996,
        "INVALID": 0,
        "MALICIOUS": 0,
        "SANE": 0,
        "VALID": 0,
        "total": 100.00564766293569
    }
}