{
    "counter": {
        "ACTIVE": 9734,
        "INACTIVE": 29,
        "INVALID": 0,
        "MALICIOUS": 0,
        "SANE": 0,
        "VALID": 0,
        "total": 9763
    },
    "percentage": {
        "ACTIVE": 99.70296015568985,
        "INACTIVE": 0.3113592441485935,
        "INVALID": 0,
        "MALICIOUS": 0,
        "SANE": 0,
        "VALID": 0,
        "total": 100.01431939983844
    }
}