{
    "counter": {
        "ACTIVE": 18875,
        "INACTIVE": 3,
        "INVALID": 0,
        "MALICIOUS": 0,
        "SANE": 0,
        "VALID": 0,
        "total": 18878
    },
    "percentage": {
        "ACTIVE": 99.98410848606844,
        "INACTIVE": 0.015891513931560547,
        "INVALID": 0.0,
        "MALICIOUS": 0.0,
        "SANE": 0.0,
        "VALID": 0.0,
        "total": 100.0
    }
}