{
    "counter": {
        "ACTIVE": 15837,
        "INACTIVE": 29,
        "INVALID": 0,
        "MALICIOUS": 0,
        "SANE": 0,
        "VALID": 0,
        "total": 15866
    },
    "percentage": {
        "ACTIVE": 99.81721921089121,
        "INACTIVE": 0.19221846622920394,
        "INVALID": 0,
        "MALICIOUS": 0,
        "SANE": 0,
        "VALID": 0,
        "total": 100.00943767712042
    }
}