{
    "counter": {
        "ACTIVE": 11943,
        "INACTIVE": 4,
        "INVALID": 0,
        "MALICIOUS": 0,
        "SANE": 0,
        "VALID": 0,
        "total": 11947
    },
    "percentage": {
        "ACTIVE": 99.96651879132837,
        "INACTIVE": 0.0379794910748196,
        "INVALID": 0,
        "MALICIOUS": 0,
        "SANE": 0,
        "VALID": 0,
        "total": 100.00449828240319
    }
}