{
    "counter": {
        "ACTIVE": 6478,
        "INACTIVE": 22,
        "INVALID": 0,
        "MALICIOUS": 0,
        "SANE": 0,
        "VALID": 0,
        "total": 6500
    },
    "percentage": {
        "ACTIVE": 99.66153846153846,
        "INACTIVE": 0.35335689045936397,
        "INVALID": 0,
        "MALICIOUS": 0,
        "SANE": 0,
        "VALID": 0,
        "total": 100.01489535199782
    }
}