{
    "counter": {
        "ACTIVE": 5803,
        "INACTIVE": 246,
        "INVALID": 0,
        "MALICIOUS": 0,
        "SANE": 0,
        "VALID": 0,
        "total": 6049
    },
    "percentage": {
        "ACTIVE": 95.93321210117375,
        "INACTIVE": 4.102051025512757,
        "INVALID": 0,
        "MALICIOUS": 0,
        "SANE": 0,
        "VALID": 0,
        "total": 100.0352631266865
    }
}