{
    "counter": {
        "ACTIVE": 16803,
        "INACTIVE": 552,
        "INVALID": 0,
        "MALICIOUS": 0,
        "SANE": 0,
        "VALID": 0,
        "total": 17355
    },
    "percentage": {
        "ACTIVE": 96.81936041486604,
        "INACTIVE": 3.2081831919097987,
        "INVALID": 0,
        "MALICIOUS": 0,
        "SANE": 0,
        "VALID": 0,
        "total": 100.02754360677584
    }
}