{
    "counter": {
        "ACTIVE": 14174,
        "INACTIVE": 3,
        "INVALID": 0,
        "MALICIOUS": 0,
        "SANE": 0,
        "VALID": 0,
        "total": 14177
    },
    "percentage": {
        "ACTIVE": 99.97883896452,
        "INACTIVE": 0.05185825410544512,
        "INVALID": 0,
        "MALICIOUS": 0,
        "SANE": 0,
        "VALID": 0,
        "total": 100.03069721862543
    }
}