{
    "counter": {
        "ACTIVE": 13328,
        "INACTIVE": 4,
        "INVALID": 0,
        "MALICIOUS": 0,
        "SANE": 0,
        "VALID": 0,
        "total": 13332
    },
    "percentage": {
        "ACTIVE": 99.96999699969997,
        "INACTIVE": 0.0379794910748196,
        "INVALID": 0,
        "MALICIOUS": 0,
        "SANE": 0,
        "VALID": 0,
        "total": 100.0079764907748
    }
}