{
    "counter": {
        "ACTIVE": 260325,
        "INACTIVE": 14,
        "INVALID": 0,
        "MALICIOUS": 0,
        "SANE": 0,
        "VALID": 0,
        "total": 260339
    },
    "percentage": {
        "ACTIVE": 99.99462239618344,
        "INACTIVE": 0.006299212598425197,
        "INVALID": 0,
        "MALICIOUS": 0,
        "SANE": 0,
        "VALID": 0,
        "total": 100.00092160878187
    }
}