{
    "counter": {
        "ACTIVE": 288860,
        "INACTIVE": 14,
        "INVALID": 0,
        "MALICIOUS": 0,
        "SANE": 0,
        "VALID": 0,
        "total": 288874
    },
    "percentage": {
        "ACTIVE": 99.99515359637766,
        "INACTIVE": 0.006299212598425197,
        "INVALID": 0,
        "MALICIOUS": 0,
        "SANE": 0,
        "VALID": 0,
        "total": 100.00145280897608
    }
}