{
    "counter": {
        "ACTIVE": 12774,
        "INACTIVE": 4,
        "INVALID": 0,
        "MALICIOUS": 0,
        "SANE": 0,
        "VALID": 0,
        "total": 12778
    },
    "percentage": {
        "ACTIVE": 99.96869619658789,
        "INACTIVE": 0.06608293408227325,
        "INVALID": 0,
        "MALICIOUS": 0,
        "SANE": 0,
        "VALID": 0,
        "total": 100.03477913067016
    }
}