{
    "counter": {
        "ACTIVE": 256218,
        "INACTIVE": 14,
        "INVALID": 0,
        "MALICIOUS": 0,
        "SANE": 0,
        "VALID": 0,
        "total": 256232
    },
    "percentage": {
        "ACTIVE": 99.99453620156733,
        "INACTIVE": 0.006299212598425197,
        "INVALID": 0,
        "MALICIOUS": 0,
        "SANE": 0,
        "VALID": 0,
        "total": 100.00083541416575
    }
}