{
    "counter": {
        "ACTIVE": 13904,
        "INACTIVE": 2,
        "INVALID": 0,
        "MALICIOUS": 0,
        "SANE": 0,
        "VALID": 0,
        "total": 13906
    },
    "percentage": {
        "ACTIVE": 99.98561771897023,
        "INACTIVE": 0.027525461051472612,
        "INVALID": 0,
        "MALICIOUS": 0,
        "SANE": 0,
        "VALID": 0,
        "total": 100.0131431800217
    }
}