{
    "counter": {
        "ACTIVE": 9109,
        "INACTIVE": 3,
        "INVALID": 0,
        "MALICIOUS": 0,
        "SANE": 0,
        "VALID": 0,
        "total": 9112
    },
    "percentage": {
        "ACTIVE": 99.96707638279192,
        "INACTIVE": 0.044111160123511246,
        "INVALID": 0,
        "MALICIOUS": 0,
        "SANE": 0,
        "VALID": 0,
        "total": 100.01118754291542
    }
}