{
    "counter": {
        "ACTIVE": 13952,
        "INACTIVE": 9,
        "INVALID": 0,
        "MALICIOUS": 0,
        "SANE": 0,
        "VALID": 0,
        "total": 13961
    },
    "percentage": {
        "ACTIVE": 99.93553470381778,
        "INACTIVE": 0.07342742922411682,
        "INVALID": 0,
        "MALICIOUS": 0,
        "SANE": 0,
        "VALID": 0,
        "total": 100.00896213304189
    }
}