{
    "counter": {
        "ACTIVE": 13216,
        "INACTIVE": 4,
        "INVALID": 0,
        "MALICIOUS": 0,
        "SANE": 0,
        "VALID": 0,
        "total": 13220
    },
    "percentage": {
        "ACTIVE": 99.9697428139183,
        "INACTIVE": 0.0381934498233553,
        "INVALID": 0,
        "MALICIOUS": 0,
        "SANE": 0,
        "VALID": 0,
        "total": 100.00793626374166
    }
}