{
    "counter": {
        "ACTIVE": 17131,
        "INACTIVE": 22,
        "INVALID": 0,
        "MALICIOUS": 0,
        "SANE": 0,
        "VALID": 0,
        "total": 17153
    },
    "percentage": {
        "ACTIVE": 99.87174255232321,
        "INACTIVE": 0.1770053906187143,
        "INVALID": 0,
        "MALICIOUS": 0,
        "SANE": 0,
        "VALID": 0,
        "total": 100.04874794294193
    }
}