{
    "counter": {
        "ACTIVE": 79120,
        "INACTIVE": 36,
        "INVALID": 1,
        "MALICIOUS": 0,
        "SANE": 0,
        "VALID": 0,
        "total": 79157
    },
    "percentage": {
        "ACTIVE": 99.95325745038342,
        "INACTIVE": 0.1837953744830755,
        "INVALID": 0.010577533319229955,
        "MALICIOUS": 0,
        "SANE": 0,
        "VALID": 0,
        "total": 100.14763035818572
    }
}