{
    "counter": {
        "ACTIVE": 17200,
        "INACTIVE": 556,
        "INVALID": 0,
        "MALICIOUS": 0,
        "SANE": 0,
        "VALID": 0,
        "total": 17756
    },
    "percentage": {
        "ACTIVE": 96.86866411353908,
        "INACTIVE": 3.14106547652675,
        "INVALID": 0,
        "MALICIOUS": 0,
        "SANE": 0,
        "VALID": 0,
        "total": 100.00972959006583
    }
}