{
    "counter": {
        "ACTIVE": 14968,
        "INACTIVE": 2,
        "INVALID": 0,
        "MALICIOUS": 0,
        "SANE": 0,
        "VALID": 0,
        "total": 14970
    },
    "percentage": {
        "ACTIVE": 99.98663994655979,
        "INACTIVE": 0.023025558369790467,
        "INVALID": 0,
        "MALICIOUS": 0,
        "SANE": 0,
        "VALID": 0,
        "total": 100.00966550492959
    }
}