{
    "counter": {
        "ACTIVE": 9169,
        "INACTIVE": 1,
        "INVALID": 0,
        "MALICIOUS": 0,
        "SANE": 0,
        "VALID": 0,
        "total": 9170
    },
    "percentage": {
        "ACTIVE": 99.98909487459106,
        "INACTIVE": 0.024354603019970774,
        "INVALID": 0,
        "MALICIOUS": 0,
        "SANE": 0,
        "VALID": 0,
        "total": 100.01344947761103
    }
}