{
    "counter": {
        "ACTIVE": 34456,
        "INACTIVE": 9,
        "INVALID": 0,
        "MALICIOUS": 0,
        "SANE": 0,
        "VALID": 0,
        "total": 34465
    },
    "percentage": {
        "ACTIVE": 99.97388655157405,
        "INACTIVE": 0.03349959056055982,
        "INVALID": 0,
        "MALICIOUS": 0,
        "SANE": 0,
        "VALID": 0,
        "total": 100.00738614213462
    }
}