{
    "counter": {
        "ACTIVE": 56696,
        "INACTIVE": 4,
        "INVALID": 0,
        "MALICIOUS": 0,
        "SANE": 0,
        "VALID": 0,
        "total": 56700
    },
    "percentage": {
        "ACTIVE": 99.99294532627866,
        "INACTIVE": 0.013466199838405602,
        "INVALID": 0,
        "MALICIOUS": 0,
        "SANE": 0,
        "VALID": 0,
        "total": 100.00641152611706
    }
}