{
    "counter": {
        "ACTIVE": 42417,
        "INACTIVE": 4,
        "INVALID": 0,
        "MALICIOUS": 0,
        "SANE": 0,
        "VALID": 0,
        "total": 42421
    },
    "percentage": {
        "ACTIVE": 99.9905707079041,
        "INACTIVE": 0.013466199838405602,
        "INVALID": 0,
        "MALICIOUS": 0,
        "SANE": 0,
        "VALID": 0,
        "total": 100.0040369077425
    }
}