{
    "counter": {
        "ACTIVE": 16716,
        "INACTIVE": 46,
        "INVALID": 0,
        "MALICIOUS": 0,
        "SANE": 0,
        "VALID": 0,
        "total": 16762
    },
    "percentage": {
        "ACTIVE": 99.72556974108102,
        "INACTIVE": 0.2877337836992556,
        "INVALID": 0,
        "MALICIOUS": 0,
        "SANE": 0,
        "VALID": 0,
        "total": 100.01330352478027
    }
}