{
    "counter": {
        "ACTIVE": 3089,
        "INACTIVE": 8,
        "INVALID": 0,
        "MALICIOUS": 0,
        "SANE": 0,
        "VALID": 0,
        "total": 3097
    },
    "percentage": {
        "ACTIVE": 99.7416855020988,
        "INACTIVE": 0.3429061294470639,
        "INVALID": 0,
        "MALICIOUS": 0,
        "SANE": 0,
        "VALID": 0,
        "total": 100.08459163154586
    }
}