{
    "counter": {
        "ACTIVE": 9159,
        "INACTIVE": 36,
        "INVALID": 0,
        "MALICIOUS": 0,
        "SANE": 0,
        "VALID": 0,
        "total": 9195
    },
    "percentage": {
        "ACTIVE": 99.60848287112562,
        "INACTIVE": 0.4034517538944301,
        "INVALID": 0,
        "MALICIOUS": 0,
        "SANE": 0,
        "VALID": 0,
        "total": 100.01193462502005
    }
}