{
    "counter": {
        "ACTIVE": 4310,
        "INACTIVE": 7,
        "INVALID": 0,
        "MALICIOUS": 0,
        "SANE": 0,
        "VALID": 0,
        "total": 4317
    },
    "percentage": {
        "ACTIVE": 99.83785035904563,
        "INACTIVE": 0.1813001813001813,
        "INVALID": 0,
        "MALICIOUS": 0,
        "SANE": 0,
        "VALID": 0,
        "total": 100.01915054034582
    }
}