{
    "counter": {
        "ACTIVE": 18816,
        "INACTIVE": 5,
        "INVALID": 0,
        "MALICIOUS": 0,
        "SANE": 0,
        "VALID": 0,
        "total": 18821
    },
    "percentage": {
        "ACTIVE": 99.97343393018437,
        "INACTIVE": 0.026566069815631477,
        "INVALID": 0.0,
        "MALICIOUS": 0.0,
        "SANE": 0.0,
        "VALID": 0.0,
        "total": 100.0
    }
}