{
    "counter": {
        "ACTIVE": 13263,
        "INACTIVE": 9,
        "INVALID": 0,
        "MALICIOUS": 0,
        "SANE": 0,
        "VALID": 0,
        "total": 13272
    },
    "percentage": {
        "ACTIVE": 99.93218806509945,
        "INACTIVE": 0.06818698386241381,
        "INVALID": 0,
        "MALICIOUS": 0,
        "SANE": 0,
        "VALID": 0,
        "total": 100.00037504896187
    }
}