{
    "counter": {
        "ACTIVE": 254971,
        "INACTIVE": 14,
        "INVALID": 0,
        "MALICIOUS": 0,
        "SANE": 0,
        "VALID": 0,
        "total": 254985
    },
    "percentage": {
        "ACTIVE": 99.99450948094986,
        "INACTIVE": 0.006299212598425197,
        "INVALID": 0,
        "MALICIOUS": 0,
        "SANE": 0,
        "VALID": 0,
        "total": 100.00080869354828
    }
}