{
    "counter": {
        "ACTIVE": 8277,
        "INACTIVE": 15,
        "INVALID": 0,
        "MALICIOUS": 0,
        "SANE": 0,
        "VALID": 0,
        "total": 8292
    },
    "percentage": {
        "ACTIVE": 99.8191027496382,
        "INACTIVE": 0.2648772735299311,
        "INVALID": 0,
        "MALICIOUS": 0,
        "SANE": 0,
        "VALID": 0,
        "total": 100.08398002316814
    }
}