{
    "counter": {
        "ACTIVE": 16832,
        "INACTIVE": 24,
        "INVALID": 0,
        "MALICIOUS": 0,
        "SANE": 0,
        "VALID": 0,
        "total": 16856
    },
    "percentage": {
        "ACTIVE": 99.85761746559089,
        "INACTIVE": 0.14238253440911247,
        "INVALID": 0.0,
        "MALICIOUS": 0.0,
        "SANE": 0.0,
        "VALID": 0.0,
        "total": 100.0
    }
}