{
    "counter": {
        "ACTIVE": 17199,
        "INACTIVE": 25,
        "INVALID": 0,
        "MALICIOUS": 0,
        "SANE": 0,
        "VALID": 0,
        "total": 17224
    },
    "percentage": {
        "ACTIVE": 99.85485369252206,
        "INACTIVE": 0.14514630747793777,
        "INVALID": 0.0,
        "MALICIOUS": 0.0,
        "SANE": 0.0,
        "VALID": 0.0,
        "total": 100.0
    }
}