{
    "counter": {
        "ACTIVE": 11302,
        "INACTIVE": 4,
        "INVALID": 0,
        "MALICIOUS": 0,
        "SANE": 0,
        "VALID": 0,
        "total": 11306
    },
    "percentage": {
        "ACTIVE": 99.96462055545727,
        "INACTIVE": 0.0379794910748196,
        "INVALID": 0,
        "MALICIOUS": 0,
        "SANE": 0,
        "VALID": 0,
        "total": 100.0026000465321
    }
}