{
    "counter": {
        "ACTIVE": 11180,
        "INACTIVE": 25,
        "INVALID": 0,
        "MALICIOUS": 0,
        "SANE": 0,
        "VALID": 0,
        "total": 11205
    },
    "percentage": {
        "ACTIVE": 99.77688531905399,
        "INACTIVE": 0.24437927663734116,
        "INVALID": 0,
        "MALICIOUS": 0,
        "SANE": 0,
        "VALID": 0,
        "total": 100.02126459569133
    }
}