{
    "counter": {
        "101domain GRS Limited": 1,
        "Alibaba Cloud Computing (Beijing) Co., Ltd.": 3,
        "Amazon Registrar, Inc.": 5,
        "BigRock Solutions Ltd.": 1,
        "CSC Corporate Domains, Inc.": 3,
        "CloudFlare, Inc.": 1,
        "DomainSite, Inc.": 1,
        "DropCatch.com 600 LLC": 1,
        "EPAG DOMAINSERVICES GmbH": 1,
        "Gabia, Inc.": 1,
        "Gandi SAS": 1,
        "GoDaddy.com, LLC": 17,
        "Gransy, s.r.o.": 1,
        "Libyan Spider Network (int)": 1,
        "MarkMonitor": 1,
        "MarkMonitor Inc.": 21,
        "Moniker Online Services LLC": 1,
        "NameCheap, Inc.": 5,
        "Network Solutions, LLC": 2,
        "OVH sas": 1,
        "PDR Ltd. d/b/a PublicDomainRegistry.com": 1,
        "Regional Network Information Center, JSC dba RU-CENTER": 4,
        "RegistrarSafe, LLC": 1,
        "SafeBrands SAS": 1,
        "Tucows Domains Inc.": 5,
        "Xin Net Technology Corporation": 1,
        "total": 82
    },
    "percentage": {
        "101domain GRS Limited": 1.2195121951219512,
        "Alibaba Cloud Computing (Beijing) Co., Ltd.": 3.658536585365854,
        "Amazon Registrar, Inc.": 6.097560975609756,
        "BigRock Solutions Ltd.": 1.2195121951219512,
        "CSC Corporate Domains, Inc.": 3.658536585365854,
        "CloudFlare, Inc.": 1.2195121951219512,
        "DomainSite, Inc.": 1.2195121951219512,
        "DropCatch.com 600 LLC": 1.2195121951219512,
        "EPAG DOMAINSERVICES GmbH": 1.2195121951219512,
        "Gabia, Inc.": 1.2195121951219512,
        "Gandi SAS": 1.2195121951219512,
        "GoDaddy.com, LLC": 20.73170731707317,
        "Gransy, s.r.o.": 1.2195121951219512,
        "Libyan Spider Network (int)": 1.2195121951219512,
        "MarkMonitor": 1.2195121951219512,
        "MarkMonitor Inc.": 25.609756097560975,
        "Moniker Online Services LLC": 1.2195121951219512,
        "NameCheap, Inc.": 6.097560975609756,
        "Network Solutions, LLC": 2.4390243902439024,
        "OVH sas": 1.2195121951219512,
        "PDR Ltd. d/b/a PublicDomainRegistry.com": 1.2195121951219512,
        "Regional Network Information Center, JSC dba RU-CENTER": 4.878048780487805,
        "RegistrarSafe, LLC": 1.2195121951219512,
        "SafeBrands SAS": 1.2195121951219512,
        "Tucows Domains Inc.": 6.097560975609756,
        "Xin Net Technology Corporation": 1.2195121951219512,
        "total": 99.99999999999997
    }
}