{
    "counter": {
        "Amazon Registrar, Inc.": 4,
        "Beijing Innovative Linkage Software Service Co. Ltd": 1,
        "BigRock Solutions Ltd.": 1,
        "CSC Corporate Domains, Inc.": 2,
        "DropCatch.com 600 LLC": 1,
        "EPAG DOMAINSERVICES GmbH": 1,
        "GoDaddy.com, LLC": 9,
        "Gransy, s.r.o.": 1,
        "MarkMonitor Inc.": 9,
        "NameCheap, Inc.": 5,
        "Regional Network Information Center, JSC dba RU-CENTER": 3,
        "Tucows Domains Inc.": 1,
        "total": 39,
        "阿里云计算有限公司（万网）": 1
    },
    "percentage": {
        "Amazon Registrar, Inc.": 10.256410256410257,
        "Beijing Innovative Linkage Software Service Co. Ltd": 2.5641025641025643,
        "BigRock Solutions Ltd.": 2.5641025641025643,
        "CSC Corporate Domains, Inc.": 5.128205128205129,
        "DropCatch.com 600 LLC": 2.5641025641025643,
        "EPAG DOMAINSERVICES GmbH": 2.5641025641025643,
        "GoDaddy.com, LLC": 23.076923076923077,
        "Gransy, s.r.o.": 2.5641025641025643,
        "MarkMonitor Inc.": 23.076923076923077,
        "NameCheap, Inc.": 12.820512820512821,
        "Regional Network Information Center, JSC dba RU-CENTER": 7.6923076923076925,
        "Tucows Domains Inc.": 2.5641025641025643,
        "total": 100.00000000000001,
        "阿里云计算有限公司（万网）": 2.5641025641025643
    }
}