{
    "counter": {
        "101domain GRS Ltd": 1,
        "Alibaba Cloud Computing (Beijing) Co., Ltd.": 1,
        "Amazon Registrar, Inc.": 4,
        "CSC Corporate Domains, Inc.": 1,
        "CloudFlare, Inc.": 1,
        "DropCatch.com 600 LLC": 1,
        "EPAG DOMAINSERVICES GmbH": 1,
        "Eranet International Limited": 1,
        "Gabia, Inc.": 1,
        "Gandi SAS": 2,
        "GoDaddy.com, LLC": 13,
        "Gransy, s.r.o.": 1,
        "INWX GmbH": 1,
        "Libyan Spider Network (int)": 1,
        "MarkMonitor": 1,
        "MarkMonitor Inc.": 5,
        "Name SRS AB": 2,
        "NameCheap, Inc.": 6,
        "OVH sas": 1,
        "PDR Ltd. d/b/a PublicDomainRegistry.com": 1,
        "RU-CENTER-RU": 1,
        "Regional Network Information Center, JSC dba RU-CENTER": 1,
        "SafeNames Ltd.": 1,
        "Tucows Domains Inc.": 3,
        "Vautron Rechenzentrum AG": 1,
        "total": 55,
        "阿里云计算有限公司（万网）": 2
    },
    "percentage": {
        "101domain GRS Ltd": 1.8181818181818181,
        "Alibaba Cloud Computing (Beijing) Co., Ltd.": 1.8181818181818181,
        "Amazon Registrar, Inc.": 7.2727272727272725,
        "CSC Corporate Domains, Inc.": 1.8181818181818181,
        "CloudFlare, Inc.": 1.8181818181818181,
        "DropCatch.com 600 LLC": 1.8181818181818181,
        "EPAG DOMAINSERVICES GmbH": 1.8181818181818181,
        "Eranet International Limited": 1.8181818181818181,
        "Gabia, Inc.": 1.8181818181818181,
        "Gandi SAS": 3.6363636363636362,
        "GoDaddy.com, LLC": 23.636363636363637,
        "Gransy, s.r.o.": 1.8181818181818181,
        "INWX GmbH": 1.8181818181818181,
        "Libyan Spider Network (int)": 1.8181818181818181,
        "MarkMonitor": 1.8181818181818181,
        "MarkMonitor Inc.": 9.090909090909092,
        "Name SRS AB": 3.6363636363636362,
        "NameCheap, Inc.": 10.909090909090908,
        "OVH sas": 1.8181818181818181,
        "PDR Ltd. d/b/a PublicDomainRegistry.com": 1.8181818181818181,
        "RU-CENTER-RU": 1.8181818181818181,
        "Regional Network Information Center, JSC dba RU-CENTER": 1.8181818181818181,
        "SafeNames Ltd.": 1.8181818181818181,
        "Tucows Domains Inc.": 5.454545454545454,
        "Vautron Rechenzentrum AG": 1.8181818181818181,
        "total": 99.99999999999997,
        "阿里云计算有限公司（万网）": 3.6363636363636362
    }
}