{
    "counter": {
        "Alibaba Cloud Computing (Beijing) Co., Ltd.": 3,
        "Amazon Registrar, Inc.": 5,
        "Beijing Innovative Linkage Software Service Co. Ltd": 1,
        "BigRock Solutions Ltd.": 1,
        "CSC Corporate Domains, Inc.": 2,
        "CloudFlare, Inc.": 1,
        "DropCatch.com 600 LLC": 1,
        "EPAG DOMAINSERVICES GmbH": 1,
        "GoDaddy.com, LLC": 12,
        "Gransy, s.r.o.": 1,
        "MarkMonitor": 1,
        "MarkMonitor Inc.": 14,
        "NameCheap, Inc.": 5,
        "Network Solutions, LLC": 1,
        "OVH sas": 1,
        "Regional Network Information Center, JSC dba RU-CENTER": 3,
        "Tucows Domains Inc.": 3,
        "total": 57,
        "阿里云计算有限公司（万网）": 1
    },
    "percentage": {
        "Alibaba Cloud Computing (Beijing) Co., Ltd.": 5.2631578947368425,
        "Amazon Registrar, Inc.": 8.771929824561404,
        "Beijing Innovative Linkage Software Service Co. Ltd": 1.7543859649122806,
        "BigRock Solutions Ltd.": 1.7543859649122806,
        "CSC Corporate Domains, Inc.": 3.508771929824561,
        "CloudFlare, Inc.": 1.7543859649122806,
        "DropCatch.com 600 LLC": 1.7543859649122806,
        "EPAG DOMAINSERVICES GmbH": 1.7543859649122806,
        "GoDaddy.com, LLC": 21.05263157894737,
        "Gransy, s.r.o.": 1.7543859649122806,
        "MarkMonitor": 1.7543859649122806,
        "MarkMonitor Inc.": 24.56140350877193,
        "NameCheap, Inc.": 8.771929824561404,
        "Network Solutions, LLC": 1.7543859649122806,
        "OVH sas": 1.7543859649122806,
        "Regional Network Information Center, JSC dba RU-CENTER": 5.2631578947368425,
        "Tucows Domains Inc.": 5.2631578947368425,
        "total": 100.0,
        "阿里云计算有限公司（万网）": 1.7543859649122806
    }
}