{
    "counter": {
        "Above.com Pty Ltd": 6,
        "Dynadot LLC": 2,
        "Gransy s.r.o.": 6,
        "MARCARIA INTERNATIONAL LLC": 2,
        "Namecheap": 6,
        "REG-WEDOS": 2,
        "Spaceship, Inc.": 2,
        "URL Solutions Inc.": 18,
        "total": 44
    },
    "percentage": {
        "Above.com Pty Ltd": 13.636363636363637,
        "Dynadot LLC": 4.545454545454546,
        "Gransy s.r.o.": 13.636363636363637,
        "MARCARIA INTERNATIONAL LLC": 4.545454545454546,
        "Namecheap": 13.636363636363637,
        "REG-WEDOS": 4.545454545454546,
        "Spaceship, Inc.": 4.545454545454546,
        "URL Solutions Inc.": 40.90909090909091,
        "total": 100.0
    }
}