{
    "counter": {
        "101domain GRS Limited": 1,
        "Alibaba Cloud Computing (Beijing) Co., Ltd.": 3,
        "Amazon Registrar, Inc.": 7,
        "Beijing Innovative Linkage Software Service Co. Ltd": 1,
        "BigRock Solutions Ltd.": 1,
        "CSC Corporate Domains, Inc.": 2,
        "CloudFlare, Inc.": 1,
        "DropCatch.com 600 LLC": 1,
        "EPAG DOMAINSERVICES GmbH": 1,
        "Gabia, Inc.": 1,
        "GoDaddy.com, LLC": 15,
        "Gransy, s.r.o.": 1,
        "MarkMonitor": 1,
        "MarkMonitor Inc.": 24,
        "Moniker Online Services LLC": 1,
        "NameCheap, Inc.": 6,
        "Network Solutions, LLC": 2,
        "OVH sas": 1,
        "PDR Ltd. d/b/a PublicDomainRegistry.com": 1,
        "Regional Network Information Center, JSC dba RU-CENTER": 4,
        "RegistrarSafe, LLC": 1,
        "SafeBrands SAS": 1,
        "Tucows Domains Inc.": 5,
        "total": 83,
        "阿里云计算有限公司（万网）": 1
    },
    "percentage": {
        "101domain GRS Limited": 1.2048192771084338,
        "Alibaba Cloud Computing (Beijing) Co., Ltd.": 3.6144578313253013,
        "Amazon Registrar, Inc.": 8.433734939759036,
        "Beijing Innovative Linkage Software Service Co. Ltd": 1.2048192771084338,
        "BigRock Solutions Ltd.": 1.2048192771084338,
        "CSC Corporate Domains, Inc.": 2.4096385542168677,
        "CloudFlare, Inc.": 1.2048192771084338,
        "DropCatch.com 600 LLC": 1.2048192771084338,
        "EPAG DOMAINSERVICES GmbH": 1.2048192771084338,
        "Gabia, Inc.": 1.2048192771084338,
        "GoDaddy.com, LLC": 18.072289156626507,
        "Gransy, s.r.o.": 1.2048192771084338,
        "MarkMonitor": 1.2048192771084338,
        "MarkMonitor Inc.": 28.91566265060241,
        "Moniker Online Services LLC": 1.2048192771084338,
        "NameCheap, Inc.": 7.228915662650603,
        "Network Solutions, LLC": 2.4096385542168677,
        "OVH sas": 1.2048192771084338,
        "PDR Ltd. d/b/a PublicDomainRegistry.com": 1.2048192771084338,
        "Regional Network Information Center, JSC dba RU-CENTER": 4.819277108433735,
        "RegistrarSafe, LLC": 1.2048192771084338,
        "SafeBrands SAS": 1.2048192771084338,
        "Tucows Domains Inc.": 6.024096385542169,
        "total": 99.99999999999997,
        "阿里云计算有限公司（万网）": 1.2048192771084338
    }
}