{
    "counter": {
        "101domain GRS Limited": 1,
        "Alibaba Cloud Computing (Beijing) Co., Ltd.": 2,
        "Amazon Registrar, Inc.": 5,
        "BigRock Solutions Ltd.": 1,
        "CSC Corporate Domains, Inc.": 2,
        "CloudFlare, Inc.": 1,
        "DropCatch.com 600 LLC": 1,
        "EPAG DOMAINSERVICES GmbH": 1,
        "GoDaddy.com, LLC": 11,
        "Gransy, s.r.o.": 1,
        "MarkMonitor Inc.": 18,
        "Moniker Online Services LLC": 1,
        "NameCheap, Inc.": 6,
        "Network Solutions, LLC": 1,
        "Regional Network Information Center, JSC dba RU-CENTER": 4,
        "RegistrarSafe, LLC": 1,
        "SafeBrands SAS": 1,
        "Tucows Domains Inc.": 1,
        "Xin Net Technology Corporation": 1,
        "total": 61,
        "阿里云计算有限公司（万网）": 1
    },
    "percentage": {
        "101domain GRS Limited": 1.639344262295082,
        "Alibaba Cloud Computing (Beijing) Co., Ltd.": 3.278688524590164,
        "Amazon Registrar, Inc.": 8.19672131147541,
        "BigRock Solutions Ltd.": 1.639344262295082,
        "CSC Corporate Domains, Inc.": 3.278688524590164,
        "CloudFlare, Inc.": 1.639344262295082,
        "DropCatch.com 600 LLC": 1.639344262295082,
        "EPAG DOMAINSERVICES GmbH": 1.639344262295082,
        "GoDaddy.com, LLC": 18.0327868852459,
        "Gransy, s.r.o.": 1.639344262295082,
        "MarkMonitor Inc.": 29.508196721311474,
        "Moniker Online Services LLC": 1.639344262295082,
        "NameCheap, Inc.": 9.836065573770492,
        "Network Solutions, LLC": 1.639344262295082,
        "Regional Network Information Center, JSC dba RU-CENTER": 6.557377049180328,
        "RegistrarSafe, LLC": 1.639344262295082,
        "SafeBrands SAS": 1.639344262295082,
        "Tucows Domains Inc.": 1.639344262295082,
        "Xin Net Technology Corporation": 1.639344262295082,
        "total": 100.00000000000003,
        "阿里云计算有限公司（万网）": 1.639344262295082
    }
}