{
    "counter": {
        "Above.com Pty Ltd": 6,
        "Gransy s.r.o.": 4,
        "Namecheap": 6,
        "REG-WEDOS": 2,
        "Spaceship, Inc.": 2,
        "URL Solutions Inc.": 18,
        "total": 38
    },
    "percentage": {
        "Above.com Pty Ltd": 15.789473684210526,
        "Gransy s.r.o.": 10.526315789473685,
        "Namecheap": 15.789473684210526,
        "REG-WEDOS": 5.2631578947368425,
        "Spaceship, Inc.": 5.2631578947368425,
        "URL Solutions Inc.": 47.36842105263158,
        "total": 100.0
    }
}