{
    "counter": {
        "Amazon Registrar, Inc.": 1,
        "DropCatch.com 600 LLC": 1,
        "EPAG DOMAINSERVICES GmbH": 1,
        "GoDaddy.com, LLC": 4,
        "Gransy, s.r.o.": 1,
        "MarkMonitor Inc.": 2,
        "NameCheap, Inc.": 1,
        "total": 11
    },
    "percentage": {
        "Amazon Registrar, Inc.": 9.090909090909092,
        "DropCatch.com 600 LLC": 9.090909090909092,
        "EPAG DOMAINSERVICES GmbH": 9.090909090909092,
        "GoDaddy.com, LLC": 36.36363636363637,
        "Gransy, s.r.o.": 9.090909090909092,
        "MarkMonitor Inc.": 18.181818181818183,
        "NameCheap, Inc.": 9.090909090909092,
        "total": 100.00000000000001
    }
}