{
    "counter": {
        "Amazon Registrar, Inc.": 1,
        "MarkMonitor Inc.": 14,
        "RegistrarSafe, LLC": 1,
        "total": 17,
        "阿里云计算有限公司（万网）": 1
    },
    "percentage": {
        "Amazon Registrar, Inc.": 5.882352941176471,
        "MarkMonitor Inc.": 82.3529411764706,
        "RegistrarSafe, LLC": 5.882352941176471,
        "total": 100.0,
        "阿里云计算有限公司（万网）": 5.882352941176471
    }
}