{
    "counter": {
        "Above.com Pty Ltd.": 2,
        "Gandi SAS": 2,
        "Gransy s.r.o.": 4,
        "MarkMonitor": 2,
        "Name.com, Inc.": 4,
        "NameCheap, Inc.": 22,
        "Namecheap": 2,
        "Spaceship, Inc.": 2,
        "URL Solutions Inc.": 16,
        "URL Solutions, Inc.": 14,
        "total": 70
    },
    "percentage": {
        "Above.com Pty Ltd.": 2.857142857142857,
        "Gandi SAS": 2.857142857142857,
        "Gransy s.r.o.": 5.714285714285714,
        "MarkMonitor": 2.857142857142857,
        "Name.com, Inc.": 5.714285714285714,
        "NameCheap, Inc.": 31.428571428571427,
        "Namecheap": 2.857142857142857,
        "Spaceship, Inc.": 2.857142857142857,
        "URL Solutions Inc.": 22.857142857142858,
        "URL Solutions, Inc.": 20.0,
        "total": 100.0
    }
}