{
    "counter": {
        "101domain GRS Ltd": 1,
        "Alibaba Cloud Computing (Beijing) Co., Ltd.": 1,
        "Amazon Registrar, Inc.": 2,
        "CloudFlare, Inc.": 1,
        "DropCatch.com 600 LLC": 1,
        "EPAG DOMAINSERVICES GmbH": 1,
        "Gandi SAS": 2,
        "GoDaddy.com, LLC": 7,
        "Gransy, s.r.o.": 1,
        "Libyan Spider Network (int)": 1,
        "MarkMonitor": 1,
        "MarkMonitor Inc.": 5,
        "NameCheap, Inc.": 3,
        "OVH sas": 1,
        "total": 29,
        "阿里云计算有限公司（万网）": 1
    },
    "percentage": {
        "101domain GRS Ltd": 3.4482758620689653,
        "Alibaba Cloud Computing (Beijing) Co., Ltd.": 3.4482758620689653,
        "Amazon Registrar, Inc.": 6.896551724137931,
        "CloudFlare, Inc.": 3.4482758620689653,
        "DropCatch.com 600 LLC": 3.4482758620689653,
        "EPAG DOMAINSERVICES GmbH": 3.4482758620689653,
        "Gandi SAS": 6.896551724137931,
        "GoDaddy.com, LLC": 24.137931034482758,
        "Gransy, s.r.o.": 3.4482758620689653,
        "Libyan Spider Network (int)": 3.4482758620689653,
        "MarkMonitor": 3.4482758620689653,
        "MarkMonitor Inc.": 17.24137931034483,
        "NameCheap, Inc.": 10.344827586206897,
        "OVH sas": 3.4482758620689653,
        "total": 100.0,
        "阿里云计算有限公司（万网）": 3.4482758620689653
    }
}