{
    "counter": {
        "Above.com Pty Ltd.": 4,
        "GoDaddy.com, LLC": 2,
        "Gransy s.r.o.": 4,
        "NameCheap, Inc.": 2,
        "Namecheap": 4,
        "Spaceship, Inc.": 2,
        "URL Solutions Inc.": 22,
        "URL Solutions, Inc.": 2,
        "total": 42
    },
    "percentage": {
        "Above.com Pty Ltd.": 9.523809523809524,
        "GoDaddy.com, LLC": 4.761904761904762,
        "Gransy s.r.o.": 9.523809523809524,
        "NameCheap, Inc.": 4.761904761904762,
        "Namecheap": 9.523809523809524,
        "Spaceship, Inc.": 4.761904761904762,
        "URL Solutions Inc.": 52.38095238095238,
        "URL Solutions, Inc.": 4.761904761904762,
        "total": 100.0
    }
}