{
    "counter": {
        "101domain GRS Limited": 1,
        "101domain GRS Ltd": 1,
        "1API GmbH": 1,
        "Alibaba Cloud Computing (Beijing) Co., Ltd.": 3,
        "Amazon Registrar, Inc.": 8,
        "BigRock Solutions Ltd.": 1,
        "CSC Corporate Domains, Inc.": 3,
        "CloudFlare, Inc.": 1,
        "DomainSite, Inc.": 1,
        "DropCatch.com 600 LLC": 1,
        "EPAG DOMAINSERVICES GmbH": 1,
        "GMO Internet, Inc. d/b/a Onamae.com": 1,
        "Gabia, Inc.": 1,
        "Gandi SAS": 5,
        "GoDaddy.com, LLC": 36,
        "Gransy, s.r.o.": 1,
        "Hosting Ukraine LLC": 1,
        "INWX GmbH": 1,
        "Libyan Spider Network (int)": 1,
        "MarkMonitor": 1,
        "MarkMonitor Inc.": 15,
        "Mesh Digital Limited": 1,
        "Name SRS AB": 2,
        "Name.com, Inc.": 1,
        "NameCheap, Inc.": 8,
        "Network Solutions, LLC": 2,
        "OVH sas": 1,
        "PDR Ltd. d/b/a PublicDomainRegistry.com": 2,
        "RU-CENTER-RU": 1,
        "Rebel Ltd": 1,
        "Rebel.ca Corp.": 1,
        "Regional Network Information Center, JSC dba RU-CENTER": 1,
        "SafeNames Ltd.": 1,
        "Tucows Domains Inc.": 5,
        "Web Commerce Communications Limited dba WebNic.cc": 1,
        "total": 115,
        "阿里云计算有限公司（万网）": 2
    },
    "percentage": {
        "101domain GRS Limited": 0.8695652173913043,
        "101domain GRS Ltd": 0.8695652173913043,
        "1API GmbH": 0.8695652173913043,
        "Alibaba Cloud Computing (Beijing) Co., Ltd.": 2.608695652173913,
        "Amazon Registrar, Inc.": 6.956521739130435,
        "BigRock Solutions Ltd.": 0.8695652173913043,
        "CSC Corporate Domains, Inc.": 2.608695652173913,
        "CloudFlare, Inc.": 0.8695652173913043,
        "DomainSite, Inc.": 0.8695652173913043,
        "DropCatch.com 600 LLC": 0.8695652173913043,
        "EPAG DOMAINSERVICES GmbH": 0.8695652173913043,
        "GMO Internet, Inc. d/b/a Onamae.com": 0.8695652173913043,
        "Gabia, Inc.": 0.8695652173913043,
        "Gandi SAS": 4.3478260869565215,
        "GoDaddy.com, LLC": 31.304347826086957,
        "Gransy, s.r.o.": 0.8695652173913043,
        "Hosting Ukraine LLC": 0.8695652173913043,
        "INWX GmbH": 0.8695652173913043,
        "Libyan Spider Network (int)": 0.8695652173913043,
        "MarkMonitor": 0.8695652173913043,
        "MarkMonitor Inc.": 13.043478260869565,
        "Mesh Digital Limited": 0.8695652173913043,
        "Name SRS AB": 1.7391304347826086,
        "Name.com, Inc.": 0.8695652173913043,
        "NameCheap, Inc.": 6.956521739130435,
        "Network Solutions, LLC": 1.7391304347826086,
        "OVH sas": 0.8695652173913043,
        "PDR Ltd. d/b/a PublicDomainRegistry.com": 1.7391304347826086,
        "RU-CENTER-RU": 0.8695652173913043,
        "Rebel Ltd": 0.8695652173913043,
        "Rebel.ca Corp.": 0.8695652173913043,
        "Regional Network Information Center, JSC dba RU-CENTER": 0.8695652173913043,
        "SafeNames Ltd.": 0.8695652173913043,
        "Tucows Domains Inc.": 4.3478260869565215,
        "Web Commerce Communications Limited dba WebNic.cc": 0.8695652173913043,
        "total": 99.99999999999994,
        "阿里云计算有限公司（万网）": 1.7391304347826086
    }
}