{
    "counter": {
        "Gransy s.r.o.": 4,
        "MarkMonitor": 2,
        "NETIM": 2,
        "NameCheap, Inc.": 4,
        "Namecheap": 2,
        "URL Solutions Inc.": 12,
        "URL Solutions, Inc.": 4,
        "total": 30
    },
    "percentage": {
        "Gransy s.r.o.": 13.333333333333334,
        "MarkMonitor": 6.666666666666667,
        "NETIM": 6.666666666666667,
        "NameCheap, Inc.": 13.333333333333334,
        "Namecheap": 6.666666666666667,
        "URL Solutions Inc.": 40.0,
        "URL Solutions, Inc.": 13.333333333333334,
        "total": 100.0
    }
}