{
    "counter": {
        "Alibaba Cloud Computing (Beijing) Co., Ltd.": 3,
        "Amazon Registrar, Inc.": 5,
        "Beijing Innovative Linkage Software Service Co. Ltd": 1,
        "BigRock Solutions Ltd.": 1,
        "CSC Corporate Domains, Inc.": 3,
        "CloudFlare, Inc.": 2,
        "DropCatch.com 600 LLC": 1,
        "EPAG DOMAINSERVICES GmbH": 1,
        "Gabia, Inc.": 1,
        "Gandi SAS": 1,
        "GoDaddy.com, LLC": 17,
        "Gransy, s.r.o.": 1,
        "Libyan Spider Network (int)": 1,
        "MarkMonitor": 1,
        "MarkMonitor Inc.": 14,
        "NameCheap, Inc.": 6,
        "Network Solutions, LLC": 1,
        "OVH sas": 1,
        "PDR Ltd. d/b/a PublicDomainRegistry.com": 1,
        "Regional Network Information Center, JSC dba RU-CENTER": 3,
        "Tucows Domains Inc.": 3,
        "total": 69,
        "阿里云计算有限公司（万网）": 1
    },
    "percentage": {
        "Alibaba Cloud Computing (Beijing) Co., Ltd.": 4.3478260869565215,
        "Amazon Registrar, Inc.": 7.246376811594203,
        "Beijing Innovative Linkage Software Service Co. Ltd": 1.4492753623188406,
        "BigRock Solutions Ltd.": 1.4492753623188406,
        "CSC Corporate Domains, Inc.": 4.3478260869565215,
        "CloudFlare, Inc.": 2.898550724637681,
        "DropCatch.com 600 LLC": 1.4492753623188406,
        "EPAG DOMAINSERVICES GmbH": 1.4492753623188406,
        "Gabia, Inc.": 1.4492753623188406,
        "Gandi SAS": 1.4492753623188406,
        "GoDaddy.com, LLC": 24.63768115942029,
        "Gransy, s.r.o.": 1.4492753623188406,
        "Libyan Spider Network (int)": 1.4492753623188406,
        "MarkMonitor": 1.4492753623188406,
        "MarkMonitor Inc.": 20.28985507246377,
        "NameCheap, Inc.": 8.695652173913043,
        "Network Solutions, LLC": 1.4492753623188406,
        "OVH sas": 1.4492753623188406,
        "PDR Ltd. d/b/a PublicDomainRegistry.com": 1.4492753623188406,
        "Regional Network Information Center, JSC dba RU-CENTER": 4.3478260869565215,
        "Tucows Domains Inc.": 4.3478260869565215,
        "total": 100.0,
        "阿里云计算有限公司（万网）": 1.4492753623188406
    }
}