{
    "counter": {
        "Above.com Pty Ltd.": 4,
        "GoDaddy.com, LLC": 2,
        "Gransy s.r.o.": 4,
        "MARCARIA INTERNATIONAL LLC": 2,
        "NameCheap, Inc.": 2,
        "Namecheap": 4,
        "Spaceship, Inc.": 2,
        "URL Solutions Inc.": 22,
        "URL Solutions, Inc.": 2,
        "total": 44
    },
    "percentage": {
        "Above.com Pty Ltd.": 9.090909090909092,
        "GoDaddy.com, LLC": 4.545454545454546,
        "Gransy s.r.o.": 9.090909090909092,
        "MARCARIA INTERNATIONAL LLC": 4.545454545454546,
        "NameCheap, Inc.": 4.545454545454546,
        "Namecheap": 9.090909090909092,
        "Spaceship, Inc.": 4.545454545454546,
        "URL Solutions Inc.": 50.0,
        "URL Solutions, Inc.": 4.545454545454546,
        "total": 100.0
    }
}