{
    "counter": {
        "Gransy s.r.o.": 4,
        "NETIM": 2,
        "Name.com, Inc.": 4,
        "NameCheap, Inc.": 8,
        "Namecheap": 2,
        "Spaceship, Inc.": 2,
        "URL Solutions Inc.": 14,
        "URL Solutions, Inc.": 10,
        "total": 46
    },
    "percentage": {
        "Gransy s.r.o.": 8.695652173913043,
        "NETIM": 4.3478260869565215,
        "Name.com, Inc.": 8.695652173913043,
        "NameCheap, Inc.": 17.391304347826086,
        "Namecheap": 4.3478260869565215,
        "Spaceship, Inc.": 4.3478260869565215,
        "URL Solutions Inc.": 30.434782608695652,
        "URL Solutions, Inc.": 21.73913043478261,
        "total": 100.0
    }
}