{
    "counter": {
        "101domain GRS Ltd": 1,
        "Alibaba Cloud Computing (Beijing) Co., Ltd.": 1,
        "Amazon Registrar, Inc.": 4,
        "CSC Corporate Domains, Inc.": 1,
        "CloudFlare, Inc.": 2,
        "DropCatch.com 600 LLC": 1,
        "EPAG DOMAINSERVICES GmbH": 1,
        "Eranet International Limited": 1,
        "Gabia, Inc.": 1,
        "Gandi SAS": 2,
        "GoDaddy.com, LLC": 18,
        "Gransy, s.r.o.": 1,
        "INWX GmbH": 1,
        "Libyan Spider Network (int)": 1,
        "MarkMonitor": 1,
        "MarkMonitor Inc.": 5,
        "Name SRS AB": 2,
        "NameCheap, Inc.": 6,
        "OVH sas": 1,
        "PDR Ltd. d/b/a PublicDomainRegistry.com": 1,
        "RU-CENTER-RU": 1,
        "Regional Network Information Center, JSC dba RU-CENTER": 1,
        "SafeNames Ltd.": 1,
        "Tucows Domains Inc.": 3,
        "Vautron Rechenzentrum AG": 1,
        "Xin Net Technology Corporation": 1,
        "eNom, LLC": 1,
        "total": 63,
        "阿里云计算有限公司（万网）": 2
    },
    "percentage": {
        "101domain GRS Ltd": 1.5873015873015872,
        "Alibaba Cloud Computing (Beijing) Co., Ltd.": 1.5873015873015872,
        "Amazon Registrar, Inc.": 6.349206349206349,
        "CSC Corporate Domains, Inc.": 1.5873015873015872,
        "CloudFlare, Inc.": 3.1746031746031744,
        "DropCatch.com 600 LLC": 1.5873015873015872,
        "EPAG DOMAINSERVICES GmbH": 1.5873015873015872,
        "Eranet International Limited": 1.5873015873015872,
        "Gabia, Inc.": 1.5873015873015872,
        "Gandi SAS": 3.1746031746031744,
        "GoDaddy.com, LLC": 28.571428571428573,
        "Gransy, s.r.o.": 1.5873015873015872,
        "INWX GmbH": 1.5873015873015872,
        "Libyan Spider Network (int)": 1.5873015873015872,
        "MarkMonitor": 1.5873015873015872,
        "MarkMonitor Inc.": 7.936507936507937,
        "Name SRS AB": 3.1746031746031744,
        "NameCheap, Inc.": 9.523809523809524,
        "OVH sas": 1.5873015873015872,
        "PDR Ltd. d/b/a PublicDomainRegistry.com": 1.5873015873015872,
        "RU-CENTER-RU": 1.5873015873015872,
        "Regional Network Information Center, JSC dba RU-CENTER": 1.5873015873015872,
        "SafeNames Ltd.": 1.5873015873015872,
        "Tucows Domains Inc.": 4.761904761904762,
        "Vautron Rechenzentrum AG": 1.5873015873015872,
        "Xin Net Technology Corporation": 1.5873015873015872,
        "eNom, LLC": 1.5873015873015872,
        "total": 99.99999999999996,
        "阿里云计算有限公司（万网）": 3.1746031746031744
    }
}