{
    "counter": {
        "Alibaba Cloud Computing (Beijing) Co., Ltd.": 3,
        "Amazon Registrar, Inc.": 3,
        "BigRock Solutions Ltd.": 1,
        "CSC Corporate Domains, Inc.": 1,
        "DropCatch.com 600 LLC": 1,
        "EPAG DOMAINSERVICES GmbH": 1,
        "GoDaddy.com, LLC": 9,
        "Gransy, s.r.o.": 1,
        "MarkMonitor": 1,
        "MarkMonitor Inc.": 9,
        "NameCheap, Inc.": 3,
        "OVH sas": 1,
        "Tucows Domains Inc.": 2,
        "total": 37,
        "阿里云计算有限公司（万网）": 1
    },
    "percentage": {
        "Alibaba Cloud Computing (Beijing) Co., Ltd.": 8.108108108108109,
        "Amazon Registrar, Inc.": 8.108108108108109,
        "BigRock Solutions Ltd.": 2.7027027027027026,
        "CSC Corporate Domains, Inc.": 2.7027027027027026,
        "DropCatch.com 600 LLC": 2.7027027027027026,
        "EPAG DOMAINSERVICES GmbH": 2.7027027027027026,
        "GoDaddy.com, LLC": 24.324324324324323,
        "Gransy, s.r.o.": 2.7027027027027026,
        "MarkMonitor": 2.7027027027027026,
        "MarkMonitor Inc.": 24.324324324324323,
        "NameCheap, Inc.": 8.108108108108109,
        "OVH sas": 2.7027027027027026,
        "Tucows Domains Inc.": 5.405405405405405,
        "total": 100.0,
        "阿里云计算有限公司（万网）": 2.7027027027027026
    }
}