{
    "counter": {
        "101domain GRS Limited": 1,
        "101domain GRS Ltd": 1,
        "1API GmbH": 1,
        "Alibaba Cloud Computing (Beijing) Co., Ltd.": 3,
        "Amazon Registrar, Inc.": 6,
        "Beijing Innovative Linkage Software Service Co. Ltd": 1,
        "BigRock Solutions Ltd.": 1,
        "CSC Corporate Domains, Inc.": 3,
        "CloudFlare, Inc.": 2,
        "DropCatch.com 600 LLC": 1,
        "EPAG DOMAINSERVICES GmbH": 1,
        "EuroDNS S.A.": 1,
        "GMO Internet, Inc. d/b/a Onamae.com": 1,
        "Gabia, Inc.": 1,
        "Gandi SAS": 6,
        "GoDaddy.com, LLC": 26,
        "Gransy, s.r.o.": 1,
        "INWX GmbH": 1,
        "Libyan Spider Network (int)": 1,
        "MarkMonitor": 1,
        "MarkMonitor Inc.": 18,
        "Mesh Digital Limited": 1,
        "NameCheap, Inc.": 9,
        "Network Solutions, LLC": 3,
        "OVH sas": 1,
        "PDR Ltd. d/b/a PublicDomainRegistry.com": 1,
        "Regional Network Information Center, JSC dba RU-CENTER": 4,
        "RegistrarSafe, LLC": 1,
        "Tucows Domains Inc.": 3,
        "Web Commerce Communications Limited dba WebNic.cc": 1,
        "total": 104,
        "阿里云计算有限公司（万网）": 2
    },
    "percentage": {
        "101domain GRS Limited": 0.9615384615384616,
        "101domain GRS Ltd": 0.9615384615384616,
        "1API GmbH": 0.9615384615384616,
        "Alibaba Cloud Computing (Beijing) Co., Ltd.": 2.8846153846153846,
        "Amazon Registrar, Inc.": 5.769230769230769,
        "Beijing Innovative Linkage Software Service Co. Ltd": 0.9615384615384616,
        "BigRock Solutions Ltd.": 0.9615384615384616,
        "CSC Corporate Domains, Inc.": 2.8846153846153846,
        "CloudFlare, Inc.": 1.9230769230769231,
        "DropCatch.com 600 LLC": 0.9615384615384616,
        "EPAG DOMAINSERVICES GmbH": 0.9615384615384616,
        "EuroDNS S.A.": 0.9615384615384616,
        "GMO Internet, Inc. d/b/a Onamae.com": 0.9615384615384616,
        "Gabia, Inc.": 0.9615384615384616,
        "Gandi SAS": 5.769230769230769,
        "GoDaddy.com, LLC": 25.0,
        "Gransy, s.r.o.": 0.9615384615384616,
        "INWX GmbH": 0.9615384615384616,
        "Libyan Spider Network (int)": 0.9615384615384616,
        "MarkMonitor": 0.9615384615384616,
        "MarkMonitor Inc.": 17.307692307692307,
        "Mesh Digital Limited": 0.9615384615384616,
        "NameCheap, Inc.": 8.653846153846153,
        "Network Solutions, LLC": 2.8846153846153846,
        "OVH sas": 0.9615384615384616,
        "PDR Ltd. d/b/a PublicDomainRegistry.com": 0.9615384615384616,
        "Regional Network Information Center, JSC dba RU-CENTER": 3.8461538461538463,
        "RegistrarSafe, LLC": 0.9615384615384616,
        "Tucows Domains Inc.": 2.8846153846153846,
        "Web Commerce Communications Limited dba WebNic.cc": 0.9615384615384616,
        "total": 100.00000000000001,
        "阿里云计算有限公司（万网）": 1.9230769230769231
    }
}