{
    "counter": {
        "Above.com Pty Ltd": 6,
        "Gransy s.r.o.": 4,
        "MarkMonitor": 2,
        "Namecheap": 10,
        "URL Solutions Inc.": 22,
        "total": 44
    },
    "percentage": {
        "Above.com Pty Ltd": 13.636363636363637,
        "Gransy s.r.o.": 9.090909090909092,
        "MarkMonitor": 4.545454545454546,
        "Namecheap": 22.727272727272727,
        "URL Solutions Inc.": 50.0,
        "total": 100.0
    }
}