{
    "counter": {
        "Above.com Pty Ltd": 4,
        "Gransy s.r.o.": 4,
        "NameCheap, Inc.": 2,
        "Namecheap": 10,
        "REG-WEDOS": 2,
        "URL Solutions Inc.": 22,
        "total": 44
    },
    "percentage": {
        "Above.com Pty Ltd": 9.090909090909092,
        "Gransy s.r.o.": 9.090909090909092,
        "NameCheap, Inc.": 4.545454545454546,
        "Namecheap": 22.727272727272727,
        "REG-WEDOS": 4.545454545454546,
        "URL Solutions Inc.": 50.0,
        "total": 100.0
    }
}