{
    "counter": {
        "101domain GRS Limited": 1,
        "101domain GRS Ltd": 1,
        "1API GmbH": 1,
        "Alibaba Cloud Computing (Beijing) Co., Ltd.": 3,
        "Amazon Registrar, Inc.": 6,
        "Beijing Innovative Linkage Software Service Co. Ltd": 1,
        "BigRock Solutions Ltd.": 1,
        "CSC Corporate Domains, Inc.": 3,
        "CloudFlare, Inc.": 2,
        "DropCatch.com 600 LLC": 1,
        "EPAG DOMAINSERVICES GmbH": 1,
        "Gabia, Inc.": 1,
        "Gandi SAS": 5,
        "GoDaddy.com, LLC": 23,
        "Gransy, s.r.o.": 1,
        "INWX GmbH": 1,
        "Libyan Spider Network (int)": 1,
        "MarkMonitor": 1,
        "MarkMonitor Inc.": 14,
        "Mesh Digital Limited": 1,
        "NameCheap, Inc.": 6,
        "Network Solutions, LLC": 2,
        "OVH sas": 1,
        "PDR Ltd. d/b/a PublicDomainRegistry.com": 1,
        "Regional Network Information Center, JSC dba RU-CENTER": 3,
        "Tucows Domains Inc.": 3,
        "Web Commerce Communications Limited dba WebNic.cc": 1,
        "total": 88,
        "阿里云计算有限公司（万网）": 2
    },
    "percentage": {
        "101domain GRS Limited": 1.1363636363636365,
        "101domain GRS Ltd": 1.1363636363636365,
        "1API GmbH": 1.1363636363636365,
        "Alibaba Cloud Computing (Beijing) Co., Ltd.": 3.409090909090909,
        "Amazon Registrar, Inc.": 6.818181818181818,
        "Beijing Innovative Linkage Software Service Co. Ltd": 1.1363636363636365,
        "BigRock Solutions Ltd.": 1.1363636363636365,
        "CSC Corporate Domains, Inc.": 3.409090909090909,
        "CloudFlare, Inc.": 2.272727272727273,
        "DropCatch.com 600 LLC": 1.1363636363636365,
        "EPAG DOMAINSERVICES GmbH": 1.1363636363636365,
        "Gabia, Inc.": 1.1363636363636365,
        "Gandi SAS": 5.681818181818182,
        "GoDaddy.com, LLC": 26.136363636363637,
        "Gransy, s.r.o.": 1.1363636363636365,
        "INWX GmbH": 1.1363636363636365,
        "Libyan Spider Network (int)": 1.1363636363636365,
        "MarkMonitor": 1.1363636363636365,
        "MarkMonitor Inc.": 15.909090909090908,
        "Mesh Digital Limited": 1.1363636363636365,
        "NameCheap, Inc.": 6.818181818181818,
        "Network Solutions, LLC": 2.272727272727273,
        "OVH sas": 1.1363636363636365,
        "PDR Ltd. d/b/a PublicDomainRegistry.com": 1.1363636363636365,
        "Regional Network Information Center, JSC dba RU-CENTER": 3.409090909090909,
        "Tucows Domains Inc.": 3.409090909090909,
        "Web Commerce Communications Limited dba WebNic.cc": 1.1363636363636365,
        "total": 99.99999999999999,
        "阿里云计算有限公司（万网）": 2.272727272727273
    }
}