{
    "counter": {
        "GoDaddy.com, LLC": 2,
        "Gransy s.r.o.": 4,
        "MARCARIA INTERNATIONAL LLC": 2,
        "NETIM": 2,
        "NameCheap, Inc.": 2,
        "Namecheap": 4,
        "Spaceship, Inc.": 2,
        "URL Solutions Inc.": 14,
        "URL Solutions, Inc.": 2,
        "total": 34
    },
    "percentage": {
        "GoDaddy.com, LLC": 5.882352941176471,
        "Gransy s.r.o.": 11.764705882352942,
        "MARCARIA INTERNATIONAL LLC": 5.882352941176471,
        "NETIM": 5.882352941176471,
        "NameCheap, Inc.": 5.882352941176471,
        "Namecheap": 11.764705882352942,
        "Spaceship, Inc.": 5.882352941176471,
        "URL Solutions Inc.": 41.1764705882353,
        "URL Solutions, Inc.": 5.882352941176471,
        "total": 100.0
    }
}