{
    "counter": {
        "Gransy s.r.o.": 4,
        "NETIM": 2,
        "Namecheap": 2,
        "URL Solutions Inc.": 14,
        "URL Solutions, Inc.": 8,
        "total": 30
    },
    "percentage": {
        "Gransy s.r.o.": 13.333333333333334,
        "NETIM": 6.666666666666667,
        "Namecheap": 6.666666666666667,
        "URL Solutions Inc.": 46.666666666666664,
        "URL Solutions, Inc.": 26.666666666666668,
        "total": 100.0
    }
}