{
    "counter": {
        "Above.com Pty Ltd": 6,
        "CommuniGal Communication Ltd.": 2,
        "Dynadot LLC": 2,
        "Gransy s.r.o.": 4,
        "Namecheap": 8,
        "REG-WEDOS": 2,
        "Spaceship, Inc.": 2,
        "URL Solutions Inc.": 18,
        "total": 44
    },
    "percentage": {
        "Above.com Pty Ltd": 13.636363636363637,
        "CommuniGal Communication Ltd.": 4.545454545454546,
        "Dynadot LLC": 4.545454545454546,
        "Gransy s.r.o.": 9.090909090909092,
        "Namecheap": 18.181818181818183,
        "REG-WEDOS": 4.545454545454546,
        "Spaceship, Inc.": 4.545454545454546,
        "URL Solutions Inc.": 40.90909090909091,
        "total": 100.0
    }
}