{
    "counter": {
        "101domain GRS Ltd": 1,
        "Alibaba Cloud Computing (Beijing) Co., Ltd.": 1,
        "Amazon Registrar, Inc.": 3,
        "CSC Corporate Domains, Inc.": 1,
        "CloudFlare, Inc.": 1,
        "DropCatch.com 600 LLC": 1,
        "EPAG DOMAINSERVICES GmbH": 1,
        "Gabia, Inc.": 1,
        "Gandi SAS": 2,
        "GoDaddy.com, LLC": 9,
        "Gransy, s.r.o.": 1,
        "INWX GmbH": 1,
        "Libyan Spider Network (int)": 1,
        "MarkMonitor": 1,
        "MarkMonitor Inc.": 5,
        "Name SRS AB": 2,
        "NameCheap, Inc.": 6,
        "OVH sas": 1,
        "PDR Ltd. d/b/a PublicDomainRegistry.com": 1,
        "Tucows Domains Inc.": 3,
        "total": 44,
        "阿里云计算有限公司（万网）": 1
    },
    "percentage": {
        "101domain GRS Ltd": 2.272727272727273,
        "Alibaba Cloud Computing (Beijing) Co., Ltd.": 2.272727272727273,
        "Amazon Registrar, Inc.": 6.818181818181818,
        "CSC Corporate Domains, Inc.": 2.272727272727273,
        "CloudFlare, Inc.": 2.272727272727273,
        "DropCatch.com 600 LLC": 2.272727272727273,
        "EPAG DOMAINSERVICES GmbH": 2.272727272727273,
        "Gabia, Inc.": 2.272727272727273,
        "Gandi SAS": 4.545454545454546,
        "GoDaddy.com, LLC": 20.454545454545453,
        "Gransy, s.r.o.": 2.272727272727273,
        "INWX GmbH": 2.272727272727273,
        "Libyan Spider Network (int)": 2.272727272727273,
        "MarkMonitor": 2.272727272727273,
        "MarkMonitor Inc.": 11.363636363636363,
        "Name SRS AB": 4.545454545454546,
        "NameCheap, Inc.": 13.636363636363637,
        "OVH sas": 2.272727272727273,
        "PDR Ltd. d/b/a PublicDomainRegistry.com": 2.272727272727273,
        "Tucows Domains Inc.": 6.818181818181818,
        "total": 99.99999999999999,
        "阿里云计算有限公司（万网）": 2.272727272727273
    }
}