{
    "counter": {
        "Alibaba Cloud Computing (Beijing) Co., Ltd.": 1,
        "Amazon Registrar, Inc.": 2,
        "CloudFlare, Inc.": 1,
        "DropCatch.com 600 LLC": 1,
        "EPAG DOMAINSERVICES GmbH": 1,
        "Gabia, Inc.": 1,
        "Gandi SAS": 1,
        "GoDaddy.com, LLC": 8,
        "Gransy, s.r.o.": 1,
        "INWX GmbH": 1,
        "Libyan Spider Network (int)": 1,
        "MarkMonitor": 1,
        "MarkMonitor Inc.": 5,
        "NameCheap, Inc.": 4,
        "OVH sas": 1,
        "PDR Ltd. d/b/a PublicDomainRegistry.com": 1,
        "Tucows Domains Inc.": 2,
        "total": 33
    },
    "percentage": {
        "Alibaba Cloud Computing (Beijing) Co., Ltd.": 3.0303030303030303,
        "Amazon Registrar, Inc.": 6.0606060606060606,
        "CloudFlare, Inc.": 3.0303030303030303,
        "DropCatch.com 600 LLC": 3.0303030303030303,
        "EPAG DOMAINSERVICES GmbH": 3.0303030303030303,
        "Gabia, Inc.": 3.0303030303030303,
        "Gandi SAS": 3.0303030303030303,
        "GoDaddy.com, LLC": 24.242424242424242,
        "Gransy, s.r.o.": 3.0303030303030303,
        "INWX GmbH": 3.0303030303030303,
        "Libyan Spider Network (int)": 3.0303030303030303,
        "MarkMonitor": 3.0303030303030303,
        "MarkMonitor Inc.": 15.151515151515152,
        "NameCheap, Inc.": 12.121212121212121,
        "OVH sas": 3.0303030303030303,
        "PDR Ltd. d/b/a PublicDomainRegistry.com": 3.0303030303030303,
        "Tucows Domains Inc.": 6.0606060606060606,
        "total": 100.00000000000001
    }
}