{
    "counter": {
        "101domain GRS Ltd": 1,
        "Alibaba Cloud Computing (Beijing) Co., Ltd.": 1,
        "Amazon Registrar, Inc.": 4,
        "CSC Corporate Domains, Inc.": 1,
        "CloudFlare, Inc.": 1,
        "DropCatch.com 600 LLC": 1,
        "EPAG DOMAINSERVICES GmbH": 1,
        "Eranet International Limited": 1,
        "Gabia, Inc.": 1,
        "Gandi SAS": 2,
        "GoDaddy.com, LLC": 13,
        "Gransy, s.r.o.": 1,
        "INWX GmbH": 1,
        "Libyan Spider Network (int)": 1,
        "MarkMonitor": 1,
        "MarkMonitor Inc.": 5,
        "Name SRS AB": 2,
        "NameCheap, Inc.": 6,
        "OVH sas": 1,
        "PDR Ltd. d/b/a PublicDomainRegistry.com": 1,
        "RU-CENTER-RU": 1,
        "Regional Network Information Center, JSC dba RU-CENTER": 1,
        "SafeNames Ltd.": 1,
        "Tucows Domains Inc.": 3,
        "total": 54,
        "阿里云计算有限公司（万网）": 2
    },
    "percentage": {
        "101domain GRS Ltd": 1.8518518518518519,
        "Alibaba Cloud Computing (Beijing) Co., Ltd.": 1.8518518518518519,
        "Amazon Registrar, Inc.": 7.407407407407407,
        "CSC Corporate Domains, Inc.": 1.8518518518518519,
        "CloudFlare, Inc.": 1.8518518518518519,
        "DropCatch.com 600 LLC": 1.8518518518518519,
        "EPAG DOMAINSERVICES GmbH": 1.8518518518518519,
        "Eranet International Limited": 1.8518518518518519,
        "Gabia, Inc.": 1.8518518518518519,
        "Gandi SAS": 3.7037037037037037,
        "GoDaddy.com, LLC": 24.074074074074073,
        "Gransy, s.r.o.": 1.8518518518518519,
        "INWX GmbH": 1.8518518518518519,
        "Libyan Spider Network (int)": 1.8518518518518519,
        "MarkMonitor": 1.8518518518518519,
        "MarkMonitor Inc.": 9.25925925925926,
        "Name SRS AB": 3.7037037037037037,
        "NameCheap, Inc.": 11.11111111111111,
        "OVH sas": 1.8518518518518519,
        "PDR Ltd. d/b/a PublicDomainRegistry.com": 1.8518518518518519,
        "RU-CENTER-RU": 1.8518518518518519,
        "Regional Network Information Center, JSC dba RU-CENTER": 1.8518518518518519,
        "SafeNames Ltd.": 1.8518518518518519,
        "Tucows Domains Inc.": 5.555555555555555,
        "total": 100.0,
        "阿里云计算有限公司（万网）": 3.7037037037037037
    }
}