{
    "counter": {
        "Alibaba Cloud Computing (Beijing) Co., Ltd.": 3,
        "Amazon Registrar, Inc.": 5,
        "Beijing Innovative Linkage Software Service Co. Ltd": 1,
        "BigRock Solutions Ltd.": 1,
        "CSC Corporate Domains, Inc.": 3,
        "CloudFlare, Inc.": 2,
        "DropCatch.com 600 LLC": 1,
        "EPAG DOMAINSERVICES GmbH": 1,
        "Gabia, Inc.": 1,
        "Gandi SAS": 1,
        "GoDaddy.com, LLC": 17,
        "Gransy, s.r.o.": 1,
        "Libyan Spider Network (int)": 1,
        "MarkMonitor": 1,
        "MarkMonitor Inc.": 16,
        "NameCheap, Inc.": 6,
        "Network Solutions, LLC": 1,
        "OVH sas": 1,
        "PDR Ltd. d/b/a PublicDomainRegistry.com": 1,
        "Regional Network Information Center, JSC dba RU-CENTER": 3,
        "Tucows Domains Inc.": 3,
        "total": 71,
        "阿里云计算有限公司（万网）": 1
    },
    "percentage": {
        "Alibaba Cloud Computing (Beijing) Co., Ltd.": 4.225352112676056,
        "Amazon Registrar, Inc.": 7.042253521126761,
        "Beijing Innovative Linkage Software Service Co. Ltd": 1.408450704225352,
        "BigRock Solutions Ltd.": 1.408450704225352,
        "CSC Corporate Domains, Inc.": 4.225352112676056,
        "CloudFlare, Inc.": 2.816901408450704,
        "DropCatch.com 600 LLC": 1.408450704225352,
        "EPAG DOMAINSERVICES GmbH": 1.408450704225352,
        "Gabia, Inc.": 1.408450704225352,
        "Gandi SAS": 1.408450704225352,
        "GoDaddy.com, LLC": 23.943661971830984,
        "Gransy, s.r.o.": 1.408450704225352,
        "Libyan Spider Network (int)": 1.408450704225352,
        "MarkMonitor": 1.408450704225352,
        "MarkMonitor Inc.": 22.535211267605632,
        "NameCheap, Inc.": 8.450704225352112,
        "Network Solutions, LLC": 1.408450704225352,
        "OVH sas": 1.408450704225352,
        "PDR Ltd. d/b/a PublicDomainRegistry.com": 1.408450704225352,
        "Regional Network Information Center, JSC dba RU-CENTER": 4.225352112676056,
        "Tucows Domains Inc.": 4.225352112676056,
        "total": 100.0,
        "阿里云计算有限公司（万网）": 1.408450704225352
    }
}