{
    "counter": {
        "Above.com Pty Ltd.": 6,
        "Gransy s.r.o.": 4,
        "Namecheap": 10,
        "Spaceship, Inc.": 2,
        "URL Solutions Inc.": 22,
        "URL Solutions, Inc.": 2,
        "total": 46
    },
    "percentage": {
        "Above.com Pty Ltd.": 13.043478260869565,
        "Gransy s.r.o.": 8.695652173913043,
        "Namecheap": 21.73913043478261,
        "Spaceship, Inc.": 4.3478260869565215,
        "URL Solutions Inc.": 47.82608695652174,
        "URL Solutions, Inc.": 4.3478260869565215,
        "total": 100.0
    }
}