{
    "counter": {
        "Above.com Pty Ltd": 6,
        "Gransy s.r.o.": 4,
        "MARCARIA INTERNATIONAL LLC": 2,
        "NameCheap, Inc.": 2,
        "Namecheap": 10,
        "REG-WEDOS": 2,
        "Spaceship, Inc.": 2,
        "URL Solutions Inc.": 20,
        "total": 48
    },
    "percentage": {
        "Above.com Pty Ltd": 12.5,
        "Gransy s.r.o.": 8.333333333333334,
        "MARCARIA INTERNATIONAL LLC": 4.166666666666667,
        "NameCheap, Inc.": 4.166666666666667,
        "Namecheap": 20.833333333333332,
        "REG-WEDOS": 4.166666666666667,
        "Spaceship, Inc.": 4.166666666666667,
        "URL Solutions Inc.": 41.666666666666664,
        "total": 100.0
    }
}