{
    "counter": {
        "Above.com Pty Ltd.": 2,
        "Gransy s.r.o.": 4,
        "NETIM": 2,
        "Name.com, Inc.": 4,
        "NameCheap, Inc.": 16,
        "Namecheap": 2,
        "Spaceship, Inc.": 2,
        "URL Solutions Inc.": 16,
        "URL Solutions, Inc.": 14,
        "total": 62
    },
    "percentage": {
        "Above.com Pty Ltd.": 3.225806451612903,
        "Gransy s.r.o.": 6.451612903225806,
        "NETIM": 3.225806451612903,
        "Name.com, Inc.": 6.451612903225806,
        "NameCheap, Inc.": 25.806451612903224,
        "Namecheap": 3.225806451612903,
        "Spaceship, Inc.": 3.225806451612903,
        "URL Solutions Inc.": 25.806451612903224,
        "URL Solutions, Inc.": 22.580645161290324,
        "total": 100.0
    }
}