{
    "counter": {
        "101domain GRS Limited": 1,
        "101domain GRS Ltd": 1,
        "1API GmbH": 1,
        "Alibaba Cloud Computing (Beijing) Co., Ltd.": 3,
        "Amazon Registrar, Inc.": 6,
        "Beijing Innovative Linkage Software Service Co. Ltd": 1,
        "BigRock Solutions Ltd.": 1,
        "CSC Corporate Domains, Inc.": 3,
        "CloudFlare, Inc.": 2,
        "DropCatch.com 600 LLC": 1,
        "EPAG DOMAINSERVICES GmbH": 1,
        "EuroDNS S.A.": 1,
        "GMO Internet, Inc. d/b/a Onamae.com": 1,
        "Gabia, Inc.": 1,
        "Gandi SAS": 6,
        "GoDaddy.com, LLC": 24,
        "Gransy, s.r.o.": 1,
        "INWX GmbH": 1,
        "Libyan Spider Network (int)": 1,
        "MarkMonitor": 1,
        "MarkMonitor Inc.": 17,
        "Mesh Digital Limited": 1,
        "NameCheap, Inc.": 8,
        "Network Solutions, LLC": 2,
        "OVH sas": 1,
        "PDR Ltd. d/b/a PublicDomainRegistry.com": 1,
        "Regional Network Information Center, JSC dba RU-CENTER": 3,
        "Tucows Domains Inc.": 3,
        "Web Commerce Communications Limited dba WebNic.cc": 1,
        "total": 97,
        "阿里云计算有限公司（万网）": 2
    },
    "percentage": {
        "101domain GRS Limited": 1.0309278350515463,
        "101domain GRS Ltd": 1.0309278350515463,
        "1API GmbH": 1.0309278350515463,
        "Alibaba Cloud Computing (Beijing) Co., Ltd.": 3.0927835051546393,
        "Amazon Registrar, Inc.": 6.185567010309279,
        "Beijing Innovative Linkage Software Service Co. Ltd": 1.0309278350515463,
        "BigRock Solutions Ltd.": 1.0309278350515463,
        "CSC Corporate Domains, Inc.": 3.0927835051546393,
        "CloudFlare, Inc.": 2.0618556701030926,
        "DropCatch.com 600 LLC": 1.0309278350515463,
        "EPAG DOMAINSERVICES GmbH": 1.0309278350515463,
        "EuroDNS S.A.": 1.0309278350515463,
        "GMO Internet, Inc. d/b/a Onamae.com": 1.0309278350515463,
        "Gabia, Inc.": 1.0309278350515463,
        "Gandi SAS": 6.185567010309279,
        "GoDaddy.com, LLC": 24.742268041237114,
        "Gransy, s.r.o.": 1.0309278350515463,
        "INWX GmbH": 1.0309278350515463,
        "Libyan Spider Network (int)": 1.0309278350515463,
        "MarkMonitor": 1.0309278350515463,
        "MarkMonitor Inc.": 17.52577319587629,
        "Mesh Digital Limited": 1.0309278350515463,
        "NameCheap, Inc.": 8.24742268041237,
        "Network Solutions, LLC": 2.0618556701030926,
        "OVH sas": 1.0309278350515463,
        "PDR Ltd. d/b/a PublicDomainRegistry.com": 1.0309278350515463,
        "Regional Network Information Center, JSC dba RU-CENTER": 3.0927835051546393,
        "Tucows Domains Inc.": 3.0927835051546393,
        "Web Commerce Communications Limited dba WebNic.cc": 1.0309278350515463,
        "total": 100.0,
        "阿里云计算有限公司（万网）": 2.0618556701030926
    }
}