{
    "counter": {
        "Above.com Pty Ltd.": 2,
        "GMO Internet Group, Inc. d/b/a Onamae.com": 2,
        "GoDaddy.com, LLC": 2,
        "Gransy s.r.o.": 4,
        "Name.com, Inc.": 6,
        "NameCheap, Inc.": 32,
        "Namecheap": 2,
        "Spaceship, Inc.": 2,
        "URL Solutions Inc.": 14,
        "URL Solutions, Inc.": 16,
        "total": 82
    },
    "percentage": {
        "Above.com Pty Ltd.": 2.4390243902439024,
        "GMO Internet Group, Inc. d/b/a Onamae.com": 2.4390243902439024,
        "GoDaddy.com, LLC": 2.4390243902439024,
        "Gransy s.r.o.": 4.878048780487805,
        "Name.com, Inc.": 7.317073170731708,
        "NameCheap, Inc.": 39.02439024390244,
        "Namecheap": 2.4390243902439024,
        "Spaceship, Inc.": 2.4390243902439024,
        "URL Solutions Inc.": 17.073170731707318,
        "URL Solutions, Inc.": 19.51219512195122,
        "total": 100.0
    }
}