{
    "counter": {
        "101domain GRS Limited": 1,
        "Alibaba Cloud Computing (Beijing) Co., Ltd.": 3,
        "Amazon Registrar, Inc.": 5,
        "Beijing Innovative Linkage Software Service Co. Ltd": 1,
        "BigRock Solutions Ltd.": 1,
        "CSC Corporate Domains, Inc.": 3,
        "CloudFlare, Inc.": 2,
        "DropCatch.com 600 LLC": 1,
        "EPAG DOMAINSERVICES GmbH": 1,
        "Gabia, Inc.": 1,
        "Gandi SAS": 1,
        "GoDaddy.com, LLC": 19,
        "Gransy, s.r.o.": 1,
        "Libyan Spider Network (int)": 1,
        "MarkMonitor": 1,
        "MarkMonitor Inc.": 16,
        "NameCheap, Inc.": 7,
        "Network Solutions, LLC": 2,
        "OVH sas": 1,
        "PDR Ltd. d/b/a PublicDomainRegistry.com": 1,
        "Regional Network Information Center, JSC dba RU-CENTER": 2,
        "RegistrarSafe, LLC": 1,
        "Tucows Domains Inc.": 5,
        "total": 78,
        "阿里云计算有限公司（万网）": 1
    },
    "percentage": {
        "101domain GRS Limited": 1.2820512820512822,
        "Alibaba Cloud Computing (Beijing) Co., Ltd.": 3.8461538461538463,
        "Amazon Registrar, Inc.": 6.410256410256411,
        "Beijing Innovative Linkage Software Service Co. Ltd": 1.2820512820512822,
        "BigRock Solutions Ltd.": 1.2820512820512822,
        "CSC Corporate Domains, Inc.": 3.8461538461538463,
        "CloudFlare, Inc.": 2.5641025641025643,
        "DropCatch.com 600 LLC": 1.2820512820512822,
        "EPAG DOMAINSERVICES GmbH": 1.2820512820512822,
        "Gabia, Inc.": 1.2820512820512822,
        "Gandi SAS": 1.2820512820512822,
        "GoDaddy.com, LLC": 24.358974358974358,
        "Gransy, s.r.o.": 1.2820512820512822,
        "Libyan Spider Network (int)": 1.2820512820512822,
        "MarkMonitor": 1.2820512820512822,
        "MarkMonitor Inc.": 20.512820512820515,
        "NameCheap, Inc.": 8.974358974358974,
        "Network Solutions, LLC": 2.5641025641025643,
        "OVH sas": 1.2820512820512822,
        "PDR Ltd. d/b/a PublicDomainRegistry.com": 1.2820512820512822,
        "Regional Network Information Center, JSC dba RU-CENTER": 2.5641025641025643,
        "RegistrarSafe, LLC": 1.2820512820512822,
        "Tucows Domains Inc.": 6.410256410256411,
        "total": 100.00000000000003,
        "阿里云计算有限公司（万网）": 1.2820512820512822
    }
}