{
    "counter": {
        "101domain GRS Ltd": 1,
        "Alibaba Cloud Computing (Beijing) Co., Ltd.": 1,
        "Amazon Registrar, Inc.": 3,
        "CloudFlare, Inc.": 1,
        "DropCatch.com 600 LLC": 1,
        "EPAG DOMAINSERVICES GmbH": 1,
        "Gabia, Inc.": 1,
        "Gandi SAS": 2,
        "GoDaddy.com, LLC": 9,
        "Gransy, s.r.o.": 1,
        "INWX GmbH": 1,
        "Libyan Spider Network (int)": 1,
        "MarkMonitor": 1,
        "MarkMonitor Inc.": 5,
        "NameCheap, Inc.": 6,
        "OVH sas": 1,
        "PDR Ltd. d/b/a PublicDomainRegistry.com": 1,
        "Tucows Domains Inc.": 3,
        "total": 41,
        "阿里云计算有限公司（万网）": 1
    },
    "percentage": {
        "101domain GRS Ltd": 2.4390243902439024,
        "Alibaba Cloud Computing (Beijing) Co., Ltd.": 2.4390243902439024,
        "Amazon Registrar, Inc.": 7.317073170731708,
        "CloudFlare, Inc.": 2.4390243902439024,
        "DropCatch.com 600 LLC": 2.4390243902439024,
        "EPAG DOMAINSERVICES GmbH": 2.4390243902439024,
        "Gabia, Inc.": 2.4390243902439024,
        "Gandi SAS": 4.878048780487805,
        "GoDaddy.com, LLC": 21.951219512195124,
        "Gransy, s.r.o.": 2.4390243902439024,
        "INWX GmbH": 2.4390243902439024,
        "Libyan Spider Network (int)": 2.4390243902439024,
        "MarkMonitor": 2.4390243902439024,
        "MarkMonitor Inc.": 12.195121951219512,
        "NameCheap, Inc.": 14.634146341463415,
        "OVH sas": 2.4390243902439024,
        "PDR Ltd. d/b/a PublicDomainRegistry.com": 2.4390243902439024,
        "Tucows Domains Inc.": 7.317073170731708,
        "total": 99.99999999999999,
        "阿里云计算有限公司（万网）": 2.4390243902439024
    }
}