{
    "counter": {
        "101domain GRS Limited": 1,
        "Alibaba Cloud Computing (Beijing) Co., Ltd.": 3,
        "Amazon Registrar, Inc.": 5,
        "BigRock Solutions Ltd.": 1,
        "CSC Corporate Domains, Inc.": 2,
        "CloudFlare, Inc.": 1,
        "DropCatch.com 600 LLC": 1,
        "EPAG DOMAINSERVICES GmbH": 1,
        "GoDaddy.com, LLC": 12,
        "Gransy, s.r.o.": 1,
        "MarkMonitor Inc.": 18,
        "Moniker Online Services LLC": 1,
        "NameCheap, Inc.": 6,
        "Network Solutions, LLC": 1,
        "Regional Network Information Center, JSC dba RU-CENTER": 4,
        "RegistrarSafe, LLC": 1,
        "SafeBrands SAS": 1,
        "Tucows Domains Inc.": 4,
        "Xin Net Technology Corporation": 1,
        "total": 66,
        "阿里云计算有限公司（万网）": 1
    },
    "percentage": {
        "101domain GRS Limited": 1.5151515151515151,
        "Alibaba Cloud Computing (Beijing) Co., Ltd.": 4.545454545454546,
        "Amazon Registrar, Inc.": 7.575757575757576,
        "BigRock Solutions Ltd.": 1.5151515151515151,
        "CSC Corporate Domains, Inc.": 3.0303030303030303,
        "CloudFlare, Inc.": 1.5151515151515151,
        "DropCatch.com 600 LLC": 1.5151515151515151,
        "EPAG DOMAINSERVICES GmbH": 1.5151515151515151,
        "GoDaddy.com, LLC": 18.181818181818183,
        "Gransy, s.r.o.": 1.5151515151515151,
        "MarkMonitor Inc.": 27.272727272727273,
        "Moniker Online Services LLC": 1.5151515151515151,
        "NameCheap, Inc.": 9.090909090909092,
        "Network Solutions, LLC": 1.5151515151515151,
        "Regional Network Information Center, JSC dba RU-CENTER": 6.0606060606060606,
        "RegistrarSafe, LLC": 1.5151515151515151,
        "SafeBrands SAS": 1.5151515151515151,
        "Tucows Domains Inc.": 6.0606060606060606,
        "Xin Net Technology Corporation": 1.5151515151515151,
        "total": 100.00000000000001,
        "阿里云计算有限公司（万网）": 1.5151515151515151
    }
}