{
    "counter": {
        "Amazon Registrar, Inc.": 2,
        "DropCatch.com 600 LLC": 1,
        "EPAG DOMAINSERVICES GmbH": 1,
        "GoDaddy.com, LLC": 2,
        "Gransy, s.r.o.": 1,
        "MarkMonitor Inc.": 7,
        "NameCheap, Inc.": 3,
        "total": 18,
        "阿里云计算有限公司（万网）": 1
    },
    "percentage": {
        "Amazon Registrar, Inc.": 11.11111111111111,
        "DropCatch.com 600 LLC": 5.555555555555555,
        "EPAG DOMAINSERVICES GmbH": 5.555555555555555,
        "GoDaddy.com, LLC": 11.11111111111111,
        "Gransy, s.r.o.": 5.555555555555555,
        "MarkMonitor Inc.": 38.888888888888886,
        "NameCheap, Inc.": 16.666666666666668,
        "total": 100.0,
        "阿里云计算有限公司（万网）": 5.555555555555555
    }
}