{
    "counter": {
        "101domain GRS Limited": 1,
        "101domain GRS Ltd": 1,
        "1API GmbH": 1,
        "Alibaba Cloud Computing (Beijing) Co., Ltd.": 3,
        "Amazon Registrar, Inc.": 6,
        "Beijing Innovative Linkage Software Service Co. Ltd": 1,
        "BigRock Solutions Ltd.": 1,
        "CSC Corporate Domains, Inc.": 3,
        "CloudFlare, Inc.": 2,
        "DropCatch.com 600 LLC": 1,
        "EPAG DOMAINSERVICES GmbH": 1,
        "EuroDNS S.A.": 1,
        "Gabia, Inc.": 1,
        "Gandi SAS": 4,
        "GoDaddy.com, LLC": 23,
        "Gransy, s.r.o.": 1,
        "INWX GmbH": 1,
        "Libyan Spider Network (int)": 1,
        "MarkMonitor": 1,
        "MarkMonitor Inc.": 17,
        "Mesh Digital Limited": 1,
        "NameCheap, Inc.": 6,
        "Network Solutions, LLC": 2,
        "OVH sas": 1,
        "PDR Ltd. d/b/a PublicDomainRegistry.com": 1,
        "Regional Network Information Center, JSC dba RU-CENTER": 3,
        "Tucows Domains Inc.": 3,
        "Web Commerce Communications Limited dba WebNic.cc": 1,
        "total": 91,
        "阿里云计算有限公司（万网）": 2
    },
    "percentage": {
        "101domain GRS Limited": 1.098901098901099,
        "101domain GRS Ltd": 1.098901098901099,
        "1API GmbH": 1.098901098901099,
        "Alibaba Cloud Computing (Beijing) Co., Ltd.": 3.2967032967032965,
        "Amazon Registrar, Inc.": 6.593406593406593,
        "Beijing Innovative Linkage Software Service Co. Ltd": 1.098901098901099,
        "BigRock Solutions Ltd.": 1.098901098901099,
        "CSC Corporate Domains, Inc.": 3.2967032967032965,
        "CloudFlare, Inc.": 2.197802197802198,
        "DropCatch.com 600 LLC": 1.098901098901099,
        "EPAG DOMAINSERVICES GmbH": 1.098901098901099,
        "EuroDNS S.A.": 1.098901098901099,
        "Gabia, Inc.": 1.098901098901099,
        "Gandi SAS": 4.395604395604396,
        "GoDaddy.com, LLC": 25.274725274725274,
        "Gransy, s.r.o.": 1.098901098901099,
        "INWX GmbH": 1.098901098901099,
        "Libyan Spider Network (int)": 1.098901098901099,
        "MarkMonitor": 1.098901098901099,
        "MarkMonitor Inc.": 18.681318681318682,
        "Mesh Digital Limited": 1.098901098901099,
        "NameCheap, Inc.": 6.593406593406593,
        "Network Solutions, LLC": 2.197802197802198,
        "OVH sas": 1.098901098901099,
        "PDR Ltd. d/b/a PublicDomainRegistry.com": 1.098901098901099,
        "Regional Network Information Center, JSC dba RU-CENTER": 3.2967032967032965,
        "Tucows Domains Inc.": 3.2967032967032965,
        "Web Commerce Communications Limited dba WebNic.cc": 1.098901098901099,
        "total": 100.00000000000001,
        "阿里云计算有限公司（万网）": 2.197802197802198
    }
}