{
    "counter": {
        "101domain GRS Limited": 1,
        "101domain GRS Ltd": 1,
        "1API GmbH": 1,
        "Alibaba Cloud Computing (Beijing) Co., Ltd.": 3,
        "Amazon Registrar, Inc.": 7,
        "Beijing Innovative Linkage Software Service Co. Ltd": 1,
        "BigRock Solutions Ltd.": 1,
        "CSC Corporate Domains, Inc.": 4,
        "CloudFlare, Inc.": 2,
        "DropCatch.com 600 LLC": 1,
        "EPAG DOMAINSERVICES GmbH": 1,
        "GMO Internet, Inc. d/b/a Onamae.com": 1,
        "Gabia, Inc.": 1,
        "Gandi SAS": 5,
        "GoDaddy.com, LLC": 29,
        "Gransy, s.r.o.": 1,
        "INWX GmbH": 1,
        "Libyan Spider Network (int)": 1,
        "MarkMonitor": 1,
        "MarkMonitor Inc.": 18,
        "Mesh Digital Limited": 1,
        "NameCheap, Inc.": 10,
        "Network Solutions, LLC": 2,
        "OVH sas": 1,
        "PDR Ltd. d/b/a PublicDomainRegistry.com": 1,
        "Rebel Ltd": 1,
        "Rebel.ca Corp.": 1,
        "Regional Network Information Center, JSC dba RU-CENTER": 3,
        "Tucows Domains Inc.": 5,
        "Web Commerce Communications Limited dba WebNic.cc": 1,
        "total": 109,
        "阿里云计算有限公司（万网）": 2
    },
    "percentage": {
        "101domain GRS Limited": 0.9174311926605505,
        "101domain GRS Ltd": 0.9174311926605505,
        "1API GmbH": 0.9174311926605505,
        "Alibaba Cloud Computing (Beijing) Co., Ltd.": 2.7522935779816513,
        "Amazon Registrar, Inc.": 6.422018348623853,
        "Beijing Innovative Linkage Software Service Co. Ltd": 0.9174311926605505,
        "BigRock Solutions Ltd.": 0.9174311926605505,
        "CSC Corporate Domains, Inc.": 3.669724770642202,
        "CloudFlare, Inc.": 1.834862385321101,
        "DropCatch.com 600 LLC": 0.9174311926605505,
        "EPAG DOMAINSERVICES GmbH": 0.9174311926605505,
        "GMO Internet, Inc. d/b/a Onamae.com": 0.9174311926605505,
        "Gabia, Inc.": 0.9174311926605505,
        "Gandi SAS": 4.587155963302752,
        "GoDaddy.com, LLC": 26.605504587155963,
        "Gransy, s.r.o.": 0.9174311926605505,
        "INWX GmbH": 0.9174311926605505,
        "Libyan Spider Network (int)": 0.9174311926605505,
        "MarkMonitor": 0.9174311926605505,
        "MarkMonitor Inc.": 16.513761467889907,
        "Mesh Digital Limited": 0.9174311926605505,
        "NameCheap, Inc.": 9.174311926605505,
        "Network Solutions, LLC": 1.834862385321101,
        "OVH sas": 0.9174311926605505,
        "PDR Ltd. d/b/a PublicDomainRegistry.com": 0.9174311926605505,
        "Rebel Ltd": 0.9174311926605505,
        "Rebel.ca Corp.": 0.9174311926605505,
        "Regional Network Information Center, JSC dba RU-CENTER": 2.7522935779816513,
        "Tucows Domains Inc.": 4.587155963302752,
        "Web Commerce Communications Limited dba WebNic.cc": 0.9174311926605505,
        "total": 99.99999999999997,
        "阿里云计算有限公司（万网）": 1.834862385321101
    }
}