{
    "counter": {
        "101domain GRS Limited": 1,
        "101domain GRS Ltd": 1,
        "1API GmbH": 1,
        "Alibaba Cloud Computing (Beijing) Co., Ltd.": 3,
        "Amazon Registrar, Inc.": 6,
        "Beijing Innovative Linkage Software Service Co. Ltd": 1,
        "BigRock Solutions Ltd.": 1,
        "CSC Corporate Domains, Inc.": 3,
        "CloudFlare, Inc.": 2,
        "DropCatch.com 600 LLC": 1,
        "EPAG DOMAINSERVICES GmbH": 1,
        "EuroDNS S.A.": 1,
        "Gabia, Inc.": 1,
        "Gandi SAS": 5,
        "GoDaddy.com, LLC": 23,
        "Gransy, s.r.o.": 1,
        "INWX GmbH": 1,
        "Libyan Spider Network (int)": 1,
        "MarkMonitor": 1,
        "MarkMonitor Inc.": 18,
        "Mesh Digital Limited": 1,
        "NameCheap, Inc.": 6,
        "Network Solutions, LLC": 2,
        "OVH sas": 1,
        "PDR Ltd. d/b/a PublicDomainRegistry.com": 1,
        "Regional Network Information Center, JSC dba RU-CENTER": 3,
        "Tucows Domains Inc.": 4,
        "Web Commerce Communications Limited dba WebNic.cc": 1,
        "total": 94,
        "阿里云计算有限公司（万网）": 2
    },
    "percentage": {
        "101domain GRS Limited": 1.0638297872340425,
        "101domain GRS Ltd": 1.0638297872340425,
        "1API GmbH": 1.0638297872340425,
        "Alibaba Cloud Computing (Beijing) Co., Ltd.": 3.1914893617021276,
        "Amazon Registrar, Inc.": 6.382978723404255,
        "Beijing Innovative Linkage Software Service Co. Ltd": 1.0638297872340425,
        "BigRock Solutions Ltd.": 1.0638297872340425,
        "CSC Corporate Domains, Inc.": 3.1914893617021276,
        "CloudFlare, Inc.": 2.127659574468085,
        "DropCatch.com 600 LLC": 1.0638297872340425,
        "EPAG DOMAINSERVICES GmbH": 1.0638297872340425,
        "EuroDNS S.A.": 1.0638297872340425,
        "Gabia, Inc.": 1.0638297872340425,
        "Gandi SAS": 5.319148936170213,
        "GoDaddy.com, LLC": 24.46808510638298,
        "Gransy, s.r.o.": 1.0638297872340425,
        "INWX GmbH": 1.0638297872340425,
        "Libyan Spider Network (int)": 1.0638297872340425,
        "MarkMonitor": 1.0638297872340425,
        "MarkMonitor Inc.": 19.148936170212767,
        "Mesh Digital Limited": 1.0638297872340425,
        "NameCheap, Inc.": 6.382978723404255,
        "Network Solutions, LLC": 2.127659574468085,
        "OVH sas": 1.0638297872340425,
        "PDR Ltd. d/b/a PublicDomainRegistry.com": 1.0638297872340425,
        "Regional Network Information Center, JSC dba RU-CENTER": 3.1914893617021276,
        "Tucows Domains Inc.": 4.25531914893617,
        "Web Commerce Communications Limited dba WebNic.cc": 1.0638297872340425,
        "total": 99.99999999999997,
        "阿里云计算有限公司（万网）": 2.127659574468085
    }
}