{
    "counter": {
        "101domain GRS Limited": 1,
        "101domain GRS Ltd": 1,
        "1API GmbH": 1,
        "Alibaba Cloud Computing (Beijing) Co., Ltd.": 3,
        "Amazon Registrar, Inc.": 6,
        "Beijing Innovative Linkage Software Service Co. Ltd": 1,
        "BigRock Solutions Ltd.": 1,
        "CSC Corporate Domains, Inc.": 3,
        "CloudFlare, Inc.": 2,
        "DropCatch.com 600 LLC": 1,
        "EPAG DOMAINSERVICES GmbH": 1,
        "EuroDNS S.A.": 1,
        "GMO Internet, Inc. d/b/a Onamae.com": 1,
        "Gabia, Inc.": 1,
        "Gandi SAS": 6,
        "GoDaddy.com, LLC": 26,
        "Gransy, s.r.o.": 1,
        "INWX GmbH": 1,
        "Libyan Spider Network (int)": 1,
        "MarkMonitor": 1,
        "MarkMonitor Inc.": 17,
        "Mesh Digital Limited": 1,
        "NameCheap, Inc.": 9,
        "Network Solutions, LLC": 2,
        "OVH sas": 1,
        "PDR Ltd. d/b/a PublicDomainRegistry.com": 1,
        "Rebel.ca Corp.": 1,
        "Regional Network Information Center, JSC dba RU-CENTER": 3,
        "Tucows Domains Inc.": 3,
        "Web Commerce Communications Limited dba WebNic.cc": 1,
        "total": 101,
        "阿里云计算有限公司（万网）": 2
    },
    "percentage": {
        "101domain GRS Limited": 0.9900990099009901,
        "101domain GRS Ltd": 0.9900990099009901,
        "1API GmbH": 0.9900990099009901,
        "Alibaba Cloud Computing (Beijing) Co., Ltd.": 2.9702970297029703,
        "Amazon Registrar, Inc.": 5.9405940594059405,
        "Beijing Innovative Linkage Software Service Co. Ltd": 0.9900990099009901,
        "BigRock Solutions Ltd.": 0.9900990099009901,
        "CSC Corporate Domains, Inc.": 2.9702970297029703,
        "CloudFlare, Inc.": 1.9801980198019802,
        "DropCatch.com 600 LLC": 0.9900990099009901,
        "EPAG DOMAINSERVICES GmbH": 0.9900990099009901,
        "EuroDNS S.A.": 0.9900990099009901,
        "GMO Internet, Inc. d/b/a Onamae.com": 0.9900990099009901,
        "Gabia, Inc.": 0.9900990099009901,
        "Gandi SAS": 5.9405940594059405,
        "GoDaddy.com, LLC": 25.742574257425744,
        "Gransy, s.r.o.": 0.9900990099009901,
        "INWX GmbH": 0.9900990099009901,
        "Libyan Spider Network (int)": 0.9900990099009901,
        "MarkMonitor": 0.9900990099009901,
        "MarkMonitor Inc.": 16.831683168316832,
        "Mesh Digital Limited": 0.9900990099009901,
        "NameCheap, Inc.": 8.910891089108912,
        "Network Solutions, LLC": 1.9801980198019802,
        "OVH sas": 0.9900990099009901,
        "PDR Ltd. d/b/a PublicDomainRegistry.com": 0.9900990099009901,
        "Rebel.ca Corp.": 0.9900990099009901,
        "Regional Network Information Center, JSC dba RU-CENTER": 2.9702970297029703,
        "Tucows Domains Inc.": 2.9702970297029703,
        "Web Commerce Communications Limited dba WebNic.cc": 0.9900990099009901,
        "total": 99.99999999999999,
        "阿里云计算有限公司（万网）": 1.9801980198019802
    }
}