{
    "counter": {
        "Above.com Pty Ltd": 6,
        "Dynadot LLC": 2,
        "Gransy s.r.o.": 4,
        "MARCARIA INTERNATIONAL LLC": 2,
        "Namecheap": 6,
        "REG-WEDOS": 2,
        "Spaceship, Inc.": 2,
        "URL Solutions Inc.": 18,
        "total": 42
    },
    "percentage": {
        "Above.com Pty Ltd": 14.285714285714286,
        "Dynadot LLC": 4.761904761904762,
        "Gransy s.r.o.": 9.523809523809524,
        "MARCARIA INTERNATIONAL LLC": 4.761904761904762,
        "Namecheap": 14.285714285714286,
        "REG-WEDOS": 4.761904761904762,
        "Spaceship, Inc.": 4.761904761904762,
        "URL Solutions Inc.": 42.857142857142854,
        "total": 100.0
    }
}