{
    "counter": {
        "Alibaba Cloud Computing (Beijing) Co., Ltd.": 3,
        "Amazon Registrar, Inc.": 5,
        "Beijing Innovative Linkage Software Service Co. Ltd": 1,
        "BigRock Solutions Ltd.": 1,
        "CSC Corporate Domains, Inc.": 3,
        "CloudFlare, Inc.": 2,
        "DropCatch.com 600 LLC": 1,
        "EPAG DOMAINSERVICES GmbH": 1,
        "Gabia, Inc.": 1,
        "Gandi SAS": 4,
        "GoDaddy.com, LLC": 20,
        "Gransy, s.r.o.": 1,
        "Libyan Spider Network (int)": 1,
        "MarkMonitor": 1,
        "MarkMonitor Inc.": 17,
        "Mesh Digital Limited": 1,
        "NameCheap, Inc.": 6,
        "Network Solutions, LLC": 1,
        "OVH sas": 1,
        "PDR Ltd. d/b/a PublicDomainRegistry.com": 1,
        "Regional Network Information Center, JSC dba RU-CENTER": 3,
        "Tucows Domains Inc.": 3,
        "total": 79,
        "阿里云计算有限公司（万网）": 1
    },
    "percentage": {
        "Alibaba Cloud Computing (Beijing) Co., Ltd.": 3.7974683544303796,
        "Amazon Registrar, Inc.": 6.329113924050633,
        "Beijing Innovative Linkage Software Service Co. Ltd": 1.2658227848101267,
        "BigRock Solutions Ltd.": 1.2658227848101267,
        "CSC Corporate Domains, Inc.": 3.7974683544303796,
        "CloudFlare, Inc.": 2.5316455696202533,
        "DropCatch.com 600 LLC": 1.2658227848101267,
        "EPAG DOMAINSERVICES GmbH": 1.2658227848101267,
        "Gabia, Inc.": 1.2658227848101267,
        "Gandi SAS": 5.063291139240507,
        "GoDaddy.com, LLC": 25.31645569620253,
        "Gransy, s.r.o.": 1.2658227848101267,
        "Libyan Spider Network (int)": 1.2658227848101267,
        "MarkMonitor": 1.2658227848101267,
        "MarkMonitor Inc.": 21.518987341772153,
        "Mesh Digital Limited": 1.2658227848101267,
        "NameCheap, Inc.": 7.594936708860759,
        "Network Solutions, LLC": 1.2658227848101267,
        "OVH sas": 1.2658227848101267,
        "PDR Ltd. d/b/a PublicDomainRegistry.com": 1.2658227848101267,
        "Regional Network Information Center, JSC dba RU-CENTER": 3.7974683544303796,
        "Tucows Domains Inc.": 3.7974683544303796,
        "total": 100.0,
        "阿里云计算有限公司（万网）": 1.2658227848101267
    }
}