{
    "counter": {
        "Alibaba Cloud Computing (Beijing) Co., Ltd.": 3,
        "Amazon Registrar, Inc.": 5,
        "Beijing Innovative Linkage Software Service Co. Ltd": 1,
        "BigRock Solutions Ltd.": 1,
        "CSC Corporate Domains, Inc.": 3,
        "Chengdu West Dimension Digital Technology Co., Ltd.": 1,
        "CloudFlare, Inc.": 2,
        "EPAG DOMAINSERVICES GmbH": 1,
        "Eranet International Limited": 1,
        "EuroDNS S.A.": 1,
        "Gabia, Inc.": 1,
        "Gandi SAS": 2,
        "GoDaddy.com, LLC": 16,
        "Hosting Ukraine LLC": 1,
        "INWX GmbH": 1,
        "Key-Systems GmbH": 1,
        "Libyan Spider Network (int)": 1,
        "MarkMonitor": 1,
        "MarkMonitor Inc.": 9,
        "Name SRS AB": 1,
        "NameCheap, Inc.": 5,
        "OVH sas": 1,
        "Regional Network Information Center, JSC dba RU-CENTER": 3,
        "Tucows Domains Inc.": 3,
        "Vautron Rechenzentrum AG": 1,
        "Xin Net Technology Corporation": 1,
        "eNom, LLC": 1,
        "total": 70,
        "阿里云计算有限公司（万网）": 2
    },
    "percentage": {
        "Alibaba Cloud Computing (Beijing) Co., Ltd.": 4.285714285714286,
        "Amazon Registrar, Inc.": 7.142857142857143,
        "Beijing Innovative Linkage Software Service Co. Ltd": 1.4285714285714286,
        "BigRock Solutions Ltd.": 1.4285714285714286,
        "CSC Corporate Domains, Inc.": 4.285714285714286,
        "Chengdu West Dimension Digital Technology Co., Ltd.": 1.4285714285714286,
        "CloudFlare, Inc.": 2.857142857142857,
        "EPAG DOMAINSERVICES GmbH": 1.4285714285714286,
        "Eranet International Limited": 1.4285714285714286,
        "EuroDNS S.A.": 1.4285714285714286,
        "Gabia, Inc.": 1.4285714285714286,
        "Gandi SAS": 2.857142857142857,
        "GoDaddy.com, LLC": 22.857142857142858,
        "Hosting Ukraine LLC": 1.4285714285714286,
        "INWX GmbH": 1.4285714285714286,
        "Key-Systems GmbH": 1.4285714285714286,
        "Libyan Spider Network (int)": 1.4285714285714286,
        "MarkMonitor": 1.4285714285714286,
        "MarkMonitor Inc.": 12.857142857142858,
        "Name SRS AB": 1.4285714285714286,
        "NameCheap, Inc.": 7.142857142857143,
        "OVH sas": 1.4285714285714286,
        "Regional Network Information Center, JSC dba RU-CENTER": 4.285714285714286,
        "Tucows Domains Inc.": 4.285714285714286,
        "Vautron Rechenzentrum AG": 1.4285714285714286,
        "Xin Net Technology Corporation": 1.4285714285714286,
        "eNom, LLC": 1.4285714285714286,
        "total": 100.00000000000003,
        "阿里云计算有限公司（万网）": 2.857142857142857
    }
}