{
    "counter": {
        "Above.com Pty Ltd.": 2,
        "Gransy s.r.o.": 4,
        "NETIM": 2,
        "Name.com, Inc.": 4,
        "NameCheap, Inc.": 20,
        "Namecheap": 2,
        "Spaceship, Inc.": 2,
        "URL Solutions Inc.": 16,
        "URL Solutions, Inc.": 14,
        "total": 66
    },
    "percentage": {
        "Above.com Pty Ltd.": 3.0303030303030303,
        "Gransy s.r.o.": 6.0606060606060606,
        "NETIM": 3.0303030303030303,
        "Name.com, Inc.": 6.0606060606060606,
        "NameCheap, Inc.": 30.303030303030305,
        "Namecheap": 3.0303030303030303,
        "Spaceship, Inc.": 3.0303030303030303,
        "URL Solutions Inc.": 24.242424242424242,
        "URL Solutions, Inc.": 21.21212121212121,
        "total": 100.0
    }
}