{
    "counter": {
        "Gransy s.r.o.": 4,
        "NETIM": 2,
        "Namecheap": 2,
        "Spaceship, Inc.": 2,
        "URL Solutions Inc.": 14,
        "URL Solutions, Inc.": 10,
        "total": 34
    },
    "percentage": {
        "Gransy s.r.o.": 11.764705882352942,
        "NETIM": 5.882352941176471,
        "Namecheap": 5.882352941176471,
        "Spaceship, Inc.": 5.882352941176471,
        "URL Solutions Inc.": 41.1764705882353,
        "URL Solutions, Inc.": 29.41176470588235,
        "total": 100.0
    }
}