{
    "counter": {
        "Alibaba Cloud Computing (Beijing) Co., Ltd.": 3,
        "Amazon Registrar, Inc.": 5,
        "Beijing Innovative Linkage Software Service Co. Ltd": 1,
        "BigRock Solutions Ltd.": 1,
        "CSC Corporate Domains, Inc.": 3,
        "CloudFlare, Inc.": 2,
        "DropCatch.com 600 LLC": 1,
        "EPAG DOMAINSERVICES GmbH": 1,
        "Gabia, Inc.": 1,
        "Gandi SAS": 1,
        "GoDaddy.com, LLC": 16,
        "Gransy, s.r.o.": 1,
        "Libyan Spider Network (int)": 1,
        "MarkMonitor": 1,
        "MarkMonitor Inc.": 13,
        "NameCheap, Inc.": 6,
        "Network Solutions, LLC": 1,
        "OVH sas": 1,
        "PDR Ltd. d/b/a PublicDomainRegistry.com": 1,
        "Regional Network Information Center, JSC dba RU-CENTER": 3,
        "Tucows Domains Inc.": 3,
        "total": 67,
        "阿里云计算有限公司（万网）": 1
    },
    "percentage": {
        "Alibaba Cloud Computing (Beijing) Co., Ltd.": 4.477611940298507,
        "Amazon Registrar, Inc.": 7.462686567164179,
        "Beijing Innovative Linkage Software Service Co. Ltd": 1.492537313432836,
        "BigRock Solutions Ltd.": 1.492537313432836,
        "CSC Corporate Domains, Inc.": 4.477611940298507,
        "CloudFlare, Inc.": 2.985074626865672,
        "DropCatch.com 600 LLC": 1.492537313432836,
        "EPAG DOMAINSERVICES GmbH": 1.492537313432836,
        "Gabia, Inc.": 1.492537313432836,
        "Gandi SAS": 1.492537313432836,
        "GoDaddy.com, LLC": 23.880597014925375,
        "Gransy, s.r.o.": 1.492537313432836,
        "Libyan Spider Network (int)": 1.492537313432836,
        "MarkMonitor": 1.492537313432836,
        "MarkMonitor Inc.": 19.402985074626866,
        "NameCheap, Inc.": 8.955223880597014,
        "Network Solutions, LLC": 1.492537313432836,
        "OVH sas": 1.492537313432836,
        "PDR Ltd. d/b/a PublicDomainRegistry.com": 1.492537313432836,
        "Regional Network Information Center, JSC dba RU-CENTER": 4.477611940298507,
        "Tucows Domains Inc.": 4.477611940298507,
        "total": 99.99999999999999,
        "阿里云计算有限公司（万网）": 1.492537313432836
    }
}