{
    "counter": {
        "Amazon Registrar, Inc.": 1,
        "DropCatch.com 600 LLC": 1,
        "EPAG DOMAINSERVICES GmbH": 1,
        "GoDaddy.com, LLC": 2,
        "Gransy, s.r.o.": 1,
        "MarkMonitor Inc.": 2,
        "NameCheap, Inc.": 1,
        "total": 9
    },
    "percentage": {
        "Amazon Registrar, Inc.": 11.11111111111111,
        "DropCatch.com 600 LLC": 11.11111111111111,
        "EPAG DOMAINSERVICES GmbH": 11.11111111111111,
        "GoDaddy.com, LLC": 22.22222222222222,
        "Gransy, s.r.o.": 11.11111111111111,
        "MarkMonitor Inc.": 22.22222222222222,
        "NameCheap, Inc.": 11.11111111111111,
        "total": 100.0
    }
}