{
    "counter": {
        "Above.com Pty Ltd.": 4,
        "GoDaddy.com, LLC": 2,
        "Gransy s.r.o.": 4,
        "NameCheap, Inc.": 2,
        "Namecheap": 2,
        "URL Solutions Inc.": 22,
        "URL Solutions, Inc.": 2,
        "total": 38
    },
    "percentage": {
        "Above.com Pty Ltd.": 10.526315789473685,
        "GoDaddy.com, LLC": 5.2631578947368425,
        "Gransy s.r.o.": 10.526315789473685,
        "NameCheap, Inc.": 5.2631578947368425,
        "Namecheap": 5.2631578947368425,
        "URL Solutions Inc.": 57.89473684210526,
        "URL Solutions, Inc.": 5.2631578947368425,
        "total": 100.0
    }
}