{
    "counter": {
        "101domain GRS Limited": 1,
        "101domain GRS Ltd": 1,
        "1API GmbH": 1,
        "Alibaba Cloud Computing (Beijing) Co., Ltd.": 3,
        "Amazon Registrar, Inc.": 5,
        "Beijing Innovative Linkage Software Service Co. Ltd": 1,
        "BigRock Solutions Ltd.": 1,
        "CSC Corporate Domains, Inc.": 3,
        "CloudFlare, Inc.": 2,
        "DropCatch.com 600 LLC": 1,
        "EPAG DOMAINSERVICES GmbH": 1,
        "EuroDNS S.A.": 1,
        "Gabia, Inc.": 1,
        "Gandi SAS": 4,
        "GoDaddy.com, LLC": 22,
        "Gransy, s.r.o.": 1,
        "INWX GmbH": 1,
        "Libyan Spider Network (int)": 1,
        "MarkMonitor": 1,
        "MarkMonitor Inc.": 17,
        "Mesh Digital Limited": 1,
        "NameCheap, Inc.": 6,
        "Network Solutions, LLC": 2,
        "OVH sas": 1,
        "PDR Ltd. d/b/a PublicDomainRegistry.com": 1,
        "Regional Network Information Center, JSC dba RU-CENTER": 3,
        "Tucows Domains Inc.": 4,
        "Web Commerce Communications Limited dba WebNic.cc": 1,
        "total": 90,
        "阿里云计算有限公司（万网）": 2
    },
    "percentage": {
        "101domain GRS Limited": 1.1111111111111112,
        "101domain GRS Ltd": 1.1111111111111112,
        "1API GmbH": 1.1111111111111112,
        "Alibaba Cloud Computing (Beijing) Co., Ltd.": 3.3333333333333335,
        "Amazon Registrar, Inc.": 5.555555555555555,
        "Beijing Innovative Linkage Software Service Co. Ltd": 1.1111111111111112,
        "BigRock Solutions Ltd.": 1.1111111111111112,
        "CSC Corporate Domains, Inc.": 3.3333333333333335,
        "CloudFlare, Inc.": 2.2222222222222223,
        "DropCatch.com 600 LLC": 1.1111111111111112,
        "EPAG DOMAINSERVICES GmbH": 1.1111111111111112,
        "EuroDNS S.A.": 1.1111111111111112,
        "Gabia, Inc.": 1.1111111111111112,
        "Gandi SAS": 4.444444444444445,
        "GoDaddy.com, LLC": 24.444444444444443,
        "Gransy, s.r.o.": 1.1111111111111112,
        "INWX GmbH": 1.1111111111111112,
        "Libyan Spider Network (int)": 1.1111111111111112,
        "MarkMonitor": 1.1111111111111112,
        "MarkMonitor Inc.": 18.88888888888889,
        "Mesh Digital Limited": 1.1111111111111112,
        "NameCheap, Inc.": 6.666666666666667,
        "Network Solutions, LLC": 2.2222222222222223,
        "OVH sas": 1.1111111111111112,
        "PDR Ltd. d/b/a PublicDomainRegistry.com": 1.1111111111111112,
        "Regional Network Information Center, JSC dba RU-CENTER": 3.3333333333333335,
        "Tucows Domains Inc.": 4.444444444444445,
        "Web Commerce Communications Limited dba WebNic.cc": 1.1111111111111112,
        "total": 100.00000000000003,
        "阿里云计算有限公司（万网）": 2.2222222222222223
    }
}