{
    "counter": {
        "Amazon Registrar, Inc.": 2,
        "MarkMonitor Inc.": 14,
        "RegistrarSafe, LLC": 1,
        "total": 18,
        "阿里云计算有限公司（万网）": 1
    },
    "percentage": {
        "Amazon Registrar, Inc.": 11.11111111111111,
        "MarkMonitor Inc.": 77.77777777777777,
        "RegistrarSafe, LLC": 5.555555555555555,
        "total": 100.0,
        "阿里云计算有限公司（万网）": 5.555555555555555
    }
}