{
    "counter": {
        "Alibaba Cloud Computing (Beijing) Co., Ltd.": 3,
        "Amazon Registrar, Inc.": 5,
        "Beijing Innovative Linkage Software Service Co. Ltd": 1,
        "BigRock Solutions Ltd.": 1,
        "CSC Corporate Domains, Inc.": 3,
        "CloudFlare, Inc.": 2,
        "DropCatch.com 600 LLC": 1,
        "EPAG DOMAINSERVICES GmbH": 1,
        "Gabia, Inc.": 1,
        "Gandi SAS": 1,
        "GoDaddy.com, LLC": 17,
        "Gransy, s.r.o.": 1,
        "Libyan Spider Network (int)": 1,
        "MarkMonitor": 1,
        "MarkMonitor Inc.": 17,
        "NameCheap, Inc.": 6,
        "Network Solutions, LLC": 1,
        "OVH sas": 1,
        "PDR Ltd. d/b/a PublicDomainRegistry.com": 1,
        "Regional Network Information Center, JSC dba RU-CENTER": 3,
        "Tucows Domains Inc.": 3,
        "total": 72,
        "阿里云计算有限公司（万网）": 1
    },
    "percentage": {
        "Alibaba Cloud Computing (Beijing) Co., Ltd.": 4.166666666666667,
        "Amazon Registrar, Inc.": 6.944444444444445,
        "Beijing Innovative Linkage Software Service Co. Ltd": 1.3888888888888888,
        "BigRock Solutions Ltd.": 1.3888888888888888,
        "CSC Corporate Domains, Inc.": 4.166666666666667,
        "CloudFlare, Inc.": 2.7777777777777777,
        "DropCatch.com 600 LLC": 1.3888888888888888,
        "EPAG DOMAINSERVICES GmbH": 1.3888888888888888,
        "Gabia, Inc.": 1.3888888888888888,
        "Gandi SAS": 1.3888888888888888,
        "GoDaddy.com, LLC": 23.61111111111111,
        "Gransy, s.r.o.": 1.3888888888888888,
        "Libyan Spider Network (int)": 1.3888888888888888,
        "MarkMonitor": 1.3888888888888888,
        "MarkMonitor Inc.": 23.61111111111111,
        "NameCheap, Inc.": 8.333333333333334,
        "Network Solutions, LLC": 1.3888888888888888,
        "OVH sas": 1.3888888888888888,
        "PDR Ltd. d/b/a PublicDomainRegistry.com": 1.3888888888888888,
        "Regional Network Information Center, JSC dba RU-CENTER": 4.166666666666667,
        "Tucows Domains Inc.": 4.166666666666667,
        "total": 99.99999999999999,
        "阿里云计算有限公司（万网）": 1.3888888888888888
    }
}