{
    "counter": {
        "Gandi SAS": 2,
        "GoDaddy.com, LLC": 2,
        "Gransy s.r.o.": 4,
        "MARCARIA INTERNATIONAL LLC": 2,
        "MarkMonitor": 2,
        "NETIM": 2,
        "NameCheap, Inc.": 2,
        "Namecheap": 4,
        "URL Solutions Inc.": 14,
        "URL Solutions, Inc.": 2,
        "total": 36
    },
    "percentage": {
        "Gandi SAS": 5.555555555555555,
        "GoDaddy.com, LLC": 5.555555555555555,
        "Gransy s.r.o.": 11.11111111111111,
        "MARCARIA INTERNATIONAL LLC": 5.555555555555555,
        "MarkMonitor": 5.555555555555555,
        "NETIM": 5.555555555555555,
        "NameCheap, Inc.": 5.555555555555555,
        "Namecheap": 11.11111111111111,
        "URL Solutions Inc.": 38.888888888888886,
        "URL Solutions, Inc.": 5.555555555555555,
        "total": 100.0
    }
}