{
    "counter": {
        "101domain GRS Limited": 1,
        "101domain GRS Ltd": 1,
        "1API GmbH": 1,
        "Alibaba Cloud Computing (Beijing) Co., Ltd.": 3,
        "Amazon Registrar, Inc.": 7,
        "Beijing Innovative Linkage Software Service Co. Ltd": 1,
        "BigRock Solutions Ltd.": 1,
        "CSC Corporate Domains, Inc.": 4,
        "CloudFlare, Inc.": 2,
        "DropCatch.com 600 LLC": 1,
        "EPAG DOMAINSERVICES GmbH": 1,
        "GMO Internet, Inc. d/b/a Onamae.com": 1,
        "Gabia, Inc.": 1,
        "Gandi SAS": 5,
        "GoDaddy.com, LLC": 30,
        "Gransy, s.r.o.": 1,
        "INWX GmbH": 1,
        "Libyan Spider Network (int)": 1,
        "MarkMonitor": 1,
        "MarkMonitor Inc.": 18,
        "Mesh Digital Limited": 1,
        "NameCheap, Inc.": 10,
        "Network Solutions, LLC": 2,
        "OVH sas": 1,
        "PDR Ltd. d/b/a PublicDomainRegistry.com": 2,
        "Rebel Ltd": 1,
        "Rebel.ca Corp.": 1,
        "Regional Network Information Center, JSC dba RU-CENTER": 3,
        "Tucows Domains Inc.": 5,
        "Web Commerce Communications Limited dba WebNic.cc": 1,
        "total": 111,
        "阿里云计算有限公司（万网）": 2
    },
    "percentage": {
        "101domain GRS Limited": 0.9009009009009009,
        "101domain GRS Ltd": 0.9009009009009009,
        "1API GmbH": 0.9009009009009009,
        "Alibaba Cloud Computing (Beijing) Co., Ltd.": 2.7027027027027026,
        "Amazon Registrar, Inc.": 6.306306306306307,
        "Beijing Innovative Linkage Software Service Co. Ltd": 0.9009009009009009,
        "BigRock Solutions Ltd.": 0.9009009009009009,
        "CSC Corporate Domains, Inc.": 3.6036036036036037,
        "CloudFlare, Inc.": 1.8018018018018018,
        "DropCatch.com 600 LLC": 0.9009009009009009,
        "EPAG DOMAINSERVICES GmbH": 0.9009009009009009,
        "GMO Internet, Inc. d/b/a Onamae.com": 0.9009009009009009,
        "Gabia, Inc.": 0.9009009009009009,
        "Gandi SAS": 4.504504504504505,
        "GoDaddy.com, LLC": 27.027027027027028,
        "Gransy, s.r.o.": 0.9009009009009009,
        "INWX GmbH": 0.9009009009009009,
        "Libyan Spider Network (int)": 0.9009009009009009,
        "MarkMonitor": 0.9009009009009009,
        "MarkMonitor Inc.": 16.216216216216218,
        "Mesh Digital Limited": 0.9009009009009009,
        "NameCheap, Inc.": 9.00900900900901,
        "Network Solutions, LLC": 1.8018018018018018,
        "OVH sas": 0.9009009009009009,
        "PDR Ltd. d/b/a PublicDomainRegistry.com": 1.8018018018018018,
        "Rebel Ltd": 0.9009009009009009,
        "Rebel.ca Corp.": 0.9009009009009009,
        "Regional Network Information Center, JSC dba RU-CENTER": 2.7027027027027026,
        "Tucows Domains Inc.": 4.504504504504505,
        "Web Commerce Communications Limited dba WebNic.cc": 0.9009009009009009,
        "total": 100.00000000000003,
        "阿里云计算有限公司（万网）": 1.8018018018018018
    }
}