{
    "counter": {
        "Alibaba Cloud Computing (Beijing) Co., Ltd.": 3,
        "Amazon Registrar, Inc.": 3,
        "Beijing Innovative Linkage Software Service Co. Ltd": 1,
        "BigRock Solutions Ltd.": 1,
        "CSC Corporate Domains, Inc.": 2,
        "CloudFlare, Inc.": 2,
        "EPAG DOMAINSERVICES GmbH": 1,
        "Gabia, Inc.": 1,
        "Gandi SAS": 1,
        "GoDaddy.com, LLC": 7,
        "Libyan Spider Network (int)": 1,
        "MarkMonitor": 1,
        "MarkMonitor Inc.": 8,
        "NameCheap, Inc.": 2,
        "OVH sas": 1,
        "Regional Network Information Center, JSC dba RU-CENTER": 2,
        "total": 38,
        "阿里云计算有限公司（万网）": 1
    },
    "percentage": {
        "Alibaba Cloud Computing (Beijing) Co., Ltd.": 7.894736842105263,
        "Amazon Registrar, Inc.": 7.894736842105263,
        "Beijing Innovative Linkage Software Service Co. Ltd": 2.6315789473684212,
        "BigRock Solutions Ltd.": 2.6315789473684212,
        "CSC Corporate Domains, Inc.": 5.2631578947368425,
        "CloudFlare, Inc.": 5.2631578947368425,
        "EPAG DOMAINSERVICES GmbH": 2.6315789473684212,
        "Gabia, Inc.": 2.6315789473684212,
        "Gandi SAS": 2.6315789473684212,
        "GoDaddy.com, LLC": 18.42105263157895,
        "Libyan Spider Network (int)": 2.6315789473684212,
        "MarkMonitor": 2.6315789473684212,
        "MarkMonitor Inc.": 21.05263157894737,
        "NameCheap, Inc.": 5.2631578947368425,
        "OVH sas": 2.6315789473684212,
        "Regional Network Information Center, JSC dba RU-CENTER": 5.2631578947368425,
        "total": 100.00000000000001,
        "阿里云计算有限公司（万网）": 2.6315789473684212
    }
}