{
    "counter": {
        "Gransy s.r.o.": 4,
        "MarkMonitor": 2,
        "NETIM": 2,
        "Name.com, Inc.": 4,
        "NameCheap, Inc.": 14,
        "Namecheap": 2,
        "Spaceship, Inc.": 2,
        "URL Solutions Inc.": 14,
        "URL Solutions, Inc.": 14,
        "total": 58
    },
    "percentage": {
        "Gransy s.r.o.": 6.896551724137931,
        "MarkMonitor": 3.4482758620689653,
        "NETIM": 3.4482758620689653,
        "Name.com, Inc.": 6.896551724137931,
        "NameCheap, Inc.": 24.137931034482758,
        "Namecheap": 3.4482758620689653,
        "Spaceship, Inc.": 3.4482758620689653,
        "URL Solutions Inc.": 24.137931034482758,
        "URL Solutions, Inc.": 24.137931034482758,
        "total": 100.0
    }
}