{
    "counter": {
        "101domain GRS Limited": 1,
        "101domain GRS Ltd": 1,
        "1API GmbH": 1,
        "Alibaba Cloud Computing (Beijing) Co., Ltd.": 3,
        "Amazon Registrar, Inc.": 6,
        "Beijing Innovative Linkage Software Service Co. Ltd": 1,
        "BigRock Solutions Ltd.": 1,
        "CSC Corporate Domains, Inc.": 3,
        "CloudFlare, Inc.": 2,
        "DropCatch.com 600 LLC": 1,
        "EPAG DOMAINSERVICES GmbH": 1,
        "EuroDNS S.A.": 1,
        "GMO Internet, Inc. d/b/a Onamae.com": 1,
        "Gabia, Inc.": 1,
        "Gandi SAS": 5,
        "GoDaddy.com, LLC": 25,
        "Gransy, s.r.o.": 1,
        "INWX GmbH": 1,
        "Libyan Spider Network (int)": 1,
        "MarkMonitor": 1,
        "MarkMonitor Inc.": 17,
        "Mesh Digital Limited": 1,
        "NameCheap, Inc.": 8,
        "Network Solutions, LLC": 3,
        "OVH sas": 1,
        "PDR Ltd. d/b/a PublicDomainRegistry.com": 1,
        "Regional Network Information Center, JSC dba RU-CENTER": 3,
        "Tucows Domains Inc.": 4,
        "Web Commerce Communications Limited dba WebNic.cc": 1,
        "total": 99,
        "阿里云计算有限公司（万网）": 2
    },
    "percentage": {
        "101domain GRS Limited": 1.0101010101010102,
        "101domain GRS Ltd": 1.0101010101010102,
        "1API GmbH": 1.0101010101010102,
        "Alibaba Cloud Computing (Beijing) Co., Ltd.": 3.0303030303030303,
        "Amazon Registrar, Inc.": 6.0606060606060606,
        "Beijing Innovative Linkage Software Service Co. Ltd": 1.0101010101010102,
        "BigRock Solutions Ltd.": 1.0101010101010102,
        "CSC Corporate Domains, Inc.": 3.0303030303030303,
        "CloudFlare, Inc.": 2.0202020202020203,
        "DropCatch.com 600 LLC": 1.0101010101010102,
        "EPAG DOMAINSERVICES GmbH": 1.0101010101010102,
        "EuroDNS S.A.": 1.0101010101010102,
        "GMO Internet, Inc. d/b/a Onamae.com": 1.0101010101010102,
        "Gabia, Inc.": 1.0101010101010102,
        "Gandi SAS": 5.05050505050505,
        "GoDaddy.com, LLC": 25.252525252525253,
        "Gransy, s.r.o.": 1.0101010101010102,
        "INWX GmbH": 1.0101010101010102,
        "Libyan Spider Network (int)": 1.0101010101010102,
        "MarkMonitor": 1.0101010101010102,
        "MarkMonitor Inc.": 17.171717171717173,
        "Mesh Digital Limited": 1.0101010101010102,
        "NameCheap, Inc.": 8.080808080808081,
        "Network Solutions, LLC": 3.0303030303030303,
        "OVH sas": 1.0101010101010102,
        "PDR Ltd. d/b/a PublicDomainRegistry.com": 1.0101010101010102,
        "Regional Network Information Center, JSC dba RU-CENTER": 3.0303030303030303,
        "Tucows Domains Inc.": 4.040404040404041,
        "Web Commerce Communications Limited dba WebNic.cc": 1.0101010101010102,
        "total": 100.00000000000001,
        "阿里云计算有限公司（万网）": 2.0202020202020203
    }
}