{
    "counter": {
        "Amazon Registrar, Inc.": 1,
        "DropCatch.com 600 LLC": 1,
        "EPAG DOMAINSERVICES GmbH": 1,
        "GoDaddy.com, LLC": 5,
        "Gransy, s.r.o.": 1,
        "MarkMonitor Inc.": 4,
        "NameCheap, Inc.": 1,
        "total": 14
    },
    "percentage": {
        "Amazon Registrar, Inc.": 7.142857142857143,
        "DropCatch.com 600 LLC": 7.142857142857143,
        "EPAG DOMAINSERVICES GmbH": 7.142857142857143,
        "GoDaddy.com, LLC": 35.714285714285715,
        "Gransy, s.r.o.": 7.142857142857143,
        "MarkMonitor Inc.": 28.571428571428573,
        "NameCheap, Inc.": 7.142857142857143,
        "total": 100.0
    }
}