{
    "counter": {
        "101domain GRS Ltd": 1,
        "Alibaba Cloud Computing (Beijing) Co., Ltd.": 1,
        "Amazon Registrar, Inc.": 2,
        "CloudFlare, Inc.": 1,
        "DropCatch.com 600 LLC": 1,
        "EPAG DOMAINSERVICES GmbH": 1,
        "Gandi SAS": 2,
        "GoDaddy.com, LLC": 9,
        "Gransy, s.r.o.": 1,
        "Libyan Spider Network (int)": 1,
        "MarkMonitor": 1,
        "MarkMonitor Inc.": 5,
        "Name SRS AB": 1,
        "NameCheap, Inc.": 3,
        "OVH sas": 1,
        "Tucows Domains Inc.": 1,
        "total": 33,
        "阿里云计算有限公司（万网）": 1
    },
    "percentage": {
        "101domain GRS Ltd": 3.0303030303030303,
        "Alibaba Cloud Computing (Beijing) Co., Ltd.": 3.0303030303030303,
        "Amazon Registrar, Inc.": 6.0606060606060606,
        "CloudFlare, Inc.": 3.0303030303030303,
        "DropCatch.com 600 LLC": 3.0303030303030303,
        "EPAG DOMAINSERVICES GmbH": 3.0303030303030303,
        "Gandi SAS": 6.0606060606060606,
        "GoDaddy.com, LLC": 27.272727272727273,
        "Gransy, s.r.o.": 3.0303030303030303,
        "Libyan Spider Network (int)": 3.0303030303030303,
        "MarkMonitor": 3.0303030303030303,
        "MarkMonitor Inc.": 15.151515151515152,
        "Name SRS AB": 3.0303030303030303,
        "NameCheap, Inc.": 9.090909090909092,
        "OVH sas": 3.0303030303030303,
        "Tucows Domains Inc.": 3.0303030303030303,
        "total": 100.00000000000001,
        "阿里云计算有限公司（万网）": 3.0303030303030303
    }
}