{
    "counter": {
        "Gransy s.r.o.": 4,
        "NETIM": 2,
        "NameCheap, Inc.": 4,
        "Namecheap": 2,
        "Spaceship, Inc.": 2,
        "URL Solutions Inc.": 14,
        "URL Solutions, Inc.": 10,
        "total": 38
    },
    "percentage": {
        "Gransy s.r.o.": 10.526315789473685,
        "NETIM": 5.2631578947368425,
        "NameCheap, Inc.": 10.526315789473685,
        "Namecheap": 5.2631578947368425,
        "Spaceship, Inc.": 5.2631578947368425,
        "URL Solutions Inc.": 36.8421052631579,
        "URL Solutions, Inc.": 26.31578947368421,
        "total": 100.0
    }
}