{
    "counter": {
        "101domain GRS Limited": 1,
        "Alibaba Cloud Computing (Beijing) Co., Ltd.": 3,
        "Amazon Registrar, Inc.": 7,
        "BigRock Solutions Ltd.": 1,
        "CSC Corporate Domains, Inc.": 3,
        "CloudFlare, Inc.": 2,
        "DomainSite, Inc.": 1,
        "DropCatch.com 600 LLC": 1,
        "EPAG DOMAINSERVICES GmbH": 1,
        "Gabia, Inc.": 1,
        "GoDaddy.com, LLC": 19,
        "Gransy, s.r.o.": 1,
        "Libyan Spider Network (int)": 1,
        "MarkMonitor": 1,
        "MarkMonitor Inc.": 25,
        "Moniker Online Services LLC": 1,
        "NameCheap, Inc.": 7,
        "Network Solutions, LLC": 2,
        "OVH sas": 1,
        "PDR Ltd. d/b/a PublicDomainRegistry.com": 1,
        "Regional Network Information Center, JSC dba RU-CENTER": 4,
        "RegistrarSafe, LLC": 1,
        "SafeBrands SAS": 1,
        "Tucows Domains Inc.": 5,
        "Xin Net Technology Corporation": 1,
        "total": 93,
        "阿里云计算有限公司（万网）": 1
    },
    "percentage": {
        "101domain GRS Limited": 1.075268817204301,
        "Alibaba Cloud Computing (Beijing) Co., Ltd.": 3.225806451612903,
        "Amazon Registrar, Inc.": 7.526881720430108,
        "BigRock Solutions Ltd.": 1.075268817204301,
        "CSC Corporate Domains, Inc.": 3.225806451612903,
        "CloudFlare, Inc.": 2.150537634408602,
        "DomainSite, Inc.": 1.075268817204301,
        "DropCatch.com 600 LLC": 1.075268817204301,
        "EPAG DOMAINSERVICES GmbH": 1.075268817204301,
        "Gabia, Inc.": 1.075268817204301,
        "GoDaddy.com, LLC": 20.43010752688172,
        "Gransy, s.r.o.": 1.075268817204301,
        "Libyan Spider Network (int)": 1.075268817204301,
        "MarkMonitor": 1.075268817204301,
        "MarkMonitor Inc.": 26.881720430107528,
        "Moniker Online Services LLC": 1.075268817204301,
        "NameCheap, Inc.": 7.526881720430108,
        "Network Solutions, LLC": 2.150537634408602,
        "OVH sas": 1.075268817204301,
        "PDR Ltd. d/b/a PublicDomainRegistry.com": 1.075268817204301,
        "Regional Network Information Center, JSC dba RU-CENTER": 4.301075268817204,
        "RegistrarSafe, LLC": 1.075268817204301,
        "SafeBrands SAS": 1.075268817204301,
        "Tucows Domains Inc.": 5.376344086021505,
        "Xin Net Technology Corporation": 1.075268817204301,
        "total": 100.00000000000003,
        "阿里云计算有限公司（万网）": 1.075268817204301
    }
}