{
    "counter": {
        "101domain GRS Limited": 1,
        "Alibaba Cloud Computing (Beijing) Co., Ltd.": 2,
        "Amazon Registrar, Inc.": 5,
        "BigRock Solutions Ltd.": 1,
        "CSC Corporate Domains, Inc.": 2,
        "CloudFlare, Inc.": 1,
        "DropCatch.com 600 LLC": 1,
        "EPAG DOMAINSERVICES GmbH": 1,
        "GoDaddy.com, LLC": 12,
        "Gransy, s.r.o.": 1,
        "MarkMonitor Inc.": 18,
        "Moniker Online Services LLC": 1,
        "NameCheap, Inc.": 6,
        "Network Solutions, LLC": 1,
        "Regional Network Information Center, JSC dba RU-CENTER": 4,
        "RegistrarSafe, LLC": 1,
        "SafeBrands SAS": 1,
        "Tucows Domains Inc.": 2,
        "Xin Net Technology Corporation": 1,
        "total": 63,
        "阿里云计算有限公司（万网）": 1
    },
    "percentage": {
        "101domain GRS Limited": 1.5873015873015872,
        "Alibaba Cloud Computing (Beijing) Co., Ltd.": 3.1746031746031744,
        "Amazon Registrar, Inc.": 7.936507936507937,
        "BigRock Solutions Ltd.": 1.5873015873015872,
        "CSC Corporate Domains, Inc.": 3.1746031746031744,
        "CloudFlare, Inc.": 1.5873015873015872,
        "DropCatch.com 600 LLC": 1.5873015873015872,
        "EPAG DOMAINSERVICES GmbH": 1.5873015873015872,
        "GoDaddy.com, LLC": 19.047619047619047,
        "Gransy, s.r.o.": 1.5873015873015872,
        "MarkMonitor Inc.": 28.571428571428573,
        "Moniker Online Services LLC": 1.5873015873015872,
        "NameCheap, Inc.": 9.523809523809524,
        "Network Solutions, LLC": 1.5873015873015872,
        "Regional Network Information Center, JSC dba RU-CENTER": 6.349206349206349,
        "RegistrarSafe, LLC": 1.5873015873015872,
        "SafeBrands SAS": 1.5873015873015872,
        "Tucows Domains Inc.": 3.1746031746031744,
        "Xin Net Technology Corporation": 1.5873015873015872,
        "total": 99.99999999999999,
        "阿里云计算有限公司（万网）": 1.5873015873015872
    }
}