{
    "counter": {
        "101domain GRS Limited": 1,
        "Alibaba Cloud Computing (Beijing) Co., Ltd.": 3,
        "Amazon Registrar, Inc.": 7,
        "BigRock Solutions Ltd.": 1,
        "CSC Corporate Domains, Inc.": 3,
        "CloudFlare, Inc.": 2,
        "DomainSite, Inc.": 1,
        "DropCatch.com 600 LLC": 1,
        "EPAG DOMAINSERVICES GmbH": 1,
        "Gabia, Inc.": 1,
        "GoDaddy.com, LLC": 20,
        "Gransy, s.r.o.": 1,
        "Libyan Spider Network (int)": 1,
        "MarkMonitor": 1,
        "MarkMonitor Inc.": 25,
        "Moniker Online Services LLC": 1,
        "NameCheap, Inc.": 7,
        "Network Solutions, LLC": 2,
        "OVH sas": 1,
        "PDR Ltd. d/b/a PublicDomainRegistry.com": 1,
        "Regional Network Information Center, JSC dba RU-CENTER": 4,
        "RegistrarSafe, LLC": 1,
        "SafeBrands SAS": 1,
        "Tucows Domains Inc.": 5,
        "Xin Net Technology Corporation": 1,
        "total": 94,
        "阿里云计算有限公司（万网）": 1
    },
    "percentage": {
        "101domain GRS Limited": 1.0638297872340425,
        "Alibaba Cloud Computing (Beijing) Co., Ltd.": 3.1914893617021276,
        "Amazon Registrar, Inc.": 7.446808510638298,
        "BigRock Solutions Ltd.": 1.0638297872340425,
        "CSC Corporate Domains, Inc.": 3.1914893617021276,
        "CloudFlare, Inc.": 2.127659574468085,
        "DomainSite, Inc.": 1.0638297872340425,
        "DropCatch.com 600 LLC": 1.0638297872340425,
        "EPAG DOMAINSERVICES GmbH": 1.0638297872340425,
        "Gabia, Inc.": 1.0638297872340425,
        "GoDaddy.com, LLC": 21.27659574468085,
        "Gransy, s.r.o.": 1.0638297872340425,
        "Libyan Spider Network (int)": 1.0638297872340425,
        "MarkMonitor": 1.0638297872340425,
        "MarkMonitor Inc.": 26.595744680851062,
        "Moniker Online Services LLC": 1.0638297872340425,
        "NameCheap, Inc.": 7.446808510638298,
        "Network Solutions, LLC": 2.127659574468085,
        "OVH sas": 1.0638297872340425,
        "PDR Ltd. d/b/a PublicDomainRegistry.com": 1.0638297872340425,
        "Regional Network Information Center, JSC dba RU-CENTER": 4.25531914893617,
        "RegistrarSafe, LLC": 1.0638297872340425,
        "SafeBrands SAS": 1.0638297872340425,
        "Tucows Domains Inc.": 5.319148936170213,
        "Xin Net Technology Corporation": 1.0638297872340425,
        "total": 99.99999999999996,
        "阿里云计算有限公司（万网）": 1.0638297872340425
    }
}