{
    "counter": {
        "CSC Corporate Domains, Inc.": 4,
        "CloudFlare, Inc.": 2,
        "Danesco Trading Ltd.": 4,
        "Dynadot Inc": 2,
        "GMO Internet Group, Inc. d/b/a Onamae.com": 2,
        "Go Daddy, LLC": 2,
        "GoDaddy.com, LLC": 22,
        "Mat Bao Corporation": 2,
        "Name.com, Inc.": 12,
        "NameCheap, Inc.": 30,
        "NameSilo, LLC": 2,
        "Namecheap": 6,
        "P.A Viet Nam Company Limited": 2,
        "P.A. Viet Nam Company Limited": 6,
        "URL Solutions Inc.": 2,
        "URL Solutions, Inc.": 2,
        "total": 102
    },
    "percentage": {
        "CSC Corporate Domains, Inc.": 3.9215686274509802,
        "CloudFlare, Inc.": 1.9607843137254901,
        "Danesco Trading Ltd.": 3.9215686274509802,
        "Dynadot Inc": 1.9607843137254901,
        "GMO Internet Group, Inc. d/b/a Onamae.com": 1.9607843137254901,
        "Go Daddy, LLC": 1.9607843137254901,
        "GoDaddy.com, LLC": 21.568627450980394,
        "Mat Bao Corporation": 1.9607843137254901,
        "Name.com, Inc.": 11.764705882352942,
        "NameCheap, Inc.": 29.41176470588235,
        "NameSilo, LLC": 1.9607843137254901,
        "Namecheap": 5.882352941176471,
        "P.A Viet Nam Company Limited": 1.9607843137254901,
        "P.A. Viet Nam Company Limited": 5.882352941176471,
        "URL Solutions Inc.": 1.9607843137254901,
        "URL Solutions, Inc.": 1.9607843137254901,
        "total": 99.99999999999997
    }
}