{
    "counter": {
        "101domain GRS Limited": 1,
        "101domain GRS Ltd": 1,
        "1API GmbH": 1,
        "Alibaba Cloud Computing (Beijing) Co., Ltd.": 3,
        "Amazon Registrar, Inc.": 6,
        "Beijing Innovative Linkage Software Service Co. Ltd": 1,
        "BigRock Solutions Ltd.": 1,
        "CSC Corporate Domains, Inc.": 3,
        "CloudFlare, Inc.": 2,
        "DropCatch.com 600 LLC": 1,
        "EPAG DOMAINSERVICES GmbH": 1,
        "EuroDNS S.A.": 1,
        "Gabia, Inc.": 1,
        "Gandi SAS": 5,
        "GoDaddy.com, LLC": 24,
        "Gransy, s.r.o.": 1,
        "INWX GmbH": 1,
        "Libyan Spider Network (int)": 1,
        "MarkMonitor": 1,
        "MarkMonitor Inc.": 17,
        "Mesh Digital Limited": 1,
        "NameCheap, Inc.": 8,
        "Network Solutions, LLC": 2,
        "OVH sas": 1,
        "PDR Ltd. d/b/a PublicDomainRegistry.com": 1,
        "Regional Network Information Center, JSC dba RU-CENTER": 3,
        "Tucows Domains Inc.": 3,
        "Web Commerce Communications Limited dba WebNic.cc": 1,
        "total": 95,
        "阿里云计算有限公司（万网）": 2
    },
    "percentage": {
        "101domain GRS Limited": 1.0526315789473684,
        "101domain GRS Ltd": 1.0526315789473684,
        "1API GmbH": 1.0526315789473684,
        "Alibaba Cloud Computing (Beijing) Co., Ltd.": 3.1578947368421053,
        "Amazon Registrar, Inc.": 6.315789473684211,
        "Beijing Innovative Linkage Software Service Co. Ltd": 1.0526315789473684,
        "BigRock Solutions Ltd.": 1.0526315789473684,
        "CSC Corporate Domains, Inc.": 3.1578947368421053,
        "CloudFlare, Inc.": 2.1052631578947367,
        "DropCatch.com 600 LLC": 1.0526315789473684,
        "EPAG DOMAINSERVICES GmbH": 1.0526315789473684,
        "EuroDNS S.A.": 1.0526315789473684,
        "Gabia, Inc.": 1.0526315789473684,
        "Gandi SAS": 5.2631578947368425,
        "GoDaddy.com, LLC": 25.263157894736842,
        "Gransy, s.r.o.": 1.0526315789473684,
        "INWX GmbH": 1.0526315789473684,
        "Libyan Spider Network (int)": 1.0526315789473684,
        "MarkMonitor": 1.0526315789473684,
        "MarkMonitor Inc.": 17.894736842105264,
        "Mesh Digital Limited": 1.0526315789473684,
        "NameCheap, Inc.": 8.421052631578947,
        "Network Solutions, LLC": 2.1052631578947367,
        "OVH sas": 1.0526315789473684,
        "PDR Ltd. d/b/a PublicDomainRegistry.com": 1.0526315789473684,
        "Regional Network Information Center, JSC dba RU-CENTER": 3.1578947368421053,
        "Tucows Domains Inc.": 3.1578947368421053,
        "Web Commerce Communications Limited dba WebNic.cc": 1.0526315789473684,
        "total": 100.00000000000003,
        "阿里云计算有限公司（万网）": 2.1052631578947367
    }
}