{
    "counter": {
        "Gransy s.r.o.": 4,
        "MARCARIA INTERNATIONAL LLC": 2,
        "Spaceship, Inc.": 2,
        "URL Solutions Inc.": 14,
        "total": 22
    },
    "percentage": {
        "Gransy s.r.o.": 18.181818181818183,
        "MARCARIA INTERNATIONAL LLC": 9.090909090909092,
        "Spaceship, Inc.": 9.090909090909092,
        "URL Solutions Inc.": 63.63636363636363,
        "total": 100.0
    }
}