{
    "counter": {
        "101domain GRS Ltd": 1,
        "Alibaba Cloud Computing (Beijing) Co., Ltd.": 1,
        "Amazon Registrar, Inc.": 2,
        "CloudFlare, Inc.": 1,
        "DropCatch.com 600 LLC": 1,
        "EPAG DOMAINSERVICES GmbH": 1,
        "Eranet International Limited": 1,
        "EuroDNS S.A.": 1,
        "Gandi SAS": 3,
        "GoDaddy.com, LLC": 17,
        "Gransy, s.r.o.": 1,
        "Libyan Spider Network (int)": 1,
        "MarkMonitor": 1,
        "MarkMonitor Inc.": 5,
        "Name SRS AB": 1,
        "NameCheap, Inc.": 4,
        "OVH sas": 1,
        "Regional Network Information Center, JSC dba RU-CENTER": 1,
        "Tucows Domains Inc.": 1,
        "Vautron Rechenzentrum AG": 1,
        "Xin Net Technology Corporation": 1,
        "eNom, LLC": 1,
        "total": 49,
        "阿里云计算有限公司（万网）": 1
    },
    "percentage": {
        "101domain GRS Ltd": 2.0408163265306123,
        "Alibaba Cloud Computing (Beijing) Co., Ltd.": 2.0408163265306123,
        "Amazon Registrar, Inc.": 4.081632653061225,
        "CloudFlare, Inc.": 2.0408163265306123,
        "DropCatch.com 600 LLC": 2.0408163265306123,
        "EPAG DOMAINSERVICES GmbH": 2.0408163265306123,
        "Eranet International Limited": 2.0408163265306123,
        "EuroDNS S.A.": 2.0408163265306123,
        "Gandi SAS": 6.122448979591836,
        "GoDaddy.com, LLC": 34.69387755102041,
        "Gransy, s.r.o.": 2.0408163265306123,
        "Libyan Spider Network (int)": 2.0408163265306123,
        "MarkMonitor": 2.0408163265306123,
        "MarkMonitor Inc.": 10.204081632653061,
        "Name SRS AB": 2.0408163265306123,
        "NameCheap, Inc.": 8.16326530612245,
        "OVH sas": 2.0408163265306123,
        "Regional Network Information Center, JSC dba RU-CENTER": 2.0408163265306123,
        "Tucows Domains Inc.": 2.0408163265306123,
        "Vautron Rechenzentrum AG": 2.0408163265306123,
        "Xin Net Technology Corporation": 2.0408163265306123,
        "eNom, LLC": 2.0408163265306123,
        "total": 100.00000000000004,
        "阿里云计算有限公司（万网）": 2.0408163265306123
    }
}