{
    "counter": {
        "Alibaba Cloud Computing (Beijing) Co., Ltd.": 1,
        "Amazon Registrar, Inc.": 1,
        "DropCatch.com 600 LLC": 1,
        "EPAG DOMAINSERVICES GmbH": 1,
        "GoDaddy.com, LLC": 7,
        "Gransy, s.r.o.": 1,
        "MarkMonitor": 1,
        "MarkMonitor Inc.": 5,
        "NameCheap, Inc.": 1,
        "OVH sas": 1,
        "Tucows Domains Inc.": 1,
        "total": 21
    },
    "percentage": {
        "Alibaba Cloud Computing (Beijing) Co., Ltd.": 4.761904761904762,
        "Amazon Registrar, Inc.": 4.761904761904762,
        "DropCatch.com 600 LLC": 4.761904761904762,
        "EPAG DOMAINSERVICES GmbH": 4.761904761904762,
        "GoDaddy.com, LLC": 33.333333333333336,
        "Gransy, s.r.o.": 4.761904761904762,
        "MarkMonitor": 4.761904761904762,
        "MarkMonitor Inc.": 23.80952380952381,
        "NameCheap, Inc.": 4.761904761904762,
        "OVH sas": 4.761904761904762,
        "Tucows Domains Inc.": 4.761904761904762,
        "total": 99.99999999999999
    }
}