{
    "counter": {
        "101domain GRS Limited": 1,
        "Alibaba Cloud Computing (Beijing) Co., Ltd.": 2,
        "Amazon Registrar, Inc.": 5,
        "BigRock Solutions Ltd.": 1,
        "CSC Corporate Domains, Inc.": 2,
        "CloudFlare, Inc.": 1,
        "DropCatch.com 600 LLC": 1,
        "EPAG DOMAINSERVICES GmbH": 1,
        "GoDaddy.com, LLC": 12,
        "Gransy, s.r.o.": 1,
        "MarkMonitor Inc.": 18,
        "Moniker Online Services LLC": 1,
        "NameCheap, Inc.": 6,
        "Network Solutions, LLC": 1,
        "Regional Network Information Center, JSC dba RU-CENTER": 4,
        "RegistrarSafe, LLC": 1,
        "SafeBrands SAS": 1,
        "Tucows Domains Inc.": 4,
        "Xin Net Technology Corporation": 1,
        "total": 65,
        "阿里云计算有限公司（万网）": 1
    },
    "percentage": {
        "101domain GRS Limited": 1.5384615384615385,
        "Alibaba Cloud Computing (Beijing) Co., Ltd.": 3.076923076923077,
        "Amazon Registrar, Inc.": 7.6923076923076925,
        "BigRock Solutions Ltd.": 1.5384615384615385,
        "CSC Corporate Domains, Inc.": 3.076923076923077,
        "CloudFlare, Inc.": 1.5384615384615385,
        "DropCatch.com 600 LLC": 1.5384615384615385,
        "EPAG DOMAINSERVICES GmbH": 1.5384615384615385,
        "GoDaddy.com, LLC": 18.46153846153846,
        "Gransy, s.r.o.": 1.5384615384615385,
        "MarkMonitor Inc.": 27.692307692307693,
        "Moniker Online Services LLC": 1.5384615384615385,
        "NameCheap, Inc.": 9.23076923076923,
        "Network Solutions, LLC": 1.5384615384615385,
        "Regional Network Information Center, JSC dba RU-CENTER": 6.153846153846154,
        "RegistrarSafe, LLC": 1.5384615384615385,
        "SafeBrands SAS": 1.5384615384615385,
        "Tucows Domains Inc.": 6.153846153846154,
        "Xin Net Technology Corporation": 1.5384615384615385,
        "total": 99.99999999999997,
        "阿里云计算有限公司（万网）": 1.5384615384615385
    }
}