{
    "counter": {
        "Alibaba Cloud Computing (Beijing) Co., Ltd.": 2,
        "Amazon Registrar, Inc.": 2,
        "Beijing Innovative Linkage Software Service Co. Ltd": 1,
        "BigRock Solutions Ltd.": 1,
        "CSC Corporate Domains, Inc.": 1,
        "CloudFlare, Inc.": 2,
        "EPAG DOMAINSERVICES GmbH": 1,
        "Gabia, Inc.": 1,
        "Gandi SAS": 1,
        "GoDaddy.com, LLC": 5,
        "Libyan Spider Network (int)": 1,
        "MarkMonitor": 1,
        "MarkMonitor Inc.": 5,
        "NameCheap, Inc.": 2,
        "OVH sas": 1,
        "Regional Network Information Center, JSC dba RU-CENTER": 1,
        "total": 29,
        "阿里云计算有限公司（万网）": 1
    },
    "percentage": {
        "Alibaba Cloud Computing (Beijing) Co., Ltd.": 6.896551724137931,
        "Amazon Registrar, Inc.": 6.896551724137931,
        "Beijing Innovative Linkage Software Service Co. Ltd": 3.4482758620689653,
        "BigRock Solutions Ltd.": 3.4482758620689653,
        "CSC Corporate Domains, Inc.": 3.4482758620689653,
        "CloudFlare, Inc.": 6.896551724137931,
        "EPAG DOMAINSERVICES GmbH": 3.4482758620689653,
        "Gabia, Inc.": 3.4482758620689653,
        "Gandi SAS": 3.4482758620689653,
        "GoDaddy.com, LLC": 17.24137931034483,
        "Libyan Spider Network (int)": 3.4482758620689653,
        "MarkMonitor": 3.4482758620689653,
        "MarkMonitor Inc.": 17.24137931034483,
        "NameCheap, Inc.": 6.896551724137931,
        "OVH sas": 3.4482758620689653,
        "Regional Network Information Center, JSC dba RU-CENTER": 3.4482758620689653,
        "total": 100.00000000000001,
        "阿里云计算有限公司（万网）": 3.4482758620689653
    }
}