{
    "counter": {
        "101domain GRS Limited": 1,
        "Alibaba Cloud Computing (Beijing) Co., Ltd.": 3,
        "Amazon Registrar, Inc.": 7,
        "BigRock Solutions Ltd.": 1,
        "CSC Corporate Domains, Inc.": 3,
        "CloudFlare, Inc.": 2,
        "DomainSite, Inc.": 1,
        "DropCatch.com 600 LLC": 1,
        "EPAG DOMAINSERVICES GmbH": 1,
        "Gabia, Inc.": 1,
        "Gandi SAS": 1,
        "GoDaddy.com, LLC": 22,
        "Gransy, s.r.o.": 1,
        "Libyan Spider Network (int)": 1,
        "MarkMonitor": 1,
        "MarkMonitor Inc.": 26,
        "Moniker Online Services LLC": 1,
        "NameCheap, Inc.": 7,
        "Network Solutions, LLC": 2,
        "OVH sas": 1,
        "PDR Ltd. d/b/a PublicDomainRegistry.com": 1,
        "Regional Network Information Center, JSC dba RU-CENTER": 4,
        "RegistrarSafe, LLC": 1,
        "SafeBrands SAS": 1,
        "Tucows Domains Inc.": 5,
        "Xin Net Technology Corporation": 1,
        "total": 98,
        "阿里云计算有限公司（万网）": 1
    },
    "percentage": {
        "101domain GRS Limited": 1.0204081632653061,
        "Alibaba Cloud Computing (Beijing) Co., Ltd.": 3.061224489795918,
        "Amazon Registrar, Inc.": 7.142857142857143,
        "BigRock Solutions Ltd.": 1.0204081632653061,
        "CSC Corporate Domains, Inc.": 3.061224489795918,
        "CloudFlare, Inc.": 2.0408163265306123,
        "DomainSite, Inc.": 1.0204081632653061,
        "DropCatch.com 600 LLC": 1.0204081632653061,
        "EPAG DOMAINSERVICES GmbH": 1.0204081632653061,
        "Gabia, Inc.": 1.0204081632653061,
        "Gandi SAS": 1.0204081632653061,
        "GoDaddy.com, LLC": 22.448979591836736,
        "Gransy, s.r.o.": 1.0204081632653061,
        "Libyan Spider Network (int)": 1.0204081632653061,
        "MarkMonitor": 1.0204081632653061,
        "MarkMonitor Inc.": 26.53061224489796,
        "Moniker Online Services LLC": 1.0204081632653061,
        "NameCheap, Inc.": 7.142857142857143,
        "Network Solutions, LLC": 2.0408163265306123,
        "OVH sas": 1.0204081632653061,
        "PDR Ltd. d/b/a PublicDomainRegistry.com": 1.0204081632653061,
        "Regional Network Information Center, JSC dba RU-CENTER": 4.081632653061225,
        "RegistrarSafe, LLC": 1.0204081632653061,
        "SafeBrands SAS": 1.0204081632653061,
        "Tucows Domains Inc.": 5.1020408163265305,
        "Xin Net Technology Corporation": 1.0204081632653061,
        "total": 99.99999999999997,
        "阿里云计算有限公司（万网）": 1.0204081632653061
    }
}