{
    "counter": {
        "101domain GRS Limited": 1,
        "Alibaba Cloud Computing (Beijing) Co., Ltd.": 3,
        "Amazon Registrar, Inc.": 5,
        "BigRock Solutions Ltd.": 1,
        "CSC Corporate Domains, Inc.": 2,
        "CloudFlare, Inc.": 1,
        "DropCatch.com 600 LLC": 1,
        "EPAG DOMAINSERVICES GmbH": 1,
        "Gabia, Inc.": 1,
        "GoDaddy.com, LLC": 14,
        "Gransy, s.r.o.": 1,
        "MarkMonitor": 1,
        "MarkMonitor Inc.": 21,
        "Moniker Online Services LLC": 1,
        "NameCheap, Inc.": 4,
        "Network Solutions, LLC": 2,
        "OVH sas": 1,
        "PDR Ltd. d/b/a PublicDomainRegistry.com": 1,
        "Regional Network Information Center, JSC dba RU-CENTER": 4,
        "RegistrarSafe, LLC": 1,
        "SafeBrands SAS": 1,
        "Tucows Domains Inc.": 5,
        "Xin Net Technology Corporation": 1,
        "total": 74
    },
    "percentage": {
        "101domain GRS Limited": 1.3513513513513513,
        "Alibaba Cloud Computing (Beijing) Co., Ltd.": 4.054054054054054,
        "Amazon Registrar, Inc.": 6.756756756756757,
        "BigRock Solutions Ltd.": 1.3513513513513513,
        "CSC Corporate Domains, Inc.": 2.7027027027027026,
        "CloudFlare, Inc.": 1.3513513513513513,
        "DropCatch.com 600 LLC": 1.3513513513513513,
        "EPAG DOMAINSERVICES GmbH": 1.3513513513513513,
        "Gabia, Inc.": 1.3513513513513513,
        "GoDaddy.com, LLC": 18.91891891891892,
        "Gransy, s.r.o.": 1.3513513513513513,
        "MarkMonitor": 1.3513513513513513,
        "MarkMonitor Inc.": 28.37837837837838,
        "Moniker Online Services LLC": 1.3513513513513513,
        "NameCheap, Inc.": 5.405405405405405,
        "Network Solutions, LLC": 2.7027027027027026,
        "OVH sas": 1.3513513513513513,
        "PDR Ltd. d/b/a PublicDomainRegistry.com": 1.3513513513513513,
        "Regional Network Information Center, JSC dba RU-CENTER": 5.405405405405405,
        "RegistrarSafe, LLC": 1.3513513513513513,
        "SafeBrands SAS": 1.3513513513513513,
        "Tucows Domains Inc.": 6.756756756756757,
        "Xin Net Technology Corporation": 1.3513513513513513,
        "total": 100.00000000000003
    }
}