{
    "counter": {
        "Above.com Pty Ltd.": 2,
        "GMO Internet Group, Inc. d/b/a Onamae.com": 4,
        "Gransy s.r.o.": 4,
        "Name.com, Inc.": 6,
        "NameCheap, Inc.": 26,
        "Namecheap": 2,
        "Spaceship, Inc.": 2,
        "URL Solutions Inc.": 14,
        "URL Solutions, Inc.": 16,
        "total": 76
    },
    "percentage": {
        "Above.com Pty Ltd.": 2.6315789473684212,
        "GMO Internet Group, Inc. d/b/a Onamae.com": 5.2631578947368425,
        "Gransy s.r.o.": 5.2631578947368425,
        "Name.com, Inc.": 7.894736842105263,
        "NameCheap, Inc.": 34.21052631578947,
        "Namecheap": 2.6315789473684212,
        "Spaceship, Inc.": 2.6315789473684212,
        "URL Solutions Inc.": 18.42105263157895,
        "URL Solutions, Inc.": 21.05263157894737,
        "total": 100.0
    }
}