{
    "counter": {
        "Above.com Pty Ltd": 6,
        "CommuniGal Communication Ltd.": 2,
        "Dynadot LLC": 2,
        "Gransy s.r.o.": 6,
        "MarkMonitor": 2,
        "Namecheap": 6,
        "REG-WEDOS": 2,
        "Spaceship, Inc.": 2,
        "URL Solutions Inc.": 18,
        "total": 46
    },
    "percentage": {
        "Above.com Pty Ltd": 13.043478260869565,
        "CommuniGal Communication Ltd.": 4.3478260869565215,
        "Dynadot LLC": 4.3478260869565215,
        "Gransy s.r.o.": 13.043478260869565,
        "MarkMonitor": 4.3478260869565215,
        "Namecheap": 13.043478260869565,
        "REG-WEDOS": 4.3478260869565215,
        "Spaceship, Inc.": 4.3478260869565215,
        "URL Solutions Inc.": 39.130434782608695,
        "total": 100.0
    }
}