{
    "counter": {
        "Gransy s.r.o.": 4,
        "NETIM": 2,
        "Name.com, Inc.": 4,
        "NameCheap, Inc.": 4,
        "Namecheap": 2,
        "Spaceship, Inc.": 2,
        "URL Solutions Inc.": 14,
        "URL Solutions, Inc.": 10,
        "total": 42
    },
    "percentage": {
        "Gransy s.r.o.": 9.523809523809524,
        "NETIM": 4.761904761904762,
        "Name.com, Inc.": 9.523809523809524,
        "NameCheap, Inc.": 9.523809523809524,
        "Namecheap": 4.761904761904762,
        "Spaceship, Inc.": 4.761904761904762,
        "URL Solutions Inc.": 33.333333333333336,
        "URL Solutions, Inc.": 23.80952380952381,
        "total": 100.0
    }
}