{
    "counter": {
        "101domain GRS Limited": 1,
        "101domain GRS Ltd": 1,
        "Alibaba Cloud Computing (Beijing) Co., Ltd.": 2,
        "Amazon Registrar, Inc.": 4,
        "Beijing Innovative Linkage Software Service Co. Ltd": 1,
        "BigRock Solutions Ltd.": 1,
        "CSC Corporate Domains, Inc.": 1,
        "CloudFlare, Inc.": 1,
        "DropCatch.com 600 LLC": 1,
        "EPAG DOMAINSERVICES GmbH": 1,
        "GMO Internet, Inc. d/b/a Onamae.com": 1,
        "Gabia, Inc.": 1,
        "Gandi SAS": 3,
        "GoDaddy.com, LLC": 14,
        "Gransy, s.r.o.": 1,
        "INWX GmbH": 1,
        "Libyan Spider Network (int)": 1,
        "MarkMonitor": 1,
        "MarkMonitor Inc.": 7,
        "NameCheap, Inc.": 6,
        "OVH sas": 1,
        "PDR Ltd. d/b/a PublicDomainRegistry.com": 1,
        "Regional Network Information Center, JSC dba RU-CENTER": 2,
        "Tucows Domains Inc.": 2,
        "Web Commerce Communications Limited dba WebNic.cc": 1,
        "total": 59,
        "阿里云计算有限公司（万网）": 2
    },
    "percentage": {
        "101domain GRS Limited": 1.694915254237288,
        "101domain GRS Ltd": 1.694915254237288,
        "Alibaba Cloud Computing (Beijing) Co., Ltd.": 3.389830508474576,
        "Amazon Registrar, Inc.": 6.779661016949152,
        "Beijing Innovative Linkage Software Service Co. Ltd": 1.694915254237288,
        "BigRock Solutions Ltd.": 1.694915254237288,
        "CSC Corporate Domains, Inc.": 1.694915254237288,
        "CloudFlare, Inc.": 1.694915254237288,
        "DropCatch.com 600 LLC": 1.694915254237288,
        "EPAG DOMAINSERVICES GmbH": 1.694915254237288,
        "GMO Internet, Inc. d/b/a Onamae.com": 1.694915254237288,
        "Gabia, Inc.": 1.694915254237288,
        "Gandi SAS": 5.084745762711864,
        "GoDaddy.com, LLC": 23.728813559322035,
        "Gransy, s.r.o.": 1.694915254237288,
        "INWX GmbH": 1.694915254237288,
        "Libyan Spider Network (int)": 1.694915254237288,
        "MarkMonitor": 1.694915254237288,
        "MarkMonitor Inc.": 11.864406779661017,
        "NameCheap, Inc.": 10.169491525423728,
        "OVH sas": 1.694915254237288,
        "PDR Ltd. d/b/a PublicDomainRegistry.com": 1.694915254237288,
        "Regional Network Information Center, JSC dba RU-CENTER": 3.389830508474576,
        "Tucows Domains Inc.": 3.389830508474576,
        "Web Commerce Communications Limited dba WebNic.cc": 1.694915254237288,
        "total": 99.99999999999997,
        "阿里云计算有限公司（万网）": 3.389830508474576
    }
}