{
    "counter": {
        "101domain GRS Limited": 1,
        "101domain GRS Ltd": 1,
        "1API GmbH": 1,
        "Alibaba Cloud Computing (Beijing) Co., Ltd.": 3,
        "Amazon Registrar, Inc.": 9,
        "Beijing Innovative Linkage Software Service Co. Ltd": 1,
        "BigRock Solutions Ltd.": 1,
        "CSC Corporate Domains, Inc.": 5,
        "CloudFlare, Inc.": 2,
        "DropCatch.com 600 LLC": 1,
        "EPAG DOMAINSERVICES GmbH": 1,
        "GMO Internet, Inc. d/b/a Onamae.com": 1,
        "Gabia, Inc.": 1,
        "Gandi SAS": 5,
        "GoDaddy.com, LLC": 34,
        "Gransy, s.r.o.": 1,
        "INWX GmbH": 1,
        "Libyan Spider Network (int)": 1,
        "MarkMonitor": 1,
        "MarkMonitor Inc.": 18,
        "Mesh Digital Limited": 1,
        "Name SRS AB": 2,
        "NameCheap, Inc.": 10,
        "Network Solutions, LLC": 2,
        "OVH sas": 1,
        "PDR Ltd. d/b/a PublicDomainRegistry.com": 2,
        "Rebel Ltd": 1,
        "Rebel.ca Corp.": 1,
        "Regional Network Information Center, JSC dba RU-CENTER": 3,
        "Tucows Domains Inc.": 6,
        "Web Commerce Communications Limited dba WebNic.cc": 1,
        "total": 121,
        "阿里云计算有限公司（万网）": 2
    },
    "percentage": {
        "101domain GRS Limited": 0.8264462809917356,
        "101domain GRS Ltd": 0.8264462809917356,
        "1API GmbH": 0.8264462809917356,
        "Alibaba Cloud Computing (Beijing) Co., Ltd.": 2.479338842975207,
        "Amazon Registrar, Inc.": 7.43801652892562,
        "Beijing Innovative Linkage Software Service Co. Ltd": 0.8264462809917356,
        "BigRock Solutions Ltd.": 0.8264462809917356,
        "CSC Corporate Domains, Inc.": 4.132231404958677,
        "CloudFlare, Inc.": 1.6528925619834711,
        "DropCatch.com 600 LLC": 0.8264462809917356,
        "EPAG DOMAINSERVICES GmbH": 0.8264462809917356,
        "GMO Internet, Inc. d/b/a Onamae.com": 0.8264462809917356,
        "Gabia, Inc.": 0.8264462809917356,
        "Gandi SAS": 4.132231404958677,
        "GoDaddy.com, LLC": 28.09917355371901,
        "Gransy, s.r.o.": 0.8264462809917356,
        "INWX GmbH": 0.8264462809917356,
        "Libyan Spider Network (int)": 0.8264462809917356,
        "MarkMonitor": 0.8264462809917356,
        "MarkMonitor Inc.": 14.87603305785124,
        "Mesh Digital Limited": 0.8264462809917356,
        "Name SRS AB": 1.6528925619834711,
        "NameCheap, Inc.": 8.264462809917354,
        "Network Solutions, LLC": 1.6528925619834711,
        "OVH sas": 0.8264462809917356,
        "PDR Ltd. d/b/a PublicDomainRegistry.com": 1.6528925619834711,
        "Rebel Ltd": 0.8264462809917356,
        "Rebel.ca Corp.": 0.8264462809917356,
        "Regional Network Information Center, JSC dba RU-CENTER": 2.479338842975207,
        "Tucows Domains Inc.": 4.958677685950414,
        "Web Commerce Communications Limited dba WebNic.cc": 0.8264462809917356,
        "total": 100.00000000000004,
        "阿里云计算有限公司（万网）": 1.6528925619834711
    }
}