{
    "counter": {
        "Above.com Pty Ltd.": 4,
        "Gransy s.r.o.": 4,
        "MARCARIA INTERNATIONAL LLC": 2,
        "MarkMonitor": 2,
        "NameCheap, Inc.": 2,
        "Namecheap": 8,
        "Spaceship, Inc.": 2,
        "URL Solutions Inc.": 22,
        "URL Solutions, Inc.": 2,
        "total": 48
    },
    "percentage": {
        "Above.com Pty Ltd.": 8.333333333333334,
        "Gransy s.r.o.": 8.333333333333334,
        "MARCARIA INTERNATIONAL LLC": 4.166666666666667,
        "MarkMonitor": 4.166666666666667,
        "NameCheap, Inc.": 4.166666666666667,
        "Namecheap": 16.666666666666668,
        "Spaceship, Inc.": 4.166666666666667,
        "URL Solutions Inc.": 45.833333333333336,
        "URL Solutions, Inc.": 4.166666666666667,
        "total": 100.0
    }
}