{
    "counter": {
        "101domain GRS Limited": 1,
        "101domain GRS Ltd": 1,
        "1API GmbH": 1,
        "Alibaba Cloud Computing (Beijing) Co., Ltd.": 3,
        "Amazon Registrar, Inc.": 6,
        "Beijing Innovative Linkage Software Service Co. Ltd": 1,
        "BigRock Solutions Ltd.": 1,
        "CSC Corporate Domains, Inc.": 3,
        "CloudFlare, Inc.": 2,
        "DropCatch.com 600 LLC": 1,
        "EPAG DOMAINSERVICES GmbH": 1,
        "EuroDNS S.A.": 1,
        "GMO Internet, Inc. d/b/a Onamae.com": 1,
        "Gabia, Inc.": 1,
        "Gandi SAS": 6,
        "GoDaddy.com, LLC": 27,
        "Gransy, s.r.o.": 1,
        "INWX GmbH": 1,
        "Libyan Spider Network (int)": 1,
        "MarkMonitor": 1,
        "MarkMonitor Inc.": 17,
        "Mesh Digital Limited": 1,
        "NameCheap, Inc.": 9,
        "Network Solutions, LLC": 3,
        "OVH sas": 1,
        "PDR Ltd. d/b/a PublicDomainRegistry.com": 1,
        "Rebel Ltd": 1,
        "Rebel.ca Corp.": 1,
        "Regional Network Information Center, JSC dba RU-CENTER": 3,
        "Tucows Domains Inc.": 4,
        "Web Commerce Communications Limited dba WebNic.cc": 1,
        "total": 105,
        "阿里云计算有限公司（万网）": 2
    },
    "percentage": {
        "101domain GRS Limited": 0.9523809523809523,
        "101domain GRS Ltd": 0.9523809523809523,
        "1API GmbH": 0.9523809523809523,
        "Alibaba Cloud Computing (Beijing) Co., Ltd.": 2.857142857142857,
        "Amazon Registrar, Inc.": 5.714285714285714,
        "Beijing Innovative Linkage Software Service Co. Ltd": 0.9523809523809523,
        "BigRock Solutions Ltd.": 0.9523809523809523,
        "CSC Corporate Domains, Inc.": 2.857142857142857,
        "CloudFlare, Inc.": 1.9047619047619047,
        "DropCatch.com 600 LLC": 0.9523809523809523,
        "EPAG DOMAINSERVICES GmbH": 0.9523809523809523,
        "EuroDNS S.A.": 0.9523809523809523,
        "GMO Internet, Inc. d/b/a Onamae.com": 0.9523809523809523,
        "Gabia, Inc.": 0.9523809523809523,
        "Gandi SAS": 5.714285714285714,
        "GoDaddy.com, LLC": 25.714285714285715,
        "Gransy, s.r.o.": 0.9523809523809523,
        "INWX GmbH": 0.9523809523809523,
        "Libyan Spider Network (int)": 0.9523809523809523,
        "MarkMonitor": 0.9523809523809523,
        "MarkMonitor Inc.": 16.19047619047619,
        "Mesh Digital Limited": 0.9523809523809523,
        "NameCheap, Inc.": 8.571428571428571,
        "Network Solutions, LLC": 2.857142857142857,
        "OVH sas": 0.9523809523809523,
        "PDR Ltd. d/b/a PublicDomainRegistry.com": 0.9523809523809523,
        "Rebel Ltd": 0.9523809523809523,
        "Rebel.ca Corp.": 0.9523809523809523,
        "Regional Network Information Center, JSC dba RU-CENTER": 2.857142857142857,
        "Tucows Domains Inc.": 3.8095238095238093,
        "Web Commerce Communications Limited dba WebNic.cc": 0.9523809523809523,
        "total": 99.99999999999997,
        "阿里云计算有限公司（万网）": 1.9047619047619047
    }
}