{
    "counter": {
        "101domain GRS Limited": 1,
        "101domain GRS Ltd": 1,
        "1API GmbH": 1,
        "Alibaba Cloud Computing (Beijing) Co., Ltd.": 3,
        "Amazon Registrar, Inc.": 7,
        "Beijing Innovative Linkage Software Service Co. Ltd": 1,
        "BigRock Solutions Ltd.": 1,
        "CSC Corporate Domains, Inc.": 5,
        "CloudFlare, Inc.": 2,
        "DropCatch.com 600 LLC": 1,
        "EPAG DOMAINSERVICES GmbH": 1,
        "GMO Internet, Inc. d/b/a Onamae.com": 1,
        "Gabia, Inc.": 1,
        "Gandi SAS": 5,
        "GoDaddy.com, LLC": 30,
        "Gransy, s.r.o.": 1,
        "INWX GmbH": 1,
        "Libyan Spider Network (int)": 1,
        "MarkMonitor": 1,
        "MarkMonitor Inc.": 18,
        "Mesh Digital Limited": 1,
        "NameCheap, Inc.": 10,
        "Network Solutions, LLC": 2,
        "OVH sas": 1,
        "PDR Ltd. d/b/a PublicDomainRegistry.com": 2,
        "Rebel Ltd": 1,
        "Rebel.ca Corp.": 1,
        "Regional Network Information Center, JSC dba RU-CENTER": 3,
        "Tucows Domains Inc.": 6,
        "Web Commerce Communications Limited dba WebNic.cc": 1,
        "total": 113,
        "阿里云计算有限公司（万网）": 2
    },
    "percentage": {
        "101domain GRS Limited": 0.8849557522123894,
        "101domain GRS Ltd": 0.8849557522123894,
        "1API GmbH": 0.8849557522123894,
        "Alibaba Cloud Computing (Beijing) Co., Ltd.": 2.6548672566371683,
        "Amazon Registrar, Inc.": 6.1946902654867255,
        "Beijing Innovative Linkage Software Service Co. Ltd": 0.8849557522123894,
        "BigRock Solutions Ltd.": 0.8849557522123894,
        "CSC Corporate Domains, Inc.": 4.424778761061947,
        "CloudFlare, Inc.": 1.7699115044247788,
        "DropCatch.com 600 LLC": 0.8849557522123894,
        "EPAG DOMAINSERVICES GmbH": 0.8849557522123894,
        "GMO Internet, Inc. d/b/a Onamae.com": 0.8849557522123894,
        "Gabia, Inc.": 0.8849557522123894,
        "Gandi SAS": 4.424778761061947,
        "GoDaddy.com, LLC": 26.548672566371682,
        "Gransy, s.r.o.": 0.8849557522123894,
        "INWX GmbH": 0.8849557522123894,
        "Libyan Spider Network (int)": 0.8849557522123894,
        "MarkMonitor": 0.8849557522123894,
        "MarkMonitor Inc.": 15.929203539823009,
        "Mesh Digital Limited": 0.8849557522123894,
        "NameCheap, Inc.": 8.849557522123893,
        "Network Solutions, LLC": 1.7699115044247788,
        "OVH sas": 0.8849557522123894,
        "PDR Ltd. d/b/a PublicDomainRegistry.com": 1.7699115044247788,
        "Rebel Ltd": 0.8849557522123894,
        "Rebel.ca Corp.": 0.8849557522123894,
        "Regional Network Information Center, JSC dba RU-CENTER": 2.6548672566371683,
        "Tucows Domains Inc.": 5.3097345132743365,
        "Web Commerce Communications Limited dba WebNic.cc": 0.8849557522123894,
        "total": 100.00000000000003,
        "阿里云计算有限公司（万网）": 1.7699115044247788
    }
}