{
    "counter": {
        "101domain GRS Limited": 1,
        "Amazon Registrar, Inc.": 4,
        "BigRock Solutions Ltd.": 1,
        "CSC Corporate Domains, Inc.": 2,
        "DropCatch.com 600 LLC": 1,
        "EPAG DOMAINSERVICES GmbH": 1,
        "GoDaddy.com, LLC": 10,
        "Gransy, s.r.o.": 1,
        "MarkMonitor Inc.": 18,
        "NameCheap, Inc.": 4,
        "Network Solutions, LLC": 1,
        "Regional Network Information Center, JSC dba RU-CENTER": 4,
        "RegistrarSafe, LLC": 1,
        "SafeBrands SAS": 1,
        "Tucows Domains Inc.": 1,
        "Xin Net Technology Corporation": 1,
        "total": 53,
        "阿里云计算有限公司（万网）": 1
    },
    "percentage": {
        "101domain GRS Limited": 1.8867924528301887,
        "Amazon Registrar, Inc.": 7.547169811320755,
        "BigRock Solutions Ltd.": 1.8867924528301887,
        "CSC Corporate Domains, Inc.": 3.7735849056603774,
        "DropCatch.com 600 LLC": 1.8867924528301887,
        "EPAG DOMAINSERVICES GmbH": 1.8867924528301887,
        "GoDaddy.com, LLC": 18.867924528301888,
        "Gransy, s.r.o.": 1.8867924528301887,
        "MarkMonitor Inc.": 33.9622641509434,
        "NameCheap, Inc.": 7.547169811320755,
        "Network Solutions, LLC": 1.8867924528301887,
        "Regional Network Information Center, JSC dba RU-CENTER": 7.547169811320755,
        "RegistrarSafe, LLC": 1.8867924528301887,
        "SafeBrands SAS": 1.8867924528301887,
        "Tucows Domains Inc.": 1.8867924528301887,
        "Xin Net Technology Corporation": 1.8867924528301887,
        "total": 100.00000000000003,
        "阿里云计算有限公司（万网）": 1.8867924528301887
    }
}