{
    "counter": {
        "101domain GRS Limited": 1,
        "101domain GRS Ltd": 1,
        "1API GmbH": 1,
        "Alibaba Cloud Computing (Beijing) Co., Ltd.": 3,
        "Amazon Registrar, Inc.": 6,
        "Beijing Innovative Linkage Software Service Co. Ltd": 1,
        "BigRock Solutions Ltd.": 1,
        "CSC Corporate Domains, Inc.": 3,
        "CloudFlare, Inc.": 2,
        "DropCatch.com 600 LLC": 1,
        "EPAG DOMAINSERVICES GmbH": 1,
        "EuroDNS S.A.": 1,
        "GMO Internet, Inc. d/b/a Onamae.com": 1,
        "Gabia, Inc.": 1,
        "Gandi SAS": 6,
        "GoDaddy.com, LLC": 24,
        "Gransy, s.r.o.": 1,
        "INWX GmbH": 1,
        "Libyan Spider Network (int)": 1,
        "MarkMonitor": 1,
        "MarkMonitor Inc.": 18,
        "Mesh Digital Limited": 1,
        "NameCheap, Inc.": 8,
        "Network Solutions, LLC": 2,
        "OVH sas": 1,
        "PDR Ltd. d/b/a PublicDomainRegistry.com": 1,
        "Regional Network Information Center, JSC dba RU-CENTER": 3,
        "Tucows Domains Inc.": 3,
        "Web Commerce Communications Limited dba WebNic.cc": 1,
        "total": 98,
        "阿里云计算有限公司（万网）": 2
    },
    "percentage": {
        "101domain GRS Limited": 1.0204081632653061,
        "101domain GRS Ltd": 1.0204081632653061,
        "1API GmbH": 1.0204081632653061,
        "Alibaba Cloud Computing (Beijing) Co., Ltd.": 3.061224489795918,
        "Amazon Registrar, Inc.": 6.122448979591836,
        "Beijing Innovative Linkage Software Service Co. Ltd": 1.0204081632653061,
        "BigRock Solutions Ltd.": 1.0204081632653061,
        "CSC Corporate Domains, Inc.": 3.061224489795918,
        "CloudFlare, Inc.": 2.0408163265306123,
        "DropCatch.com 600 LLC": 1.0204081632653061,
        "EPAG DOMAINSERVICES GmbH": 1.0204081632653061,
        "EuroDNS S.A.": 1.0204081632653061,
        "GMO Internet, Inc. d/b/a Onamae.com": 1.0204081632653061,
        "Gabia, Inc.": 1.0204081632653061,
        "Gandi SAS": 6.122448979591836,
        "GoDaddy.com, LLC": 24.489795918367346,
        "Gransy, s.r.o.": 1.0204081632653061,
        "INWX GmbH": 1.0204081632653061,
        "Libyan Spider Network (int)": 1.0204081632653061,
        "MarkMonitor": 1.0204081632653061,
        "MarkMonitor Inc.": 18.367346938775512,
        "Mesh Digital Limited": 1.0204081632653061,
        "NameCheap, Inc.": 8.16326530612245,
        "Network Solutions, LLC": 2.0408163265306123,
        "OVH sas": 1.0204081632653061,
        "PDR Ltd. d/b/a PublicDomainRegistry.com": 1.0204081632653061,
        "Regional Network Information Center, JSC dba RU-CENTER": 3.061224489795918,
        "Tucows Domains Inc.": 3.061224489795918,
        "Web Commerce Communications Limited dba WebNic.cc": 1.0204081632653061,
        "total": 100.00000000000001,
        "阿里云计算有限公司（万网）": 2.0408163265306123
    }
}