{
    "counter": {
        "Alibaba Cloud Computing (Beijing) Co., Ltd.": 1,
        "Amazon Registrar, Inc.": 1,
        "CloudFlare, Inc.": 1,
        "DropCatch.com 600 LLC": 1,
        "EPAG DOMAINSERVICES GmbH": 1,
        "Gandi SAS": 1,
        "GoDaddy.com, LLC": 7,
        "Gransy, s.r.o.": 1,
        "Libyan Spider Network (int)": 1,
        "MarkMonitor": 1,
        "MarkMonitor Inc.": 5,
        "NameCheap, Inc.": 1,
        "OVH sas": 1,
        "Tucows Domains Inc.": 1,
        "total": 24
    },
    "percentage": {
        "Alibaba Cloud Computing (Beijing) Co., Ltd.": 4.166666666666667,
        "Amazon Registrar, Inc.": 4.166666666666667,
        "CloudFlare, Inc.": 4.166666666666667,
        "DropCatch.com 600 LLC": 4.166666666666667,
        "EPAG DOMAINSERVICES GmbH": 4.166666666666667,
        "Gandi SAS": 4.166666666666667,
        "GoDaddy.com, LLC": 29.166666666666668,
        "Gransy, s.r.o.": 4.166666666666667,
        "Libyan Spider Network (int)": 4.166666666666667,
        "MarkMonitor": 4.166666666666667,
        "MarkMonitor Inc.": 20.833333333333332,
        "NameCheap, Inc.": 4.166666666666667,
        "OVH sas": 4.166666666666667,
        "Tucows Domains Inc.": 4.166666666666667,
        "total": 100.00000000000001
    }
}