{
    "counter": {
        "Alibaba Cloud Computing (Beijing) Co., Ltd.": 3,
        "Amazon Registrar, Inc.": 5,
        "Beijing Innovative Linkage Software Service Co. Ltd": 1,
        "BigRock Solutions Ltd.": 1,
        "CSC Corporate Domains, Inc.": 2,
        "CloudFlare, Inc.": 1,
        "DropCatch.com 600 LLC": 1,
        "EPAG DOMAINSERVICES GmbH": 1,
        "Gabia, Inc.": 1,
        "GoDaddy.com, LLC": 13,
        "Gransy, s.r.o.": 1,
        "MarkMonitor": 1,
        "MarkMonitor Inc.": 13,
        "NameCheap, Inc.": 5,
        "Network Solutions, LLC": 1,
        "OVH sas": 1,
        "PDR Ltd. d/b/a PublicDomainRegistry.com": 1,
        "Regional Network Information Center, JSC dba RU-CENTER": 3,
        "Tucows Domains Inc.": 3,
        "total": 59,
        "阿里云计算有限公司（万网）": 1
    },
    "percentage": {
        "Alibaba Cloud Computing (Beijing) Co., Ltd.": 5.084745762711864,
        "Amazon Registrar, Inc.": 8.474576271186441,
        "Beijing Innovative Linkage Software Service Co. Ltd": 1.694915254237288,
        "BigRock Solutions Ltd.": 1.694915254237288,
        "CSC Corporate Domains, Inc.": 3.389830508474576,
        "CloudFlare, Inc.": 1.694915254237288,
        "DropCatch.com 600 LLC": 1.694915254237288,
        "EPAG DOMAINSERVICES GmbH": 1.694915254237288,
        "Gabia, Inc.": 1.694915254237288,
        "GoDaddy.com, LLC": 22.033898305084747,
        "Gransy, s.r.o.": 1.694915254237288,
        "MarkMonitor": 1.694915254237288,
        "MarkMonitor Inc.": 22.033898305084747,
        "NameCheap, Inc.": 8.474576271186441,
        "Network Solutions, LLC": 1.694915254237288,
        "OVH sas": 1.694915254237288,
        "PDR Ltd. d/b/a PublicDomainRegistry.com": 1.694915254237288,
        "Regional Network Information Center, JSC dba RU-CENTER": 5.084745762711864,
        "Tucows Domains Inc.": 5.084745762711864,
        "total": 99.99999999999997,
        "阿里云计算有限公司（万网）": 1.694915254237288
    }
}