{
    "counter": {
        "Alibaba Cloud Computing (Beijing) Co., Ltd.": 3,
        "Amazon Registrar, Inc.": 5,
        "Ascio Technologies, Inc. Danmark - Filial af Ascio technologies, Inc. USA": 1,
        "Beijing Innovative Linkage Software Service Co. Ltd": 1,
        "BigRock Solutions Ltd.": 1,
        "CSC Corporate Domains, Inc.": 3,
        "CloudFlare, Inc.": 2,
        "DropCatch.com 600 LLC": 1,
        "EPAG DOMAINSERVICES GmbH": 1,
        "Gabia, Inc.": 1,
        "Gandi SAS": 4,
        "GoDaddy.com, LLC": 21,
        "Gransy, s.r.o.": 1,
        "INWX GmbH": 1,
        "Libyan Spider Network (int)": 1,
        "MarkMonitor": 1,
        "MarkMonitor Inc.": 19,
        "Mesh Digital Limited": 1,
        "NameCheap, Inc.": 6,
        "Network Solutions, LLC": 2,
        "OVH sas": 1,
        "PDR Ltd. d/b/a PublicDomainRegistry.com": 1,
        "Regional Network Information Center, JSC dba RU-CENTER": 4,
        "RegistrarSafe, LLC": 1,
        "Tucows Domains Inc.": 5,
        "total": 89,
        "阿里云计算有限公司（万网）": 1
    },
    "percentage": {
        "Alibaba Cloud Computing (Beijing) Co., Ltd.": 3.3707865168539324,
        "Amazon Registrar, Inc.": 5.617977528089888,
        "Ascio Technologies, Inc. Danmark - Filial af Ascio technologies, Inc. USA": 1.1235955056179776,
        "Beijing Innovative Linkage Software Service Co. Ltd": 1.1235955056179776,
        "BigRock Solutions Ltd.": 1.1235955056179776,
        "CSC Corporate Domains, Inc.": 3.3707865168539324,
        "CloudFlare, Inc.": 2.247191011235955,
        "DropCatch.com 600 LLC": 1.1235955056179776,
        "EPAG DOMAINSERVICES GmbH": 1.1235955056179776,
        "Gabia, Inc.": 1.1235955056179776,
        "Gandi SAS": 4.49438202247191,
        "GoDaddy.com, LLC": 23.59550561797753,
        "Gransy, s.r.o.": 1.1235955056179776,
        "INWX GmbH": 1.1235955056179776,
        "Libyan Spider Network (int)": 1.1235955056179776,
        "MarkMonitor": 1.1235955056179776,
        "MarkMonitor Inc.": 21.348314606741575,
        "Mesh Digital Limited": 1.1235955056179776,
        "NameCheap, Inc.": 6.741573033707865,
        "Network Solutions, LLC": 2.247191011235955,
        "OVH sas": 1.1235955056179776,
        "PDR Ltd. d/b/a PublicDomainRegistry.com": 1.1235955056179776,
        "Regional Network Information Center, JSC dba RU-CENTER": 4.49438202247191,
        "RegistrarSafe, LLC": 1.1235955056179776,
        "Tucows Domains Inc.": 5.617977528089888,
        "total": 99.99999999999997,
        "阿里云计算有限公司（万网）": 1.1235955056179776
    }
}