{
    "counter": {
        "Amazon Registrar, Inc.": 3,
        "EPAG DOMAINSERVICES GmbH": 1,
        "GoDaddy.com, LLC": 2,
        "MarkMonitor Inc.": 14,
        "NameCheap, Inc.": 3,
        "RegistrarSafe, LLC": 1,
        "SafeBrands SAS": 1,
        "total": 26,
        "阿里云计算有限公司（万网）": 1
    },
    "percentage": {
        "Amazon Registrar, Inc.": 11.538461538461538,
        "EPAG DOMAINSERVICES GmbH": 3.8461538461538463,
        "GoDaddy.com, LLC": 7.6923076923076925,
        "MarkMonitor Inc.": 53.84615384615385,
        "NameCheap, Inc.": 11.538461538461538,
        "RegistrarSafe, LLC": 3.8461538461538463,
        "SafeBrands SAS": 3.8461538461538463,
        "total": 99.99999999999997,
        "阿里云计算有限公司（万网）": 3.8461538461538463
    }
}