{
    "counter": {
        "101domain GRS Limited": 1,
        "Alibaba Cloud Computing (Beijing) Co., Ltd.": 3,
        "Amazon Registrar, Inc.": 7,
        "BigRock Solutions Ltd.": 1,
        "CSC Corporate Domains, Inc.": 3,
        "CloudFlare, Inc.": 1,
        "DomainSite, Inc.": 1,
        "DropCatch.com 600 LLC": 1,
        "EPAG DOMAINSERVICES GmbH": 1,
        "Gabia, Inc.": 1,
        "GoDaddy.com, LLC": 18,
        "Gransy, s.r.o.": 1,
        "Libyan Spider Network (int)": 1,
        "MarkMonitor": 1,
        "MarkMonitor Inc.": 24,
        "Moniker Online Services LLC": 1,
        "NameCheap, Inc.": 6,
        "Network Solutions, LLC": 2,
        "OVH sas": 1,
        "PDR Ltd. d/b/a PublicDomainRegistry.com": 1,
        "Regional Network Information Center, JSC dba RU-CENTER": 4,
        "RegistrarSafe, LLC": 1,
        "SafeBrands SAS": 1,
        "Tucows Domains Inc.": 5,
        "Xin Net Technology Corporation": 1,
        "total": 89,
        "阿里云计算有限公司（万网）": 1
    },
    "percentage": {
        "101domain GRS Limited": 1.1235955056179776,
        "Alibaba Cloud Computing (Beijing) Co., Ltd.": 3.3707865168539324,
        "Amazon Registrar, Inc.": 7.865168539325842,
        "BigRock Solutions Ltd.": 1.1235955056179776,
        "CSC Corporate Domains, Inc.": 3.3707865168539324,
        "CloudFlare, Inc.": 1.1235955056179776,
        "DomainSite, Inc.": 1.1235955056179776,
        "DropCatch.com 600 LLC": 1.1235955056179776,
        "EPAG DOMAINSERVICES GmbH": 1.1235955056179776,
        "Gabia, Inc.": 1.1235955056179776,
        "GoDaddy.com, LLC": 20.224719101123597,
        "Gransy, s.r.o.": 1.1235955056179776,
        "Libyan Spider Network (int)": 1.1235955056179776,
        "MarkMonitor": 1.1235955056179776,
        "MarkMonitor Inc.": 26.96629213483146,
        "Moniker Online Services LLC": 1.1235955056179776,
        "NameCheap, Inc.": 6.741573033707865,
        "Network Solutions, LLC": 2.247191011235955,
        "OVH sas": 1.1235955056179776,
        "PDR Ltd. d/b/a PublicDomainRegistry.com": 1.1235955056179776,
        "Regional Network Information Center, JSC dba RU-CENTER": 4.49438202247191,
        "RegistrarSafe, LLC": 1.1235955056179776,
        "SafeBrands SAS": 1.1235955056179776,
        "Tucows Domains Inc.": 5.617977528089888,
        "Xin Net Technology Corporation": 1.1235955056179776,
        "total": 99.99999999999994,
        "阿里云计算有限公司（万网）": 1.1235955056179776
    }
}